100755pzst8	2558959ba87f
100e38vdqhb	b6be2f7d02bf
100fh2ae6fq	f15ceda3685d
100p5covysw	f05cd7c4aa1a
100rt5qzx3x	481cdb9ce3f5
100xdh50u8e	b89f0992178a
10132n6zae1	93943eb22ca8
1019b1tzkmi	4f81fe719b31
101dsw5bd1e	099d443110fb
101e39wu5w4	3227bfdd96b4
101le0fsx13	a28505794e9b
101p7h019pd	d4d7f26cb00a
101zemxmpaf	701cd0d4f92d
10215ndxb9z	5fcf8a07ae3d
1021eu93uql	181123e7b93d
102290b937b	ca1c9e546d6c
1026hcxd2rr	d02a1bed79e8
102q71dgns2	2faa1f44f049
102ra55t2xt	3be00c85fa86
10352qyf04e	6da86852349b
1036bnq9k5g	f4c8c1702d75
103875b6gs9	c686ee98a5ee
1039rqw5e8n	9a3cba97e216
103fqody7yo	d3a9a815cb90
103k6e3ew7r	5e88ce1b8f43
103o1s9sb4t	f598d735c870
103pxwqo648	c2d70ca1b8bf
103tr0h4apw	0a2fe7d162c5
103ufrd9yoa	09cfc38f7792
103x2brecat	3b374d41e103
104hspr8xk1	69d35e30f7c3
104ms0zssxk	297def22a86f
104tmit8nyi	094293711316
104u4t2ppvz	c5c0bbc62df9
104ztcpbb6s	d1eb30366cbf
10596vz3p7z	1c3c36a0e0c3
105bzetu2s3	26c0b35e8eec
105j6tkhvdl	51450360f568
105qdmk1ygm	2a3d25ccb9a3
105wrmarxg3	a903628e3952
1060am1gzmz	6abc4d28c74a
10628sgg3ve	537a32e7caac
106it99ieav	d4b275532898
106v39uee3b	0b46940bc528
106xmk4tr1g	e5f52fd75f77
106ywu4rhif	aa06e882188a
1077te3vzto	37d7b31e7669
107auirr7u0	f62b581c00f6
107axmv45wk	369436d5ffd6
107eeboegca	97ac0fac7d5c
107f2hu7hrl	7acb2687d666
107hfp8nakx	2cdb4a0a4f35
107js7vdlx6	ac82f5d2c1a1
107mlewvkpt	c615e6d9ba7d
10835v9yupz	aaf32a5df9fe
108f3cattfg	797124c260c8
10926wi45aq	642010477773
109bytqfyp8	f9e6fb5e6d43
109f0n7zqci	892425166baa
109gzrgpseg	ba78a2710c85
109swqhpw8j	e59d9ec4bdae
10a12yeqan	09e60be43e82
10a8ity2h4p	24c96ff00c52
10adcr35fjb	48a971d91cfb
10agh0nbsuf	4686c9429983
10ahrgi32s6	df35679787fe
10atfta7tbk	5bc8d2c0f129
10ay5s8ob60	719acd58bb02
10b19un2u6x	c63da1a75d6e
10b2qj447xb	2185de75f98f
10b46x5ct9z	1174054e636b
10bh4y1mxiz	bba687f8d402
10bqkhongfa	ad6d55f2a68e
10bx1h2hs4r	3a71c249009a
10bxvfgmj6v	d93c08e57db8
10c31ncha17	d0ed17910a9f
10c3ew392lj	9034ed4ff6a5
10c5n7vnz60	136e59aa9e5c
10cckjfafql	e3cc57bf1e25
10csc5sn1eo	60c9764c38d5
10ct59gdlno	0150aa59057c
10cwfkl95da	ce59391ebae7
10d461yt25k	e3e9baff7bf5
10d6cu2i01	46f4b765bc8f
10d6lusgxx0	4b6bd4d3794b
10ddu9oiqaz	52d61ae7a2b4
10dl1vnxc1p	2e49858141ee
10dog25fank	e2b2be91e74c
10dx72spafu	b5e2dceee673
10e45n3ql9t	a026f7cd80e7
10e7htekun	d905cc1129ba
10eccadqfl8	c59617052a1b
10eqdy6s1up	5870f56559da
10esa97k5so	3eb6ad29434b
10euce0o6bm	2c5ee6f56604
10eur09as5	87171222074c
10ewff5dpuk	d78b487b33a8
10f4bngsujh	5e690cccbdef
10fft2cab42	8315b3f681b3
10forkyo7ig	018c41e346b5
10fpq6so4kr	4db8409bb004
10ftbxpk077	b97a9b992d99
10fu16k6rhx	4ab80567d830
10fu4ekij8d	13890d2aacaf
10fyz3ofb8h	ad04b61031b2
10g1n3uthcn	7ce8a8fbd004
10gaa9bktdz	f21106f50d66
10gamgtt9uj	884a6b1c7548
10gbu8ciz1h	5bd6d9ec02f7
10gpyls2ph	38a2f1742271
10h54lkv9q8	a19fb4b3cd56
10hjfnspntv	25b26950ad56
10hqln4vzfn	45911dcb04ae
10hsf5az13y	1bf7527bfe4d
10huon6em1f	87c2b8bbf411
10hznjv8dos	5363d0cfa8b3
10hzu5p9jf7	3f5fd1a73b3c
10i6yoavx1o	763212d39ca1
10ic4l657s4	a61cd29c03c7
10idxs2dj3d	b8ae5dd1b7e1
10imf4ul2gk	b7b947d237e3
10iqkqgjn0w	5426939fc748
10is0kmv9t1	6d440ede7b9d
10iytbnc8jz	f4df392d087f
10j4r2zpm4r	d1240b50c411
10j5kzngpn3	92b0abb48dc5
10jg5ez5e2b	a796b37cb3e2
10jkqwobm2p	e73762cb2081
10jlo8x5peb	d702babc49ee
10jmkgrcrfy	e497e7ade367
10jropv0859	1ec0178e7744
10jv2jbc5ky	18ac928721ac
10kbv6eh5w9	7ce104442904
10kc2qcu39u	2993eb39bf97
10kiidy7zvw	40380e21cc94
10kje9v76bi	a155961d6501
10kjnmb3h32	3ca6cb050659
10kqsanus8q	0670825d67d4
10kyz8qziv8	f25a314a9ddc
10l1hxqdidx	4b4e73788f92
10l2mm267sm	9fba7da200f3
10l2zp6deub	548a343634c8
10l5akz689u	e2c08a29b883
10l6vpc5648	8f039c4e64d4
10lhkuaxiln	4b6085bd3458
10lqtz9jzru	ec9c0b3ae5e4
10lvxfkobrl	12cee1b0ca6f
10lxpz87cyj	5eb416929e01
10m44f299an	9967afc2d095
10m5w3n6k34	7e59e740263d
10m98xx5oop	b6b5b7e9cc46
10mccdp7isq	f9ba2be41de4
10mcii7ckt5	cf323ded3231
10mdnrx79c3	ada7c9e7a282
10mn51e5ghq	4214e867bf03
10mujvo9g3k	47c274d8145a
10mvk2g79nv	2f14dd8da747
10myt9bd2pl	97091bada2ad
10n0cwrr764	b0f0219ea91d
10n1qc90n5n	372cd865c3cc
10n6l42slji	f1c7552e2ce8
10ndykitm72	e60a6460f9bf
10ngax4ldst	ac764af6c7af
10nprkpegin	d31dbc5ebc9e
10o0uzplsr0	1fdacf87b2f5
10o7yb9ngk	7f968f0bb7e7
10o8k2bmo0n	4917f09eba23
10oaiqa3z53	0bcedb89c763
10odnhb0q4e	82b10f7ff002
10om71gfs14	1a8e5cf47e70
10ostxic0ie	e019415d72bc
10ozgg72uv8	fe5f5280ccf9
10p0yivpsu5	47c540ed2959
10pn7jn0ler	98e96b7a64aa
10q31gda18t	1a608ac67eb3
10q97vhnpyv	dc1a699a265e
10qpa5u6ogy	c4d2184e6129
10qq650orp4	c9da47875319
10qql4m65pf	b688ea76f853
10qu50rwxbi	9fc1142e94bc
10qurarmfjf	fc2b1b7dd92e
10r0ehj8b1i	8329c3cfd146
10r3kacr5gi	b3fe5736f197
10rg5fwdzdh	d2b5bb5223de
10ruesoxyx4	fc0310e6dc2c
10s4g3jig45	6a96021b8e2d
10s4mnjhvzx	92d18c69760a
10satm34n2j	fa6a2e2938a9
10seicet4pr	9036f6de26f7
10shs3g1ebi	73f00e0d50b3
10svodt3su1	3a19e5eefee3
10sz7iswgt2	8d9603406e97
10twqjvo8f9	51dcfa2e6659
10u58t4cwfb	8a1936b7e0e2
10uaaohd9n9	950021b62790
10uzudrdbe0	3d5e135320f3
10v2tkgdcxl	5cc25f0cc006
10v6p7aagup	e1e986623b8e
10v86kq5zhx	7622906a3dc8
10vdnjo82hp	986922f9b2b3
10vw5stnk0w	10342c56d01a
10w1mf7jt4g	ec1c4ec9f8ee
10w3grk72oq	c4b2fef88c0f
10w3o28n9l1	e75e56c2e8df
10w4cltqliv	341a17007596
10w4o76dg97	6a7944d18794
10w63ug2ts7	326ceb9004ff
10wbe7tpgf9	bb9f46ccb939
10wcc8r21ls	879adf16afdb
10wcx1acd34	8fe0e20907d5
10wh4hmtmem	3ee7fbada0f5
10wjl0fznir	5fc4057ce112
10wkyldb4hh	f7b89a11057a
10wl7xxgc0f	57d48eeb385d
10wstgfzlye	7f245439260a
10wzgoi7rpn	6b6edcf2d5c0
10x5wtfbhq0	654fe7d5ab9d
10xdytyu6y1	254f160dc401
10xel6fx90p	d6859e24cc6e
10xg6ln6e53	49b68ec96a83
10xi40fbil0	8e53694022dd
10xmp65vwos	e84aa038ceae
10y3y9chdzz	9e822711106a
10y57v3a77q	7b2bdc3007e0
10y660e9vfb	8221e9c59b8a
10ys07ikqgb	561629290816
10ysg6dzl4d	79c5e462ea2c
10yt5tffags	02ff6ed2a786
10z07xa7f2k	b81117744acf
10z37d9qtsb	d0a7c7a1b352
10z3ecxr9pi	31d683927f6d
10z4wx8miog	504d4ac93f73
10z7gjp4l7a	09350d210456
10z80b5gf8o	d2e0708fb942
10zcrliy48h	adf9b8017d69
10zdxz72gxl	3cf684f22737
10zn1bbcbgs	a5af46ef677b
10zrcnatqod	66c98395791a
10ztf20e9az	a0a82a86e41c
10zz4afiodf	cf884cb55ef2
1106uefr5ou	9f254a76401b
11075i4ae6l	302cafda5e96
110lsqw0hb3	f756870e6995
110nuzaiu8m	eb9f7b492ca1
110s3hauqpl	5f1e9db74067
110sfuoz2ne	80860d7405d6
110sxlu8rfh	36957d281fd9
110uo7cauzy	31fe82251816
1111ufclvbr	d2dd4b8bb1f6
1111zdctvru	c6af187b1f33
1117kopzyg6	475ac9b103a9
111nhpw6eeo	d97a3e155ba5
111sel1ycmw	047ee3221784
111yaecgw51	73f03d0349bc
1128qjuh9uj	3d9ca80b9391
112i15w67fb	53c54d68c092
112lqb019kr	5dab1012c797
112mfvql0gu	7403d1d2a9cf
112oijpfw0p	e01d34a88013
112qrd7py6h	65216e9d6261
112s5v46q81	b7c78eb71b3d
1132ujtny2y	ff58a76a84ef
113cyayg2q7	94a9d4ce1d73
113kcy82q2n	50c5479ef3b9
113qz1qwwcu	8808fd6e3207
113twawdn0f	51a4cb4db67a
113ytfefego	5f3678db50eb
1145f40rw5h	e006f41d6464
11479hpig7u	9622986c2fe0
1148s5w9e44	4af773e93741
114c790p5gl	4c70070d4ea8
114dvc9qslz	19c3a49437df
114hb9ves0y	2f644a40d9f7
114pmkjjeyl	3b7190536dcc
114t983l78n	cf12a0ed79a4
1155tgl1pbz	add99e023c80
115a93kgln6	c5bdc0ba9b0e
115k4j03tzi	453953b18c99
115yc2hpema	24af32e2e915
115yt59o9ge	b07130a45245
11600uc0qbr	cd606f76f905
1160plt77ik	d8f14ccfb1ec
116615nqvf1	df730407d112
1166u2wqh9c	0066a9de4183
116ampwy0ae	452fac062d3b
116duwxd0s4	92f2048b284d
116i8bzhysk	6f17e12b8a21
116kq3fepmx	9401b3d625dc
116vfkx1y6	34ff00ec395e
116wvas11ot	7bfe49f1b761
117d8xzvuk7	9d845939ffc0
117f8gy7fag	d6f2f896a15d
1189cvpabrd	bf7f1adc87f6
118aek4t20x	ad72382f61e6
118affs7i2n	d3f30ccacad0
118aqqcl3t8	77a5a3388b94
118atfhzdru	90926df4ccec
118mnlg03xs	f225dd3ea11f
118n4jjzpwm	6c6202c43ce6
118pg1wmqvl	4c88b1f486f4
118svpeiwc2	017ce2363bfc
118wyc9fq3u	608a01c32bae
1193j3c95l1	94382c87ced2
119463ewzzx	8c76d4c4ba31
119a6l6r6u0	8eac252c21ff
119hjo6gn5t	07bb02a886a8
119mml2wndm	207c737413fd
119zf8n746z	0ff209a905bd
11a0d2o2ad0	370e62656023
11a751fkv8g	123376beebe3
11ahd34mzhn	e00a91ee7bb4
11ajjxvlhnd	3ceb8115e697
11aqdtu4ckh	a8cd1a43849f
11b09l177rj	e42144614ad0
11b0z64joc8	ab979938f065
11b6hcutx7q	018452670c5c
11b7ysx53e2	6b5db2d36d5e
11bboqx8w9b	75b1506fb179
11bceny9us5	0de7c74005f8
11biockb254	65004b807413
11bjlbd9if9	c67f2e796650
11bkv6q9z1d	39dc0b0c2d2c
11blvr9f3hg	f9630591025c
11bp2o06x9s	03e55d4df31e
11bqsqfjvri	26da6aa8f387
11br1ql4abp	df4f7dc2ec86
11bvxx51k21	b0a873291ed6
11bvzu9yni3	7a6b5d709325
11c2u34tvc0	425289640861
11c82drzgg6	dfcdf5833ec1
11cfwkbvf9h	79618732dfcb
11cgjxnud8f	c9e3cce3b730
11cgsyk3ab7	8bfa34867f9a
11cib9w6iy	2d0b566c0c3c
11cjmxe6yu1	2a11aaba56c6
11cqeqcybur	b51dd7d5fe6e
11cr6mja9h1	6e525f879d5c
11d2y7n9dbk	129bc3baba4f
11d60lsmia9	1afc3727acf3
11dq3siwjny	b47d17ab97cc
11dwdlsdj7m	861466ddebcd
11dwg50k3ok	eb70ec719480
11e36fgjr1v	53c42a14d7a7
11e7o8cuffc	c1ab91b96b1a
11eabznvm5m	6a9263ce201d
11ed32vvo15	4039bfdd5423
11efjgkw2n5	a26a34b9a9a6
11eh8llk4j8	90b2985e25d2
11elpd7jnfo	aa277abdff66
11elqadc5n6	0f12274f97d6
11enpp9f2ys	93182dbd474d
11enunjpy5k	6588ada06330
11eo06k8mgs	64ea11fe6ef7
11eubf9nr8c	26f5c23cf00c
11ew0ogucoo	689d5992fb31
11ewlanwoj3	1498fc11e849
11f10c5omco	f194ed5f24bd
11f1rv39bwj	4afcd4d66c62
11f3ng5flsu	7d20628865a2
11f5l5y9m43	67775407ee81
11fdedlfm37	6f305be5d488
11fhcayxel	7f967ed13e46
11fhl0d6w04	3824d557f643
11fksw4zcn1	f0776c2be27b
11fmg37bfnf	66894573a507
11forqajfxt	d89b7afca777
11fpln1fbc8	04f631dbaec4
11fvj4eqyeb	276e60154b8b
11fvplghhyw	fa991ea0ef20
11fw7ra53s3	fc163f453967
11g203wn9go	1ce288d43c9c
11g6crferjz	0ad24992f88d
11g74ypyfad	e5b905f4ed9c
11g7u0qfd7m	81611104fb47
11geevwaotb	5b9448dc30b5
11gio1ecoh9	980e4da917c1
11gp0j4kamc	b6f435ae844f
11gp83pknad	84f01acae0af
11h287oynfa	04581a7d008b
11hfsw1tn69	dd1efcc8ad28
11hhip61yx3	f4adc2430234
11hjhjidxr3	aad6f9a4ff28
11hjy9r6iru	bcf2bb200de2
11hz3kl292e	1d6e135b4d58
11i27oq37kn	fce9106b143a
11i2yfijqpb	ec2bb8b62060
11iazdwe7u1	3a9c0787ec24
11icy48qvry	b6516d66d488
11indvnns2s	e0d2c2ccbc8f
11ip4oexigb	82c9215d0777
11ip8lykdil	ada26adc59c9
11iraxhsotu	8f59c6c6c28c
11islg0ebip	8b7106b728fa
11itm1798nh	e0782c1f20bb
11j5t5nmncr	60a96cc51a14
11j9jclnhvl	56f355e46cc2
11ja610c46b	ac72ab3c91bd
11jcbl8ogy6	b97654fa086a
11jiy95lj73	cfe52c945410
11jozolmd9q	5830cf0b50c2
11jvllpe5oa	a646007052ab
11jzbbbeq6o	5d83eb4f8fde
11k09ut7itl	fd44cd02e6b2
11k82fdps91	d532b238d9da
11kdd4orq3h	8a3c5b0d942f
11kdybyz6i9	3203f459b2aa
11kh7vgc4w6	7ad8bf5e0f9a
11km0dlxx6	faac1f266d48
11knuryoxq3	4c8150e695dc
11kumjvje63	6e5968313048
11kvcgi8blc	1ac5a9a469e8
11kxpncvhl7	192640b0cdc6
11kxx9lkzu5	6a44be875dbd
11l51hkob8q	b617005c35c2
11lbm313eud	56818341cf7b
11lcixdv4zd	6d56945d515a
11lnsce9axg	2f64e197cae6
11ls9ct0qo7	367d713eaed7
11lv5190vd0	17e51243fba9
11lzf1tf1n5	9853a57e17d6
11maxcl3f82	b91f73a8835b
11mb43460oy	26459ea41fd8
11mk5i2clml	5029ce66ac27
11mlu05e3we	f3743cc7aa76
11mrhcd0oyr	9d19f743514f
11mrzl5b17k	68cfc26b43c4
11mug68brsf	70b83024a72d
11musplcpr2	c498d0893b19
11mw2hkew5d	48a6e2103ce0
11n1314tfdh	6fad6090be99
11nkv4co3zm	00051ebfda68
11nn471w3sq	96c9f6131979
11nohb2cebs	ede18207b6a3
11nor08fpfb	65654455af96
11ns4e45wr	43ada2c4ce33
11nv4ic6ib7	6ce768c88270
11nx2jlojno	dea3259c800d
11o29156nn4	c8152defd787
11o3w0hb0xl	23e60fe11653
11o6i3lqv8v	6d2eb2f14b8f
11oc3hk3ove	018197744efc
11ogr6na9og	1091ed14a160
11om0ki25c	72c7cc6a6809
11on8hohs8p	2f556c46c053
11oowb4cwkp	8631290e6540
11oug6vgb8o	27d2bfce56bb
11ov64tte73	117d53476cfb
11p04pf5jrp	7cbc51f14c95
11p5iwe8hdo	bf18b81882fd
11p7lijqa7p	88b3d1e4c6a3
11p92kn21qz	b66c24160d2c
11p9s0b74hr	9dcfd80c3fb3
11pf4l1kztx	6807d79b87c9
11pf7mzez8g	e6172a78ab44
11pg8ix4kqq	89f400e8d05a
11pguta4znk	2c1e94ae13de
11piz2120k2	e28da96325c6
11pni7yfq7t	c44066b883e4
11pqm2i0bd8	ce630af3cca9
11psxnirjqg	4b0cd13cf118
11pyx8iriyt	107c7d7529ff
11q30pab9zn	7a7a6de4dbf8
11q5fzbzr7v	d412431969b0
11qda4oq6rr	e4bcbca41cb3
11qgqa2rcoq	c45082609006
11qhops6fi8	75c032ebae29
11qi93kb1k1	aa69f567fa1b
11qkmxzlvvj	f3d61db4bbe7
11qovn16kcz	1709bd01cfb0
11quxle9w0n	4926e79e4b27
11r3emn2pe2	da5cd4429b02
11r6nx3ckom	81850c1eee72
11r9hvm2r48	c5cc24319548
11rocd21ph4	3b8ac3a8334f
11ruipkse51	f99b351b8dfa
11rvab336vn	1bfa2f9977a9
11rw2ii92zd	1dca8f704683
11rwc69ncie	fa7ac2fcb26f
11s1wqwawe9	59e025b99f53
11s3layxw5	a6647cafd322
11s6xkxnrqf	27b12bc4dfa0
11sf3lmxm1o	9c1983d54754
11sfp5mssdc	8fa6b276a73d
11sgiwr559g	027e1f5d91e7
11sgocp5a0e	e9d46e1fc2d9
11sktw9uz3b	e762863cf54a
11su7q33eph	8b9a77ab002f
11sxwtgnuvj	a93efd577a65
11t6z743riq	d7ed2a5b7924
11tncf5jlj7	f5c029340085
11tyf7ht55i	3731eb500fae
11tyfe7q9em	101d0e603cdd
11u1t8lhdk1	a1e9ae5902c4
11u30fell8r	77efc03c0ba6
11u9j3c9lz	44fbc884c921
11uiyfizli0	e60631fb7ac1
11ukg4wsmt9	9e7b95b3ea01
11usv6qwtts	44e56194a5a4
11v0x878syg	bfc336141f5d
11v5t484mhl	15a6bb57a359
11vo05ngp4h	90c6442a41ba
11vrj4w3q03	504e21d403ea
11vvd5hd3bz	debacccd8d1b
11w3r9d84cq	bc160e9aa831
11wf6iey363	1f404edb61e3
11whrcczepg	2d5440eed4cf
11wrzlrdv0m	a7aef457f998
11x2e6kuij2	07c0cbd2e289
11x8q6qi01b	58d10bc4feab
11x9ptshef1	71763a0e6c82
11xjp4fcpll	442bf5c7182c
11xvjgdkaau	9c3ed4aa3a0e
11xwcrjdydq	e53826a80831
11y4zdw6e61	d489ffbdbe5b
11y6g66etqy	05d31576b9f4
11yojb7lyoq	62bf680bcd61
11ypxhpca6c	7ae4ccdcd79a
11z44pvi5nq	4d12daac7da3
11z6gfuowlg	754741d1fccd
11zj7gylgy1	8084e63f7eee
11zkxwzf7eq	76963de79b8d
11zoxbbrd59	b21216780c14
12003mfmby2	89572cadb30e
1202241mh2n	b51afb7db7d6
12030kpq300	9b7d4294a8ad
12094gr1oh2	c03de9bc2294
120ar573rxn	f8ae20238ae6
120m6ytsjt4	9b7d884f7087
120rh2hylk8	d594a6b297f1
120veqozidk	fdb2bcf15350
120z7vqxoys	14d6ff763026
120zm9l6tyz	ba8b99085452
1210hff16t7	d9a780e35d97
121elj8oaxu	c2203e93ee37
121o43bd9g1	0fec3e95fc01
1226d82ivxz	50f3ebc7bc67
122dts7j18b	b67aa6ba6a7f
122g3bcu714	61c8c33a258f
122i5lit8w8	a18d2059a935
122rcltfzt3	ef2537ce6be9
122rorfvrxa	b2eff535e1e3
122tvisjcwo	6d38478f88b0
1237jh3ay1d	4019b9c6d778
123bztku6e6	7b06f03782cc
123cy5zbegm	4d6d34d94f91
123lm5oalyi	0c349df0e863
123wizblsuw	3bf4745e97e7
1242k4p176u	3f4dd1e8f00f
1243l191fqy	519903e5b9b3
1244yqrh6do	6e93b68de023
124h8hql0ga	81db4bc4a220
124hqi8a2a2	37ed6d0bb104
124l6uh8rzi	0478c5b8aa1a
124od9uup1p	9c363ebdc39a
124peitwbc0	8fa133473eb9
1256zkek9a7	b7db4815a1d9
125dcdxmicp	e978a1e27483
125ggilw9z6	d909b29af6fa
125hcgejsl1	7e467c30aca1
125i131cie0	1d718b8ba9f2
125tpj8qc9r	9d4c7833ee56
125x9p51uvm	5b6da5762901
1264yncubg4	adb43ed4cddb
1268gkc9wdt	910d4bb1d8ea
126a4dxih1g	ef548995bead
126gf9b2ez9	1452eacb355a
126h2qowu1b	7bf32abf6591
126mwxe0jqs	59e5bf6b5400
126tp7kv6jh	1fb8f2cb661e
126zkst9ei9	1e5925b3cac9
1276kuizq86	ef6a96de25fa
1277uxg2h7y	447a5b84407a
1279qcma6nf	a07e8cd29c91
127aa34r5j7	cf02610b2ff1
127cy3g3mml	12f016dbcb89
127im1emtn7	a3a27fe48632
127q09idl15	064c6ed2deac
127spwday2l	0449da647225
127xoskx685	b67ba1ce9564
127xxdhvle4	20e60593ea3d
127ylwirz13	9238acf5d310
1287zj5tqs5	0fc13d6fc723
128flzc3q2s	4d38ec2499bb
128j5nvjbjm	e40fdbe3ed37
128kawf0iuh	e8e5d766f933
128kdoteogu	9276f8c0854a
128r8siqjnj	5989a06c6a77
128rrwv5s6k	c5cec62d5e84
128spc7ueaq	6387cbc9fbb5
128xrf3m0ys	034d64520d74
128xwsy8hz4	4c2cca26aca4
128zw1pkce1	7fcf3eb00e7e
12917nr9aei	fd8c24572237
129262b87k6	3f40015dcbe0
1297o2gyod8	9b14379d1a1d
1298ibl5peh	28edf316814c
129d1ed1not	4aaa66b5f2d5
129kf1fvsxt	7ce2cee17807
129o8y78ibn	b7cc533b98e6
129ohtyisvx	d899a0e05bda
129qqkgms5x	ab18acf04480
12a2mj27ea3	a3f1d7ff998a
12a2qs8vww7	73e19aa1a3f2
12a4gm41cho	0808a7b71f24
12a6vr3tj8b	cd543870301a
12abbxk9s1	db4926cc2c90
12agvzdbsk7	a9e58c4add58
12an6q8b1pa	1c903aa6eb29
12anr5y74j1	de7aca99be18
12aqmhmnexx	a11771f82d07
12at4kcttvj	203ec389d4ea
12at62i6acy	cdd9142231f0
12aud2vjx6	d18d6f33c069
12av36cakt8	b3184d20b07a
12avm4cu2m	59013a887728
12b1vb52co9	04adff7145d7
12bimtzi47y	8a9d5fe59628
12biqenet3	4ad650711738
12bpxmn473p	c2418072fc5f
12bt22sgeqj	bbddcca80829
12bzk66uz5c	55bf9f3dde0e
12c0u28411l	a4ffe1a3ed08
12c3f5uffmo	fbc23d147cf7
12c4huzufwk	279d8460228f
12c4jmuq4a0	52a4f0e220bb
12cj9jf7u4m	20807e9d3339
12ck9nwfh4g	8b78ac7fb0c8
12ckqrq03q8	47a140cdf3f5
12cpmlxc3c7	d07e52377c4d
12crol9r80v	ff48d6faa6d9
12d131lxmpw	034cbd32248d
12d1dj8j7vd	055f3bd74bca
12d1iyl4jfr	d92538d90fe7
12d4k3b4yx3	e4c739aa22f9
12d6w3znhf3	3e998796a361
12dmxamqfb4	f0033769b1bc
12dnir420l9	d861059a889e
12dolhqqjfk	596259b24864
12dtgd1dsu6	bfa31fa119fb
12dw99dls53	4be03e53d8d5
12e44z530k7	a79af02f6c20
12e6wqf7kk9	6c404570aaa8
12eag65idyg	bbf278039b9e
12eskpn6a12	b7d0c8d4e421
12ex2uklizw	2b8def2fc1eb
12ezatzyykz	437403adbb4e
12f3wz7s1bs	90b5d8056873
12f5jdz1il8	9f24c362e23b
12fad8ri5mc	5f4a31970c5b
12fgjbuu0se	af769f7ec10f
12fi2a52l6o	e6ec40ee7f08
12fnc230mp5	841f27ce24b1
12g2ycbsun1	d8c1554d623a
12g3hoqocjw	538b4a4f97b5
12gvzh34vzd	cfdc2868dadd
12gx353rwiz	2a289661045a
12h0jdbozru	99c8989ae832
12h1auzqdpf	8e56d470b75d
12h25idka1a	ea84216aead6
12h3ogfvkm9	9b9203e4aa1f
12h3ujxxzis	ed9ebf627a07
12h524c5i9q	3ac115f0b8e2
12h6z3xyfw2	b9e29721a2cc
12h7mxwl7c6	ac580bb949b8
12hcvsl5061	cbec041f46d4
12hgsxi3486	ed02e4f945f4
12hji48zm0h	810a9e959bc4
12hxpk85y4g	58d6fcb5e128
12hzjlickfw	8f129189995a
12hzyi6yoky	5efd425355f2
12i2uyvnjhy	1a1c8d973749
12i4s43y6g8	6ba1ae811a20
12i5200qlzh	c17ad11c12d4
12i6tvumz71	8f06f4660c91
12ie706cmw3	45597e30517a
12ijmnwlupe	149684d76273
12ijociwolu	917eb390c98a
12iojh4tppt	27d38d83dbe4
12iw1jid2kx	c4838ab62ce2
12iwp62vw2n	4836c82cb2a9
12ize14h5ws	992effedb424
12j6wk4uerd	44c8443861aa
12jaox1q95a	254e23c1e03b
12jqnjl4b5b	bbb3f5fc4fc5
12jrhigvbdm	e70f264abb31
12jylfr4b0q	db26aa513ad4
12k39pzuv5p	c10242c9a9a7
12k4awb1nmu	d380c9c2ca2d
12kfxi2njm	e5f463b6a847
12klip5r868	255b8bef0f3b
12kv2x46jg4	a40eeb09314a
12l0ymh7nzk	76f8d3cbdbbb
12l0zpe5qq5	bdbbfedb3cc2
12l2ihdacoz	97b30fcee7c0
12l2q0m6rk1	9c3ac08cd1f7
12le0g0o6oo	fdf756cd7702
12lmnrtk3uj	6963d4192f93
12lq1anxk2q	9beaff26119c
12lsdbl3n0m	c4b9ccf5d2e3
12lsdvlxfst	59d1d5081d66
12ltgqgrqs1	58a9940f0e88
12lwstevmwv	357ef45232a7
12lyznyv4g6	7634466a8748
12lzkeu61h2	f110f24d7d15
12m6lufzzu3	875075ccc374
12mfl497izk	b388a4e89f49
12mhrekkvqg	a997d6b913d0
12mjla0s75o	03a0b636a1c0
12mvzosqdsc	63e4beb144a3
12mym526j6x	6d28b35bdd18
12mzqtvik4g	af11ac8b5954
12ndc9lhopf	9fef94da7a69
12nfjw5ofdg	b6665631ed49
12ngekdivhd	eba9529f80d2
12nkeegswqy	4ed788091eb4
12nl9oqud09	bd35a08f3b25
12nmlsl3uga	087f2ba816e4
12nmoc225fy	bc186fa236ad
12nn7zd11cm	a05fa8a93d3f
12nouxlj3ut	77181619d6f6
12ns9fs783d	af1c128e9e8d
12nyeu7yk84	ef4754e55b8a
12o9fo7ulh6	ee6af5b10209
12od9qm3noh	c94c867a6b39
12omtvkcg9h	f375fa632f96
12omua60chi	2efb14796b63
12oom0o6mkh	d73a0f52406e
12p1oke2ksx	6d8beeac95f3
12p3qa7jc0b	43b6fb74df06
12p9txsklnd	4177740b804e
12pk2x6rj5l	edffbe191742
12pv8ce94sm	baa6fddba7c1
12q6njxehqw	1060129adb51
12q9ud56xoq	d2f11c19891c
12qgxewlwbj	efceebfe80fd
12qhdvff25l	724a73a8febf
12qjcr6qlol	d57b5316bb41
12qlk6vk0j9	9481ba3e4b1a
12rccqszzwj	c7c8b7532666
12rhu6tp9fd	eb68d76f6a6b
12rhyork2ab	dd537f52c47a
12ritbq7jia	5d246c415307
12rnb16vghi	9d187e9ce5bd
12rugg4tl1q	f1d04937bc3e
12rus1fjdl6	bc83934ba316
12rz4k5q185	dea8fef2560a
12s1489tpmj	93a0edb1b107
12s3cm3pvyk	3869001f9baf
12s66z1vof7	ca4d170dd0e2
12sdg1dx7ql	3f8926f81b50
12sebduw6ow	6357a6821d9b
12sfl7yr0td	4c368c80c084
12shy6kcgka	7483e3be2a05
12si1luiqau	fc6e77be2432
12slxekrhlf	ec5e6dda6624
12sygznpoc9	968fbbd96d31
12tc23vj3du	397b0a3f981a
12tev7ueahh	6445c374cd01
12tffm2n3yn	14bbd57587ca
12tftufw2ku	23b81f88c4c2
12tidqzow4i	745d4e2411dd
12tjmsc5fme	e200554c8163
12tp0hsy45t	42fef0318969
12twpuh6aaf	7932486de24a
12u3hucqe8x	20efed5014ef
12u9mff7wri	d20aa0bbb213
12ub4eixsle	757b58da5e8f
12umwfjdyxr	c19b1b8bd02a
12uthtpygq8	f8b998aba637
12uvt8ha7r7	61c72eafcb5d
12uwyjzm8dx	21166713a627
12uz0jarazv	30142997644f
12v1ds54uoi	ace8f12389f2
12v3ikf3881	6b6dc66e2be0
12v3ncyr4y5	30ec9c120668
12v4jkh9avk	a0a41b62137a
12v4rpjfsmj	1a8922bb6a97
12v59n1dlwt	5924b85ab4cc
12vakjh090y	4ad37bac3353
12vaubeiawo	191bdf904506
12vbdcgcpxh	cb27566cc494
12vdjyqkf12	c33fa0dfe5d7
12vlvg525ck	cc56278b219c
12vq7zx41yz	07030142ba85
12vvxbkhfuc	22c9a6cd13fa
12w4hdggqk7	4b353ee73e05
12wpljafnqr	afe51afa36da
12wvcbn3tsp	5667c87d997d
12x11m8iadb	d6c8c331bba8
12x4sz2k1z5	a7d03871bfd9
12x8p5kgjqr	4bec680fbdf9
12xjnegmj2u	0bae79915b41
12xpqzakaso	2c6be71d550a
12xr3p7igb4	972a41db291d
12xund42hnz	56b00e038d5d
12xwnl9zrfh	9e87836f9f40
12y0cntt2la	dc93912a6e8a
12y2jbmbfgz	24bfbd56e3ee
12y6ebs2c97	5af45ea770f6
12y9p7em32t	2b825dc27c67
12ydaxi76be	ca01f0b969af
12yxwfh2mo2	72d32b2c3fff
12yzdpe3zz	6843e156a063
12z2cubqdv	af1fc68c22cf
12z4row914q	895ebe247055
12zfjh99z8i	f5b5f6f15dc3
12zhwsewyk	b50b00397ca0
12zipdihw7d	f87d00101dd2
12zpr45hupc	2ec6d904b2fe
12zpte8cfgn	b249e2abdd36
12zuoe6ed9w	51e03283bc96
12zv0mrqbcr	1413d9187f44
12zvl3ger5n	2c2c50d6139c
12zz5lnsvb2	0a451c4e384e
12zzu0xfk69	39a6ecddd043
12zzz2sq08x	cec10cf4b085
1302oqpr0gd	ace621caee3d
1303ts31apw	cb18980d1241
1303wzlfbzg	2073e981345a
1305diep2fc	8f74e84edb75
130c3pwzowh	f008d0f50b6b
130dc8xgte1	b25378a54093
130dkjxf6px	e2d5bff8675c
130f8j38nu9	5e77b9c90659
130nd4f8r3g	9411e51ba856
130nkadt01x	dcb5dda24549
130s5qzwdut	38f50be95b1e
130wcwdkq2x	5b67c48fffc6
131c0bmnfqc	324fb295b391
131c1gwtuq1	5231ff28d38f
131fvmab2r1	e29617230bea
131s73n7ny3	b5debd25200f
131uiadoff7	874914fcaecd
131zxm5vvp6	8ed85a3f2278
1324pxj6sdl	d4fcb589577e
1328htb59u3	2cd0065b7837
132dszt8zn1	c21b5067835e
132eu48lrrb	4451a33f22e8
132nzdfjuna	13d011d01fab
132vfsd343v	c34254082db7
1336pwm6fnm	b6bd44a2fa52
133h3wfh2kp	57fab8651c9a
133h9pb4ox9	248a9c48ec1e
133lpvwrqg3	8962f4306b52
133pqruup7s	2412f567beba
133zu4c1b3u	b97a053d203e
13421zs0vpc	de27b0b6ea7c
13422ey92go	2434b42cd359
1345t8nvbwb	ad2e6d66f1b5
1348soxt3t6	ae88cac68a02
134bi10xi5n	f9c335a9dfdd
134c6uhp0nd	2448897628d2
134nkpzmvbu	6643e538e1e9
134vndw64ft	2dfd3be69618
134wf7gkvx0	b7ccf15ab1b2
134wmr9n8qm	f20f7cafa98f
134yv96fftz	ec5b9589292b
135789wc9pp	59075299c8ab
135c04x64ok	67b59f71460f
135j1sdfod8	5cf6b5454a66
135o13hz9w	97a098e9911e
135wgy6wegg	a7d9cf9c0386
136758qjbzp	ea45adcc9f1b
136bo4wak06	90dbf5a6bbf9
137f3nrjaog	d66804e89b5c
137hki9shp3	304acfec0f54
137vokoib82	e523c91a47ce
1387ef7z6m9	2f2e1f5326b9
1387hlvv2u6	f872a052315d
1389dds5xjc	e5d59f401e69
138h45jl1cr	7ed0388a50ef
138jm1eysr7	7e5c5531b205
138kmnefbc2	c371ff9d2cb7
138kx5m4h4s	fb527d1e023c
138sgnypkax	d72472f7c7c7
138w3lm95ne	d03e8928be47
139895n1dqu	0010a270f491
139hnu4rgel	23138a0c8b55
139nwvplxcx	eed9aba2e281
139pl5v3tys	495f49c90437
139qku0qxqf	570b2217b87f
13a1fuqqm4y	ca64892ae8f7
13ao7a7n6qh	93ad558cf5c0
13ay2l2fhen	b5a93bf3ea56
13ayhh8yqmm	f45f6b3ad12f
13b4u983eis	1794fefb529e
13b6s02yq6o	6d58dc9010ce
13b7sa7j5ln	3657a65bc459
13b8micjet7	59db5ab1efee
13bi91odgsa	041361803129
13bp8699x3j	cd9cf5c70293
13bx1fl55m8	e2309169fbc1
13bzl1618xl	1cc50a76efa3
13c3d1cff12	a5a1a924f459
13c6ddvg1cb	afd1d56a6e16
13c7o84bngd	1a1bc6848c80
13ca8v8twf2	7a5c734c32f4
13cjl0yrwy	80e140e716c6
13cpco2wedo	ab76c85705b7
13d0gx34npd	e7fe714db56f
13dh0kjrpyg	438a2e2dcda6
13dp3ps4pv9	f33eb848a52b
13dsq19w3d8	5b554ececd69
13dwciaa1vv	b4dc953aeaae
13e29lp8cgh	3422b70b751d
13ehm03hsn	d38f1bfadd54
13enjc1w5lp	fd849762ddad
13eol799ldx	f1c481aea0ef
13epnctwhtj	ae48d07e4b13
13eqjzzxm2a	b6bfa81e28cb
13et6mpftuk	cd0782376852
13f2rcia9e3	8c004a6ceb85
13f63lyni73	3b7d754c0005
13fh2pog5be	d82a1c021a90
13fjwbl46pk	7da358b608bd
13fq7dfsbaq	c8f612df7fe5
13fqtqjsbud	b7b5ce86205d
13fus6p3fgg	54f9761a2d27
13fva3zt5kt	77113e170878
13g0z110s2h	7b978c3b5dd3
13g34zp4ip8	64678c598a64
13g3v23jca9	5554228acd4c
13h1dlj2fas	f276f9eb9f99
13h9x5qxctt	19b61509c8ed
13hhzfi8xcr	2defa7bd1bfe
13htklsv4s8	835b118c0b5a
13hueivp6qq	e4c5c11bc7cc
13hul9he4hl	af467bce409e
13hyx71iwax	bbb25d0c8b3a
13icpopesgu	656faa879f5d
13igd84vejz	a3854631439c
13ix2gr9vrw	a22cb90b9f71
13ixnbzqvbv	3705f411edc1
13iylqxtoht	a72ddaf9d76b
13j02easdr6	bb0243863c8f
13j0g1w0vvp	74626d0b8f67
13j1nqbbyba	32ddc797463e
13j6gr4x8fq	db0dc10e81cf
13jnol42183	c6f9c2d44ed0
13jqfgh2i68	201660ea3484
13jqkowivkh	87d9584e56a9
13jrwonwfj2	6f775babfb87
13jy7szf382	8b25ee15613b
13k38lpmq0t	01208fa14e85
13kcu2dw98h	de96e30ffb05
13ksf4k1o1h	7766c2558e2b
13ktt46dp7y	f63b451b9582
13l2twyyrg8	222dc3003e47
13l8xn5x3x	2db2885f4c4f
13li5ndlv02	61bc3ea58cb0
13ljnitfmiy	85e12e2b7c3d
13ljy10g65x	fd1fdbdd12cd
13lorud6uta	05be4678b640
13lr7paazlw	8babeed22e5a
13m1g5fh657	c055ba962b6d
13m6qjy4hy4	4d3ec69fc7b0
13mcuv5jf6t	b8c6e40540d7
13mhrovl2id	f855b6b4ca1f
13mi7efmfw6	e98fef318e66
13mq1g8y3	421ce8192ad9
13mqte6u2p2	95c4c5caccb1
13muuk42zei	f629665724b2
13muvjfc7xa	d20c23c9d985
13mxypqa954	85d8265874e2
13n5968fdlq	252e89e38674
13n5xy20wlb	9aaac09f6ce4
13ncjfrrkh2	95b01de49af6
13ncm841prt	1eab89fb70f7
13np5bpjtx8	5daa90c052b5
13nullbrrg3	968fa6f77b5d
13nz6yexy1u	82a315fd8c90
13o1lpm0d42	5ad426e72ffd
13o5l9z6tqz	0fe8a7052504
13o71p959kq	18224c8f9f3f
13o7lfep5za	06b846061bd0
13o89au1c5j	2849213e7916
13odtoqbx4h	2bf30c49d65e
13of7q4pjdh	73ba995612b0
13oq1kotdn1	fde39c3abba0
13owgr269nb	049338a2a68b
13owhcu8jd6	d2e87f2786cf
13oy4fy50wq	6f2b96e5e780
13p18hogrzy	2c1540f4af9b
13p1g8h78jp	b46bbc9987d7
13p3bpsjdnu	84061ea15f06
13pex3c3hgu	d0f5ef525d49
13pohl9n77b	1d0c2d8320e7
13py7e3x4f6	3de29e4babce
13pzrqxo42o	ca01a4915c2d
13q01b6mqp0	742c5c0cb18b
13q8xep4xvn	cf7bdb615d60
13qaww6kldq	b6b014d93a58
13qecz3pagm	7e3064d02467
13qf01d227v	7e0b77d82c6c
13qgr4q80wi	ab49a75958c0
13qhh8a4vdc	0832b1d66ca1
13qrujpzmp7	bfd37737451e
13qugkbhx5q	a928b6fe1d55
13qv2fviq1z	d4ac61d2554c
13r2m2n31q1	89eb2713c829
13r6kcs8i3r	0ba698beecc7
13rax28n9db	6a25238bbd8b
13razi8phoo	7d1a6e47b07f
13rc5pvy8ml	b0e471b89328
13rcd8smiyi	e9af5a88fae1
13rhrb8xuq9	9ce5f6a917f5
13rm1w6b8mj	ef1f7b5faec0
13rn00eaoev	f189820a613e
13rui1rumot	8f62a72a082e
13rushbl1y1	74b8f7550758
13rye4veajf	c18f58eea2b1
13s1belpvpj	93a1bba58656
13s4y39ym64	26f553b1d88c
13s6dn4vb7z	b83f338f3ba7
13s6xvaexvp	65e6156d98b4
13s7mmo88pw	47705fd30eb9
13scmgf6mzw	3f0124a7dbf2
13shk8fum7j	70d18029614a
13skvgjh9ze	40e1d0eabcac
13sl13hiflg	483f560b5f4e
13slnskve47	4859ef077461
13ssfp1fu9w	74d1b954abb5
13sucn4s11f	64b7614f99ee
13svveor1u9	bb461d3a3566
13t7721gto4	dd73fa54b35d
13tc8ot3i1t	7b947faf2307
13tfpeoua1v	59f04c032c54
13tj7w2i7c5	aab101b3dd48
13tltiu1v44	8cad2bbb8ffc
13toqh02nvm	df42c42016be
13tp27ixk9g	e34ebd9b2fd2
13u6vr2y0ak	dc440a0d96cf
13uc7oe57iu	282118e99868
13udwdwc3q3	c2b3b38f135d
13ulwsffdho	bf2419bf62bd
13uwz29nwbz	679293540678
13uz05pw7z6	384588a83f9a
13vbrir2mob	96e6b67eab43
13vm3o2145l	fca9f090ac69
13vyxcdoazh	496fd16776d8
13w5rd663k8	76bc98d397fe
13wk7qmdocr	aadf76365442
13wufquj21b	c9fe8e59c49c
13wwc69jzem	a3176dfea393
13wziftoega	d947bb674824
13x4i2sns6e	a29a5f8baad9
13x966yuckz	a01aa2f208d6
13xaapmw8kz	4c08048d8fc0
13xjisg18en	7d3d7ef279f9
13xosfyioh5	59b65a764913
13xpwc6r31a	99b6742093eb
13xq4cjerjh	9262580a7f01
13xqbvqmngn	596258f50de6
13xr24rkup5	2714297655fe
13xxluu8e28	fecbf27cbe22
13y2p13hjwh	cc7eaa3234a1
13y5ds23cn0	17a771d210ea
13y90kuo8mb	8eda1a405788
13ybkj5t7zr	3aa1ee27bc77
13yytrlt9zq	7fc9807f2d22
13z39eehod	92f4ebaf330b
13z4527dbh6	9b70664dcdc7
13z547rhicn	d8b85cbfe5a2
13z6yus1951	1a9154cbb1ff
13zb07uyc6t	89f9211a2ffa
13zfnhsjh3z	f88a2e6aa269
13zrhbb3n8h	defa3a618f17
1406g9onejg	6e049c528519
1407y30yyc1	e5f322db8581
140drah7d8r	c4c74a198cbe
140ezm9egxl	0c4f8256ebf1
140g4rj350e	8ef2d973973f
140v4c05lln	15fe9ac7e6c0
141164uh1u8	ea740ad650bd
1413o5dhewf	7232a05323e5
141cnwvd8r2	020978709bd6
141i0payinx	8ade1b666245
141k6vewfdj	b307e4ac4619
141kwjcsiw9	a6e02c9c4caf
141mpxd9qc3	b8d060299330
141qq1vika4	4cddd8df434e
1424gjjp68c	c860d5f47717
14266liha14	19ea76b3c39a
142dzgavs5r	b1ed5e5cba36
142j9ru1ft	3be14e7d5deb
142p8wmdobk	ab623cc69ec8
142tidznab5	c37ae1e36459
142uyd2xew0	c94ea06a4325
142vb7pxru1	5df99c7584df
142wbt449cn	9d5ab03f0cef
143033a07pf	d559baa672e2
1438jjslln7	9a36aaab4377
1439xh9pqf5	e6477cda6f3f
143aswc45wk	f1d00bdf7fec
143fzg137ta	2cbfc6196e47
143h79cqs8l	e6e747bf36e7
143m5z8dgvz	ba1f5009de2a
143oto6k6pv	a30ab6f31d97
143p4b3kadq	bd2962405ab4
143rpnqv2gd	b31cb5153fda
143slprv6g2	b93e0b195e93
143yv9riw1t	98110a5a8461
1442kwc89li	4a82397374cf
1443uhnv78l	087f33996b47
144602k1gmg	5466a9157905
14461wzvwpu	a0eb498c3be7
1447da7n4wu	8a3353dbc20c
144ehmv794x	4bcec440bd16
144jrzj1aic	f27401fd7d98
144zxhlc3yk	f3d8cd0a6a46
1453j6i2hiq	4ab08620dece
145dyw7lict	dabf01e45fc5
145hbepabrd	d1d8609f8551
145i0redr8q	69972dfed8f7
145i8pgp8qj	3a94a4c68d6a
145kdswjwum	5279d923d3ed
145kmq2rb21	89217d01522e
145m2pm2aiw	b1d408c9b087
145mkefq5nf	ea62bf592f51
14605x4mcgz	cebf9f3ed3f3
1468hy6aeqs	73f8551c7ff1
1469731bcgs	dd8f3f5a46a9
146bbjkzeib	5094f8b2874f
146ds224d8j	b1122e4eda9a
146en35hel8	bcc8fd8683fb
146gdy1p2j8	feb9ba0bf3db
146mmbupe3c	a8f100d82612
146oads9fvj	f44c21bbd378
146pcyc9icl	a5e6ca3843a0
146zoajza7b	2342acc6562f
1475u7iodsp	14754414be88
1478y46y49e	2c24e7cf73ca
147iwhobcla	5dfd377d94ae
147z94y3qw3	077c06e03913
1480lwrp6ml	bab00bff52a6
1483s6y6ibu	95029a108692
14870bs1yy0	be4939a3a542
1489f41ck60	726f6ca08b3e
148bemefmdf	6ebcbb4a2b0d
148c13iunvr	ef6e939ad2b4
148i2utwl6q	17187ff7abf0
148jlfi6y7c	01a6a226c862
148lfp9s66t	39cf03a3fb6c
148vddsdkas	52922ebdc377
148xy0w06du	b7114ab1af18
1490mh9clsn	0a4d318bd5f6
1495bjivya6	5883ecd950aa
1497llyn63m	47c9e918e8d3
149bmx7i6pa	3b97e66436da
149iee52lcp	83a828c308f1
149jwot63bk	f8ae8d4c8a01
149l4fw6v6w	8ea337d1f294
14a2inlmn8y	2bc9b341b2d8
14acb5vrbls	1a939a05de48
14ahegyiyy1	07ba5384db31
14ajydc4br1	4bbdc6aa45b9
14anpo6obzk	e6af1dd7f033
14atbfmt125	488f48211e05
14bao7z8xxk	af04b7ae0d26
14bk2l5sah5	046d356843d5
14bkrqxzcqk	305eaba1e7d8
14brrfp08tf	82e4114764f5
14bsqyx6dqt	929391651e77
14bz34cpenk	188b4fcafc7a
14bzdibsk2o	86a0b835fecb
14c6bfaq2n5	efdcb6450f99
14c7475kwzj	34117eab77d2
14d18lcd529	d3c6777cb1f2
14d1nii3fwd	5e94827deb11
14d393xekni	1e06f2b0b414
14dia1ldg43	edf2f9a03681
14dn8zaf7f6	3511d2da3596
14dps4h31au	2b91fdfa2e04
14dz1q2ecpr	7b23cc3bce0f
14e02ebdekg	a3b87ee741b5
14ejbbpfer6	438e5898d5d4
14emidr1j0d	2e89c8644a45
14ewl09vphl	e510f3571d11
14ezvccv6a2	ad05b1cfc20b
14f0dg1kfxo	35efc8e5f60d
14f0mkbe9v6	da07596a9f59
14f9yz28na	14b06e2dca5d
14fjqqy8yit	11644099c7d0
14fmgzjoqdk	e1e308dffa41
14g7d3nnllp	10db60c7ef4b
14glok8iqhj	705338c0e3f6
14gm2i0n8cj	2a1fcddc7605
14gqc9qah71	c43659bc1e64
14gufwvwywf	b4faec3fd50b
14gxqrjifxc	7ed3e2bd304d
14h9o7inhcy	fb85269c9449
14hajno95fh	298e46c703ee
14hflbfzrkh	bb9c5712d317
14hgt0xxre0	1c8d2f0c4a18
14hquvkm0ey	e5ebc7592b88
14htu2sx68a	668acfd41d1e
14hxujp4e07	795561f4c806
14hxzd3onqy	55f0e9f08c05
14hzdb7xdm4	1069bcdf59c3
14ih3lpdoxe	fd6150aec271
14itfq5u4xe	6fdc37d2306c
14ivss0yd0i	74a72b4bb0fa
14j0eyfaa8a	9a34e63b2337
14j4w89x7nu	ec8544e9718b
14j5h36vlpu	894351696211
14j9glmpd3b	d6a78862c873
14jt6gxmp87	46b9e6b8e747
14jzjzhgo9d	adee1da7f7ca
14k91rs9ib0	7d73e62e6ea2
14kh7y23ki1	abc9e043f98d
14khvmotfby	c62af15e4c1d
14kicz05lle	962fd7145d44
14kjg395p5t	9121ba61bc65
14kltkglo5	db6b885bc658
14kxw69ftoa	b32789ea1d91
14l11du3ev5	88f3376d0814
14l154ucbu	2fe0f4ee7163
14l1xt4ngok	2c2edbaad3bb
14l7tqwzrts	f41c18da772a
14l9hk3fnck	cf3a228c411b
14ld0cx2ncl	50f2e187e816
14leh61k4xi	5367b594af7f
14lh3nlapje	c6fca302949b
14liaxfo78c	b66a06ba2efd
14ll9cyp5xr	121ebd9f4658
14lu3mn6cfz	c8ea22a01687
14mbu8gip9r	57e39489afb2
14mcs7f5ui8	8ef7e0f1eb81
14mixzmq6ts	7ad3da841b97
14mk2sz0lvb	c6a2e49fd352
14mp1r5b58e	27819b435893
14mrp9at6xj	bcc3b90592ce
14n57qt0xvj	aa5278590733
14n5quytgwb	b45c856a0023
14n5yyiw6x6	d660f765a80e
14nn3s2amse	48686de52126
14nofsfjqsf	457642e4c38f
14o3ubjx6ma	2088f4f8ca0d
14oa92gchee	af73dbb8d035
14odq8kxkkg	ab5822379492
14og1ipip45	8a6a85978379
14omtwhsr71	a489ba5b7f17
14ounfje653	7023bb0f67e9
14p31q7o4sw	20d502ff996b
14p7j1yjuvm	f130306dd10c
14pcpswhluu	7209752b5d3e
14pedc396jt	cb0087241e36
14pevqp4bjw	de90c8858718
14pfwcwf52z	31c5668d0a7f
14pfxsnnomv	59c0940751a5
14pnf1zdkb2	9b25ef6d00f0
14pnkyciulw	3937a1975940
14pqig2skuo	b98a175defea
14q0fsx3yoy	264ba443bcbe
14q2xvubv7k	59fd74afd00c
14q4bee7qdc	86b3de0cf79d
14q5zl4t3j8	1af452e248f1
14q6dboajld	d20073d2cb71
14qeusqpddf	aa4eb3f1c7de
14qtnxhjhwh	933537032498
14qudmn0zmr	36af18f5f8e7
14qzz4e4dnz	ae1417127a69
14r0p9wv8a	c63063b22aa3
14r5nq5vj5a	c0f01de09b73
14rm9myi5k8	e8a62db9e200
14rpovx0rgl	6de15f31c76e
14rvtpb5euo	32f2dd77c682
14rxdh1aw9r	d399963f3b1b
14ry9rw3w9q	c54d1d618525
14s1csvrzbw	6af33f5fb11c
14s5rq12oyj	af1ad0d56c7f
14s8sshwy1b	bf6675bf2438
14sc1fl866h	f4ae636171d6
14scge3jrhm	f18ae4d58af7
14sd7hlqxt3	716044dbb866
14shj5lvgzl	4938a8781c62
14sohr1mwo0	a5eb4cefe70a
14sq7akgfxa	f5029e40b290
14swu5ce0z5	cb04b06e6bd4
14sxf45jj5	9605703c2d87
14t1dwcfl0d	c7a139791450
14t4i4qtpqz	885268dfefb0
14t9ib78ww3	61ccafd8d03c
14tdk201ivm	eb64c468c7ab
14tg94biuqd	2d17c43b73d6
14thi6a80qd	d49a39b11f70
14ts3yzc5ku	0d512967568f
14tyx4q6ean	1322b3769267
14tz6mhrc0p	99012710578c
14u4i8i5mhg	f9eaa94e724a
14u77ohlkfr	c1c85d70c03d
14uac539unh	e631e2cec300
14ubxbs0wyy	d954fc4bc6bc
14udm3y7pu6	f9b37068cebe
14uelviuc8x	16b88a18cd43
14ulfpxlykp	740b223e03f1
14unan5mj72	6d4fcfb3efd6
14upkwf5rk	bfe7c3bb1697
14uqdq7jz2n	e744f98f737f
14urlmd45pp	b7bfb25be384
14uu5ff3jl7	45b40d9f62fa
14uzegwiirh	631bf4e0dad9
14v28t5ylm0	4180193bc3b2
14vexlrpjan	fd8ff35ea96b
14vh897gzr2	f7a5eb3f9811
14vn3c1fibv	ed5ea6203e1d
14voi8nigc9	20025b5897e1
14vs30jn2ps	4bcc0ed31766
14vtazqy4bw	93fd175b8b56
14vzywq9x51	8990748d3d1a
14w049508m2	7befa4723fbf
14w2yr13ahx	13b0aa0cbd8d
14wd7wh9wuk	c9acc033b74f
14wp3v6ujvj	5dda66f0bf90
14x1ft64asj	c74cc73ad49a
14x66ozhovf	58a6062c6485
14xgl9cefv4	eb279735b17a
14xjlni5bk7	2eb677ed8078
14y4yy7kpgt	4d304214cd2d
14y64q36ovr	c9d05ac24f16
14y6g1luloz	3e44d968518f
14y6sejrsu0	924d3a1c2162
14yjaqwb17o	f116eccaa39a
14yycaovafe	f76ce63bfda1
14z1a7e156p	2ee250c91222
14zamsue3qn	a28eb7548b72
14zqzsxngc9	2a729b7724f3
14zx47tssmw	6bb55da730c0
14zzegtm3ei	f583f13dbb6c
1502e5koskt	df056050a7ae
1503e6o1xxb	7901682cc44e
1506cqlkfnb	e42eacbb474f
150ebaipoy3	e30538968a4c
150haq1qbjb	d9a42e6be5ef
150k01ej64r	cd7598ff64d8
15128a8ectu	fbeba998b1de
1515ypohfwf	bc822bfd1af1
1519srebiq9	67d3144d3f17
151cfxcaiiv	2a28e74b1b4c
151fwsenryz	c5cc54b4de26
151irjy1sue	d218f685331b
151kwi55phy	a71b123d7c22
151lay0vl1b	5a06dc3e8a1c
151lwzboyif	61ca838ac7cf
151rjjjdyyi	1cbbfec01659
151w7llhp82	b29b5f7da95f
15222oh6dto	68fa1ba59a4b
15263jo00bk	9fe91d701022
152962d61th	83ff4ae193e4
152i68tdc95	a586c0493980
152kz8mc55l	d7dc7a457ba9
152vxuhe3vk	674a03d4f7a1
1535ooknf2	b7ed63c47134
1537n8i6tpd	35050715d24b
153qp1ev4dz	084837e037ce
153vqvbe370	da55a25ed446
153ya2dggrb	5c28ea087fd7
153ygzq0ony	95ad2675602f
15423qobvjv	d3a4150d0cbf
1545cwg9180	e070c7808df8
154g1duuz64	c712cc87148a
154p31f8xca	677efa7b4217
154u2ap95i5	d89126e6b705
154ufeg6jy1	e379b22da67a
154xyhcndfh	ae5fc9d4b00a
1552fetp67z	c24343fdbe61
1552mokkcix	a0483d36eb29
1557cw14to8	85035b0eeced
1559uakt1pz	86b256a06782
155bgcbjnfv	2e3c1c4d5ac6
155by4ydi0v	3b101be9dd40
155e4g7hu8f	9f6d039cf600
155guccxpmk	04090eade5a9
155ht6h58y1	f37827432702
155thaahwol	abf861041c7b
155zmahu8t3	026e2a915ab8
1569pthl1xm	268323f9c95d
156fifvwore	17af2135b4bd
156izsqdb3q	4aa8be36fd92
156jgbjmvmm	c0aef1991497
156k53jvykm	0543784c2fde
156lhvibtlj	6cfd1ae7c4e7
156qvv2cd33	bf767ef76c14
156xlztxasz	c35352170331
1573yi8ja98	e364b139efb7
1575h5o5y3c	aaea56154b17
1575zk9ygf6	23e371672b24
15779wqkyth	d3ab23366500
1577vl0fe8a	214cb1220abf
157e2909a21	96cf93a182c4
157my2burkm	2b450775603d
157qhkkr0so	fc944394dcc7
157tufk0t8x	af99020dfccc
157wt5lopo8	0c4c4a291130
157wwb41tl	e04fd2e3cb90
157z3supwoy	33503b34a922
1580htkyc1p	86f8e7588fb9
1581v0gtch1	aa12e0c6d1e1
158aeqov1mp	596417729310
158c7w9nnez	112bffeb9b68
158g7zcdy7f	4ed3a92d751d
158ginb72w9	f36700dd587d
158tt1y5ppb	0250005af80c
158ybb5vyky	3edb070e097b
158yqbj57u8	237257658d22
158z0h70v4v	facd69e47081
1591h7wrirw	b827c8f9914c
1592jr5c66u	ad8f92ba8c35
15939pv3aoe	0dc08893f4e1
1595hq1zk68	18c18f6f06c5
1596xcn64kg	0cb53986fc17
1597i22txus	a95d88f10873
159zv2mfg2o	6bbf160ec4a9
15a48xnhwr8	a266cd9be698
15a78jf0u0p	6bf1923f2085
15advnmaol5	683cd6bdc2d0
15aewjexfol	91e0174d16d0
15aqklm7fi8	a064de141ab0
15atmsyvqcl	39b0e1bca958
15b1ae6l9wu	1a969fff4e3c
15b271pu9le	bf279bc95032
15b2o652l1k	90c566ae4ecd
15b9o8qq6fh	bee8a2b58d0f
15bc4vn3a0v	a35404ae76d5
15bpmd6ykf3	585ddaec0c7b
15bvu17eoi	b7940158c075
15c2nh7mtqs	3bf9e75749e2
15c3frlur6n	5b6c644af224
15c4umwcll5	a954918626d7
15c5l7in5cf	46738c7e5f29
15ccq20o663	091b51adcc1a
15cp2iuwjuq	9f27e3064e75
15cvvmoneo9	7bde7864e963
15d3iml94fj	f5a5b5464cb7
15d44c996d9	d34351233051
15d58kyw6v3	6391a0dbf052
15daltggi4p	198123a63366
15debh2nngz	f60467c24e7b
15dm3okwr16	5e6bb07a95a3
15dv90etib7	92f9cc80a472
15dvh17f8tq	96f093d6d216
15e0m289tgd	89712fde46f9
15e1x1sdirh	8df19c6a9c6b
15e3ugep168	125039e1bffd
15e3uj9hh96	438cd13eb08a
15e56opccxz	e07d279bf719
15eas0plh2p	3ada3b22a3c1
15edy72nh03	849bbf3f586b
15eeb2uso4d	156f581f1a82
15el8j89dyr	79d2e67ddbf1
15elnlygwy2	642d6ec75442
15elrv8c807	444c6659cf89
15eqvsm3btq	828d6827b7db
15evl18m9va	7a42415e092c
15ex8zk5adr	3bd9d53df55a
15fbrft1ze8	2a3f2060da24
15ftvvksz2t	b6c5eccee1e6
15fwsoq6wib	f926f70148fd
15fzh08yw7g	8c40860c236b
15fzyca7ryz	5b54010247f1
15gbll9rjrc	4d630a1bf5f2
15gbphi6hol	9a55333f08c4
15gd9p6famu	271e1ed2482b
15ginjej5rz	4f92b4d3538e
15gs74mkix3	f973c8450f21
15gsecrmfp	3b251af94820
15gvws0e2d2	bed3e11d6129
15h0asuugsu	33d809849c23
15h7bpj50t4	18b3424b85a5
15h8l98zvu9	95b7efad25a1
15h8z1e8w1e	6450d07009f1
15hi8t2sx9y	61519667436c
15hm43yj7l8	79e2b303a160
15hnocajpjm	f93f349a06a2
15hp7djqepj	0fd1dcce46ed
15hpfusoyi	9f071b9ef129
15i420ibcms	8e7b4e5bb1f0
15i5z26ppjy	4ffc72631c9c
15i8oe3su1e	e832c13f7092
15ia3axj9hn	1a48021515fe
15ibaqjkn35	5594158b9a5c
15iel6761qq	3700d7e76de5
15inxi3rmnw	4f6afc41c5d7
15j04woybrb	2a167a68d07a
15j101bu1dq	67ccbe749271
15j1h2q6d6r	487f562b81f6
15j2cxyc1b2	c60bc0834fa0
15jemijt7ua	287591977580
15jgt4syxdg	2fbfc32e8b9b
15jn37umx4z	efe8e27494c6
15jqpfobbp2	6e270de89177
15jyrjnz71h	35013f57a80b
15k10qdyk5k	c85ec07cd4d9
15k4h2qqwb7	3246dfe5bd12
15k6g97fm8e	c43a0d4615dd
15k6s7i85qt	6435f9e3773d
15kbkw3io7p	6f867d6d3b9b
15kc1zkjbgr	52582a36a3d8
15kefzjcl9k	723eb7edde93
15kemrccs6h	e3b6ddaa0ba1
15kf1s18kb1	9e4950eed743
15kmvghdv86	9b53ef4f8881
15koisbvjmd	d3daba56b9fd
15kvtk6rokz	6bd280f84176
15l0i7hor5j	2e57ad59f2f4
15l1yitwwlj	69abf73a35eb
15l55r2vmvg	f5e41c8dbd53
15l7upq9ltf	2960216c75a3
15lavadhocu	789d88267b87
15lrehun2to	bac41fb554b9
15luozro8gr	27beb1539d2b
15lzte4bzk3	65c6cb5be653
15m54d0rkp8	a802dfc7cccc
15m7nwp682e	5ac9e19a7298
15m8ysz3ci2	6b25a765b7df
15m9kbnutra	5b10ccbcfc04
15mblnh245t	ef087332d50a
15mmvs9gko6	3f5d68311c76
15mxm7y0cct	48d13bb32a79
15my0zycuzl	e9877bbe7da1
15n4bgbsdsd	160671824a91
15na2799nnd	0be54e49c246
15ngfnx8y9i	10e45a8c7783
15nhtwjrmon	3e8ad6be554f
15nnfhaqyuc	e9890eccfcbe
15nvuxho8vx	58b55521cf01
15nxy95kn3x	a965213453ca
15o5r1vu63b	850dd2ac31a3
15o7grrxbs	de2bcab18b1f
15o9fpizfgf	da67e3d65cfa
15oajq1wa39	92003d4e4905
15ofcltx6pj	c7ed44ed5117
15ofla522v2	06f5ae4ef749
15opg1ekl5b	2a24fa2a8999
15ourdn8ztl	43819fbf1ee9
15ov2kguwmt	5ead9e54a9c7
15oww8w1o53	cdb4671975d7
15p7x1akjs3	87b34e51fa16
15ph0hkho0h	ff9112d02c05
15pni0bmlxr	befb6b27ad4f
15podm933tm	81650cc476e5
15poye4wowi	03bae607961c
15q0p3shi3y	d9b79bbd1fac
15q2dec34ks	86f8b017c80c
15q3ouzhkor	8052465c15b1
15q7x4r84y4	592ce3fc8ed8
15qf0zle09p	18569eac17b9
15qknee28id	0eb40a383a46
15qkzyo1y0y	4b98728c46db
15qwrrrene1	405e86894c48
15r3dz0q097	458c724bdf5d
15razysp1ui	85c7de0186a3
15re8crugg9	6ed16bd2cce3
15rf01graei	96af4358c241
15ri4fyhp4s	7fa6e9887651
15rka3j98yc	92cc668ae550
15rmi467fff	21a5906b5368
15rrh9qs6hc	99371eeceb27
15rsfhx992c	f84ff94b47e5
15rsyeoxg1f	243837ba0dc7
15ru03l6kvu	b49b24031cef
15s2g04evxr	116408be5578
15sbniuiupd	75ecd29d32d0
15sf9e6trwz	b3f07f1f8c76
15sgyv5e0ac	50ce191f945a
15shzcp79wk	4e5b2df68a6a
15sk3bp1q10	3d3718420bd7
15slai5sukf	51fe8d728831
15smjrrlebe	132d288c5212
15svh0b2rm2	2d1e75e86591
15svkpl9ija	ca5d007ac061
15t58ryeja6	88f10d6983c4
15t76il1qyt	1819c1cd5c9a
15tb035uh0f	ec7085799e11
15tc81p058p	1ab077bfa548
15tx2dfwren	94649db2a5ef
15u2zxrqtyu	bbdfa48689ef
15u8irkzqkt	58915957144b
15u9muy6is6	2e41ccebed14
15ud7k0j442	c80316eb00b3
15ulpch2shy	5220e0f49a91
15uwg50umpi	33a9b174ea55
15v6v2j5qug	8381c161c1a2
15vgi2bqoqn	89f6e4d9bdf5
15vpe44ny7k	a2fd48a1d307
15w333qx0ao	deb0534e66a4
15w38h3spyw	b92a166e6c66
15wdmflr63q	d4686436e4e7
15wj4nhl2wm	4a8460a7c93e
15wjy4p703p	a4f0e607538a
15wt89xkf1t	b121566631e6
15wvlupm6s	ecbbb17374cd
15wxn27i5lc	bd6effe3520c
15wzr1havji	c18b5059c598
15x0etja09x	db6dcfa1ae19
15x671dszvw	6c42b8fe946b
15x9yj4x6xp	9bd58d7d7748
15xf7aytepc	14e1c8063af3
15xglce51xh	f72b237a203e
15xhvus1huu	4f5f26c622d9
15xk0v2o0yi	c31fe9631a42
15xluhzutn2	7012e25a2acd
15xo3jclhwm	422da30fdfe7
15ybqzfzs5u	1484deaadd69
15ym21rt9hg	4c87f7bfaa7b
15yruzo8wg	b4a2d0ab7395
15yx29yz4nq	ed770dd64131
15z5jwilkq4	404e65c0e7b1
15z69lv0nnl	a9747a7dc6ba
15z988gy08e	339063baa3ac
15zaxjawajq	c3aa602a31d5
15ze1htx2f8	621716ef77ff
15zgd06goco	e61972b323ac
15zkqh9vbrs	d4fac986c093
15zpepnd1na	d71a61ead206
15zuobyjqer	e56d16bb54af
15zykudl6qp	c54e360ef69c
1604sbrka77	802dfcec25e4
160g8dtppgb	9b8853e45e7e
160gvxc6kij	ba75ff6f6e14
160rfdmvck4	0fc4b1a02cab
160rnvyg8ce	fae7f76ca5db
160s22myq3h	ade9682a9c7c
160twmehngk	debebcb8f5f1
160v9mhqine	2e21cbd25002
16168x2nnce	7251edc4ee28
161czarg1vw	986046282719
161hf55tvas	333d57600948
161y6isnb5s	5ef851bf6f34
161zsxpbtii	4a7625746ef7
1625me5ctz5	3dc30fd34f9b
162chojl8f7	6e1cec313d04
162d8ll1fuz	3a6780df1390
162gg1o1jdl	055efe3b288f
162n8vorjhs	dc75a43c7f18
162pp4x9n3f	e46bae54bd09
162vbg2eid8	2dfe48be27ea
162zdpbvv49	dfdd7e572cb0
1630ayquxti	1efe320af31c
1630rbzxce1	ebf31fecefc7
1632il5vpdj	2cd674dde5f5
163co8akvl2	e522f521e63b
163gf11b3lo	36b3f7834502
163helyvara	7b9ea6dee0dc
163n20ni6rq	f28613356a70
163rdmasznc	daefa3c5ecb5
163t7zqsfq6	58550ad2fd28
163ud70y47d	bed2f09dfbd1
1640lxklt8y	83fae5fa3ef3
1649ptq83qy	9d816023b24f
164fr5w9cz3	5b1dd1198a41
164gulisn38	7381b1200a2b
164ib2y7fr	a84c8659c44e
164n9tisqc7	31ba40997bfa
164nltk6m5n	1ee0e4492719
164r9ft44zc	37c0fea9085d
1650w9g8ojg	4d11116146cf
16558y9tqql	b882eebacfa8
1655q2zw2v9	f683b9d6d5b1
1658p7agssx	363b3fed79cc
165asaaetrj	1ab4db3ae389
165c6fb6t0a	10f29692a4df
165d40eq2y0	633e4c16d8ef
165ft5ny1aa	8c10d425fdec
165hij27214	fabd3d12dfeb
165kpv3mycd	fd10cef03b39
165wdeeataj	210abf72ae86
1660j8kielx	ec80d7058f36
166256k0m0g	f9330bcbbfe9
1662piv7kzw	ffd1cc23bb5a
1665jg6imp0	e97c0b7f9cb3
166aljcwwxb	ba56ebc5f2e0
166d0scgrof	5daa1f566087
166k5drcsf0	1499da6a4b06
166m2zfh2gd	642949ed39df
166ok4v1bqf	e9abcc99af01
166rg797orp	e8c6aca6eb39
166tc76ud1b	26b313d3a343
166wnm1gren	e973180550d7
167fuqff86a	f995bb0d9a3f
167iq5vbtm7	e51402e284c6
167mcv4755e	a81bb0add750
167ovp4uawb	4cc90ebac5c6
16818n0pk20	77b47e053830
1683cippun8	ea99a9ce8fe2
1684k18v5h7	b0e1ec720e22
1686pu7kvxs	0f3c3077cdca
168pnppcmys	2949488f140b
168wmmybbhn	697daa198136
168ztud7v15	552ad77017e4
1692uz3wqm	911d9f233a37
16932zb17hc	85c69c9dc2c1
1695aro214z	70786e705ac0
1697c397h7y	169e5949fb30
169a5hie6de	88501d0ea6fe
169aq5z46uv	16547ceea250
169qgqbp05i	893568b68a6b
169rxvml5mb	4185312168ec
16adervchz5	268d9950dad3
16albohj62n	7b8d68f8671b
16anjufii49	e7657735c241
16arv8g3pm0	e7400a30d4d4
16aryyh7rup	647a66cd8b23
16av2lywhhr	715a575b0a89
16axris8n3	9f6ea3120320
16b0nte2ypo	d215bd845227
16b0ricxnck	279df6841e3a
16b1buf4ne5	7363415df130
16b8uuc9x5s	83662da6002a
16bb42hgrob	1f04c205e51f
16bwmok9dzq	f403f26369f9
16bwsvr0bqi	9c7c9d90250a
16bx9s560ql	74d2a7a4451d
16c3y84g9v1	8e4a0488e3df
16c6xgawk55	d64559904e2d
16c95e9tgjg	93a05b40f122
16c9gr6md40	d87ca1cfd55f
16chvsg4me9	7407d3ed47a0
16conyumwz5	661fc0337abf
16d7hvo696b	38def6790915
16dhd5j0tj9	8a6c1a203c8a
16di00czzy7	e19c1a03efd5
16dmzzxuxi3	d199327785a3
16dppma1n7k	eaa3b2eb31a9
16e2676zeb6	d4166fb280e2
16e4pi8k1m7	e2d12ef0d2a6
16e7vl51dd3	386f2b4a5f84
16eajprhr3v	5f286bd36936
16elvobi9mb	591e3135ffdd
16embb1r2g2	f964260e8b0a
16emd75t0pb	2a1e66d405d9
16eqpeqehqz	22b36b1e3beb
16eryt0k2x2	349dbc475117
16esh2tbbgw	fd29d7a13461
16ew2dqcfx	f40079055c4e
16ey7uj75gu	3c6f27447de9
16ezb6z0l0l	64dc830d2e83
16f0xby63ig	2a74f10ea69a
16f336avl39	865a5126b7e7
16f47742mz0	007fe3ce7ce7
16f5x34m3tb	25c484dc10ae
16fblo6vl50	21573d1f7ba5
16fio5vc1ey	f8ff8732e657
16fkvsa6lzz	775a4ff22ee0
16fms52b6yl	249951de182a
16fts1atxa1	56fc6a844faf
16g1sh14gkq	bd0220d66330
16g4huydbqt	ed2a5b3f1cf5
16g6pjmvc5	06fce4191dc8
16gaxb1zvi	2c51843b5f49
16ggv2hql9r	24fd45bdd3c5
16gm80k6b49	2f31284d0f69
16gmrt5og66	45fc547803eb
16gn9lqolhl	b90df44a7efb
16gpzch99j	deae1909b6d8
16gv07qru7a	24736e2733d0
16gvifsm18m	a01278213ebf
16h1pby04l6	f9075b8a7d89
16h237zuzyl	c0cf0946bf02
16h2ebgiui4	3a162212b055
16h3ma2tv9y	974164e7674e
16h7q03lvyx	c01fd7c7ebee
16haz230eou	56d831af2166
16hkfjvo39o	5cede54b5253
16ht3p1v6h6	26273f0070af
16hz6lwbnti	bdbcef29e2cc
16hzh722y5b	286d31c7334c
16i8mj2ghqv	401cc114365d
16ib03a6d55	667bce6ca85a
16ib5yn35uq	664f01262202
16id22jom2e	ba4cfc7442d9
16ik2x224lw	1765fa93895c
16iwez25mrn	361828bc1e0d
16ixlz81now	ad03182f42a2
16iysbqrbac	663ca184a045
16j2dzmdy7j	1100871bc77f
16j485g4vc4	70cbe2e270ea
16j72pcbr98	719fbee13b7b
16jg2ygqvj8	bc4ffe1c7b49
16jlwt8zphx	47713b426f62
16jou9n7ypm	185ff7acdc4c
16jre9zboy0	4a5de9f54a48
16k213skxvp	923f497a1111
16k5eb8ubp0	8bccb6649126
16k7kkepc94	982225e1e9e7
16k94vnd8iy	9902d6d2f8fd
16kb29zl64f	263cb52ab065
16khzwvtb8i	93f07acf378d
16kjf0wjuwy	5586caade352
16kk0v5nkrd	ed7ca081dc3c
16kkup6gq3a	54ff6786083f
16kmub5zbam	2535d719a08f
16ko3gm11k4	627b79aa8675
16kqx3gq0c8	005562bec450
16ksccsdoow	f29d599c4a8c
16ktg432okj	974999f154a0
16l1v8fcykz	24e1d528959e
16l6l51y560	9c8e32a37364
16l9jzfwrlc	d3d75c1de771
16lfmzowqir	da4c6cd9a73b
16llk97gy60	c2401597d2a2
16lqnxcnryq	fb493ec93086
16lun3fluja	659241c1dc2c
16m1osxbgz4	a3449fe1d82e
16macizb73p	413f4a0d2360
16mcbvikuls	1997d2df93c8
16mjndqoes2	3d8146fa56ef
16mmpd5st8z	152efc560f24
16mr9n00u49	b00b1bcee880
16msbwrgapq	d7c87dbfa918
16mwn1p2s3x	c8ad9c59d392
16n3cxlszoi	42a58077d36d
16n5y0o8e6w	20b41d0ea0c6
16n64zbtjvk	8234912a4e8f
16n6ykj7shk	b8321267695f
16nfqnma20l	ae01523519d8
16njcagh966	5629690657f3
16nkuplb07j	897b0b9ffaa1
16noajbey58	8959c3b5c3f4
16npnw27kyj	c72495f1193e
16nqn20fzs4	9d2de2101f70
16nrvcq2rd4	3970a78b9319
16ntntc2dv1	44174b790750
16nzm476f6e	cd6c336b3e03
16o2fnvqg1b	ac8e5765cbb9
16o2yda2w5n	cc0c36f8d260
16oh2o173qy	a8ad67194564
16ohseb3zps	28bb2cdb5b55
16ok02eqjye	d32540fe7324
16orm0ti3mk	069e01d8854d
16p1eklc4vq	3ac6d78c21f8
16p3izy3ahp	ac18699d4e96
16p3mpo1jw7	cd3fb5a7f603
16p4e71km1e	9d9d793586ea
16p7nbchohk	da8831daa4b5
16pcpdbkcnj	2a08747cbe4e
16pfkr1dxvb	8c020f0779fd
16phw7ghfk2	b879fb7ffdfe
16pujd8d7b1	a134fa3a5214
16pv7iyphw3	9d7a6a3018f7
16q0y1jw3cx	ab115a6fdabc
16q14c3tp33	c31aff500b50
16q8ldaue99	19c2d795e360
16qoyfkov26	90df9e4eee45
16qsn4rcwur	eb9c4483b3e7
16qy06ungxk	b7ec0e9790cd
16r469w9i3u	1fc2683c1b02
16r4wmv9p5v	553c6c508bba
16r8xhzv3ri	8aaa3cb00c77
16rf1lkbcqv	0decc8fc3065
16rkxqzdb43	cce283d6b91c
16rmo6v1f7d	2e1aa8114694
16rpip0wsy2	aa5870603a1a
16rzdc8v5st	46a4ae9cec94
16s8tgta4cs	e9b3e594392d
16sx2shqwmf	ed2b80cb2851
16syxrz9bn8	18acb7de9710
16t0172vyeq	2e3a3a0ddf6c
16ti6kkthwv	ead793142a6a
16tnkb4cyuk	df515425949c
16tnvh6h24r	f5efd46ae3d3
16tr7b6iro7	ae164e26f610
16txj9yx2rw	6e03c2d84118
16u9a3zzlfb	4b8a2d1570ef
16ujp5z0xdj	c139a5f486ab
16ur5f95pde	3c03942f4855
16uu66xdbcj	cedc205e2b69
16uumc4vf8	e3f93ee53714
16v0czggu4e	df71ca8797c3
16v199mu1c1	0ccc70dfa5aa
16v7b9begqh	a5e3dbb29667
16v7qbjqcoh	4cfec43d5846
16vbikv25dg	e35a8c397ea4
16vcgps4v0e	2afc03816352
16vj7za2rhs	4bfceed396b9
16voeqqsizh	7b1b759a3098
16w2rqf92fs	86cdb9162010
16w3c16286f	98cb3c93667f
16w3g7pswz2	34e28f59bfa7
16wb6hkgqsm	7f6774c43cc9
16wbgpqyqrd	b9df115f959c
16wbx8b53ts	c8506959273f
16wf7sejlms	73ce39d52147
16wgnlb50u5	da8e5c93c194
16wr8lld16t	d25b96abd519
16wseurzp2g	dcf97dee167d
16wuvilz410	8af9ee627496
16wv31101xi	04c4c378b650
16x1zglvp67	af648f6604fa
16x8gvhiicb	cd14d7d12887
16xbp1fs251	3ff0d3ae1d65
16xch0qmv5k	da207570e415
16xdnvtyqha	090f7aa2ecf5
16xoof1pwha	a2b2863f59e0
16xu2xhht8i	41bad55b4edb
16xvnxu9t6v	741e016bf949
16y9cyxe673	58783cfaf1c3
16ybjemse5f	efbd134637a3
16ydh9m8w3e	f491bffd5dc6
16yz1ncapgi	38614640f2bb
16z6ifp316s	87bd8b0b8696
16zi30dvgxf	84ad512dbae5
16ziw97iuhg	184b3e730a9c
16zvcilo0i7	621a6e198d1d
16zxeffionc	e287bfbd7aab
17039xnp2v3	70259bb8af47
170494qdv2v	47827ba123c6
1705hjey7m0	41e001f1a68b
170fwjv4zqg	3bd3071a3f76
170isjrcf7g	c295c9b8e845
170khpuimmq	700ebdf2b904
170shiao0vr	89ce2df6c5ad
170u7wr7cl6	f7ebcdb6fdff
170wzyuoqzj	b42a40963f95
170xzxkhi9q	10038ef0af4f
17130edfw2i	5e577400a10b
1714x4otgf8	7bd0d713a0fe
1716hrhezgy	1fc4a2ec70e0
171are8tuqr	e9e4a3ac9ff7
171joc5p8wj	bd47b83ff0ea
171kl5umpzd	b5e40c32ebc4
171qmfi6ugg	810b5d96c2ed
171u3jqki3o	47ec32e145ad
171vc8a1yui	c95cce86978c
171zwb4a4ak	beb448bf99bb
172j6rahz66	fdc98b30b7e3
172qe7wgz36	08a3d2e89ab6
172zwgz2cbp	e7bc9c6f8316
1732lllbgl2	375709d34c4b
173470atsk2	5464de7abb4b
1734t0ynntt	7b4364116954
1737v8veqb5	ccd10354546a
17394jsyt3n	557c72b866b3
173clp876at	3efacca9f7a8
173cn8o1bi9	46b63ec45546
173gpehx0k7	bf5411e9344c
173gvopu4di	fc2ab041e553
173qmobrip7	6be9932af181
173wjtxysy7	b23057239219
173yeco3ajs	68186d17f04d
1744kiwgij4	91e407a9bada
17459wutmhe	52485d61adbc
17468e7el7t	b2b50b095c8d
1749av2caj4	1adea6737dc0
174hcw5ljrh	83dd1fee27da
174n1geasfc	6613905c6821
174wek4j8uj	112a108ccd1e
175hopspdc	1d9df1ffd581
175lg38njnv	4f6781419088
175qxv9mw4c	20af85c3d15d
175rsxfuqxy	79d5668e0819
175s1qns0ej	4f8debbd737c
175s9uvumyc	cd54fb141a19
175shn11vv2	20cea2e8fd9d
175svz1qjm9	06fe7d9bb609
1762sat2ga7	c30c9412a401
17641w5ejvg	d977ef47e983
1764ynd4zak	0c2d57370ba0
1766gfeq24t	ca812aa3cdef
176e9ipy9hq	dbf92a005780
176j3nstxzv	59297587ce55
176onv29m7c	7e885fc79c04
176tikth45j	5c789c9c7086
1771m45k83u	c69585e01964
1773dgemrdg	a299cd725a23
1775ssoqla8	7ebe4cf066fd
177ef4jsa0h	d40ac44e12af
177efzvljer	483476c5ce05
177lz4eshqj	c33d61c8371e
177raa04eah	451081ba82b9
177u3anr44k	468fcea7bc33
177wdpqfiym	7d6af99d2ad6
177znls6pa7	d03d4a68cfc6
177zz7da7kk	b5d370bbce19
1784upaw6r	4adffa7f1da2
1786gk15r2f	688506b859b5
1788v853n4n	7d4b841392cb
178dd7k6y6c	e7403c32a8a9
178msojmu4u	2fea1998451e
178r6ni6shi	0cfe91b31555
178t4yf56qw	d2530c31edb4
178vf8bcuxd	23e1acae2830
178yh6qqk5m	f9ed415ed51c
1793bqi3js9	cad8955daea7
17965lc9caf	26507b69adc5
179a2wax5xs	8717809149f9
179c7dwg8c1	dcaa53fb7d0a
179cv9cj0oa	098b1f08f54c
179dd3rfn9u	42869bc75a25
179f0e5g3rz	eb272424b14b
179g9vpz9jc	4f46d11c5793
179i65n6ri3	4c95a1235c6a
179lc20bqwh	e1451c189674
179o6adkc29	4ca3c7d94bd9
179pm2iuy68	b940c2075ab5
179vq8yakdi	b6bac9581326
179vx31v59i	cd5195794997
179zuorwm6l	7bc6c967b485
17a30mwz0yq	d60b19cb226e
17a4nw6vqwf	fac91487ddf8
17a7o319vg7	1c7f47ee3c9b
17arrot5kxj	46fdcff843a5
17b7juiujs	fda48b7c8f74
17bcrisqhsq	4aba6459f894
17bj4usjc35	808c358eb730
17by63as357	8cc2b279cd18
17c0zs82spa	0fac160a74eb
17c3b118prh	935e8928c819
17c9qculnvg	18c9b497d53b
17caxuwudp	4b21dedcfa85
17cbop84bec	6cd2ae7a77ea
17ccmtgsa77	0d27483bebd1
17co56dm3on	9aad4ccc54e4
17cw6m3ucal	8325330cf1db
17dbv3mmxqj	0deebd6a0ecc
17dufh95pkj	2e16c203c800
17duwxkucv0	81f3f317824d
17dx2kqzwvg	5362a46ba8d1
17dz3dl24vz	a5cd66866a4f
17e287qm337	70ac1d31e442
17e7j7utwa0	e07150ec7a81
17e9zq3sxgv	f64f761735de
17eke5iau9d	72c3a8b9340d
17elio0dcry	0403be8ccc30
17enc6zbrsn	d723995dec7e
17epmflyncq	fdccd57604fe
17f1ffwy27h	a2cc64395e31
17f2o6qas5l	915364f986b8
17f4v0uzloy	2e9e3d21a2e6
17f9m0xp5za	0ce980a7bcac
17fdjco8j1r	302e1aea73c7
17fdpbflh6g	978701026384
17fnhn0mqvi	97688a25e379
17ft3oyb1t6	f63a84b722e1
17gbihf0uni	bd1e506753a6
17gd6kw5aq8	6462d734bf7b
17gjz3bz2fh	a04d9aea5d7e
17gohxnfhwe	88223d392aeb
17gtxn3zum2	10ac80660823
17gzd4p8p31	7df124eb0cf2
17gzm208u3r	942be94d32c8
17h0agmewcn	295bbe9f9689
17h0v3gnvbd	d05bc6167805
17h5eybjve9	e31678f2df3b
17hk7ea9ha5	773fb6df557e
17hp4ged5ts	835f6f99148b
17hs2rfjhzd	d3a0a4c401cf
17hw5rdbcsm	0053cddfcfbe
17ibhn9j0mi	f197703cd5f0
17ibywl1zne	964bf9dbd7f5
17ic51x6ot6	d0e79cbcd0cf
17ifx53rzh8	983be7d7c4e4
17iv2ov1dqb	c3260ed798b1
17iwt4r2ohq	db6034f6f01e
17ixq0x3rz9	aa72ad6946f3
17j658x45zp	61cd7d7b16c4
17j6ltb35xi	3c0e6331c452
17j841g857e	5a06231b72a8
17j8d4os5ni	696c3b985c7f
17jqsvouxk2	44450febb57b
17juvmj5vr7	6af1db283b7a
17jwrkwbxp3	a5bbee920583
17k4zx5ibzy	66fcb4f4cc29
17k5ne9ojlp	3adddf5adf0d
17k62loj0b1	3adb73f825b0
17kapdrvpxr	e3146fa73fb6
17kcucd78mq	bf1050afac5d
17knup4jil6	e40c3de6f84f
17kqq2hv3sk	9858e3aa75d4
17l1gic6uli	9d1778d0a78a
17l8b3243lg	a26dd8710847
17lazmr8bm3	be2f8bbad157
17lg5abso25	7d3b3b49186c
17li4buvcez	20e6ce1a6657
17lnrobmkcn	a43a5b321442
17loy12d19	285184d26304
17lzvoe7srh	a2ea78e74b42
17mblvm8i3q	7d32c3729aa1
17mct78o0tu	b93187152f7f
17mg9gkujir	fcd1b607d2e1
17mpd6kknpx	f567ef0793c7
17mui0cy465	9aa6fe445b20
17mwa8hdpot	cd010fe23930
17nbl0l7eby	e6ccff943426
17nef6uc15y	32780cc02bb0
17njo1dcf5	666f03dd1841
17nowp4rfuo	1167d9fb44ab
17ntgpyzefm	d70d1423d41b
17ntrkm0qs0	9fbce77b5c6c
17o18mc4wdy	275b917ba41a
17o5siy3gsm	0af56e03966f
17o89swwo8	8f3e4217bc42
17oeybku8wm	58d7545311eb
17of3bhme8f	3b0a149e5210
17ohg8b2loo	14235a66fa70
17oluykysin	1c3fdf0f1317
17om8of1jn6	c5f0a668da42
17op6mue3hx	49c94714ad37
17oqv37qqf1	3f1117084940
17orctkh20x	d996449f2074
17owzg1mhts	b4a052511b49
17oxik6kt4z	9464e5112dd8
17p7dam7x04	951a6c6405a4
17p9poq04nt	efa4af6228a3
17pepj6uewr	f1f34491f2d0
17pg76s3s44	011e62d1c0e8
17pm0elcb03	ecc2b029c13f
17pqo7ps27s	ed6d18af0c70
17pzo0pc8s1	acd0e3717bfb
17q36pa3b16	374fa22a5ae0
17qdazip8cj	d62a8b26008f
17qdesjag2d	97f1444bfa53
17qrq8wia5b	65e3419ba3b7
17qwnchs7v5	8f0af31c4cae
17r1m1ttlqq	9332f4c02307
17rmm2nriso	7e228eec580d
17seoarzlah	95448d97856c
17snir6oaiq	34e5bbe5dcbb
17snouh1aa6	b834922ba2eb
17sybvv90q7	46199f5c8a6b
17tav6gwm7d	94f38a6b5d78
17tgz3onomv	4c8d01837a19
17thmkdf3zn	5cc0ba327702
17tixal6v0h	ce536cd635c4
17tl0jxpfqo	07057545a02f
17tmuc246sm	5767c86727b9
17ttmyuxqcz	07d9e62af856
17u8k49jr88	548f5a092435
17u9rywv225	4f0bb05ec9ef
17ucpw235f6	f10b09e4f28f
17ucrnqzokg	cb95bfcb8116
17udc3dz9cj	6fad768c4082
17udoe1odyw	e53037e76c64
17ug61xpesq	ae44619c71ab
17ukb2vdw10	4b0553c59e2d
17uwtwyxbmy	f27770e750b7
17v5g32bpjy	8b4b2a801a7b
17v5kndc7n	8de2ff353d71
17v8f23hql2	14d2d955716d
17vgc5ist9j	80df8834f0e9
17vgw20pgng	f01dbdd91418
17vlo5njsqi	e401d865a825
17vm3ps6xtc	cf0f84801929
17vp87l7l6d	599e96f85abd
17w28ecoidz	645005b396fa
17w3af1189u	1419a4526b48
17w9bjdp7yz	90a2d9224753
17wacim25vb	f6ee182e1a73
17wcavoya35	3b10e321ec59
17wthtl98qr	3d147d02d4c8
17wtjm7sub5	0edfbf54b927
17wzu7m9azn	4ec24b134105
17x0ogv67zk	cdf919a93bc9
17x635i6rwz	f863ea99537c
17xceep6h2r	008095da21c4
17xh97xerw3	397d6b254f72
17xl9hcj42x	436ae2d4295a
17xoq8cyiu6	c5ffdd3e2d5b
17xpbii7a31	571d7709e734
17xtmta2mpa	70e6b95938a0
17ycw7mzht0	17d6cb3fced2
17ygvz4kg0h	5ed798da4f6f
17ylv6cobtc	6172fb83f831
17yog3weuu9	c1795195f9bd
17yolg8ysm9	6cfd3b24986f
17yrszr3dwp	feca2126b231
17z373ipbj3	e74fd7c81f75
17z3iit8vaw	575d0162833b
17z69jkbjv8	f64c607bf53d
17zlcjb4ci	53a1866353da
17zp3tklh54	4f3060851574
17zpq1i69kh	e4d42d675151
17zq0mvfxl0	2e8393479729
17zuc90uq2e	63aafd3dcdc1
17zv146o9oy	08bc63d37694
17zxwp8k9tx	8072c576586e
1801u2b7qbw	d53e3a4d7175
180c09ywbet	8698d50c04f0
180dyorareg	f580c6957607
180fw632n7b	4dc893ce21b4
180ib690li7	07714edd158d
180j8pw6pzz	92630d78d167
180o6svs7sg	f5624df38ca4
180t1ld98lh	793429d984ba
1810140sjrh	7c97c4ab4c9b
181f4xzk1hy	5fe525c05deb
181hrqvmb0c	365d0af92c17
181u9bgu5kg	b0a24a2bdd7a
181xr4mwho5	b62114b5a4d8
1821qesmujr	f4e011c11e7e
1835df0y8nh	96e3214654a7
1838302f83f	58dcb95e6ffd
183b71cbvnn	b51a06ff037f
183ifg71iyx	60cc6af3dfa2
183j1om24uy	56246205e2f4
183so31uelm	406ed465f421
183tpe2phmd	744b7a448407
1849t9nqdew	ec2f5094a4c1
184bndsbgwg	aef0481f8b4f
184ceo6zx4d	16c9015976b6
184chkkrilu	007e7cfcac3b
184d49yv4me	20d23e5d73ff
184edo9fdkx	9e3cd62889f0
184ey5upigy	85f180a3ec39
184f7braqxr	e71b3e646743
184j8ujnlkx	d1114922df7c
184qrr5rec6	45872f9243d5
18529psi3n5	7cf84e0fc8da
1854ewlk15k	33321f918444
1854vbh04z8	f7d6706d60ed
1856sznfwqv	e7cc34386ac6
185qfbs0uu1	6fd80e781277
1860dzbiolu	75749c94a489
1862x21nf1v	b9ae0ad3d971
18686z5h4ic	0903e3564507
186du02963g	84f5b1539861
186eon6dewy	3f0d1b28cd68
186f41nwl35	7ef74e230aa2
186q98j0rwz	615a9f4db816
186qp4cqhm3	c7129f11661f
186t7m05rja	986fe6594a37
186tqrr7gmh	283741bbe2c4
187719ikhbt	e5d2898225ea
187glpjxtu8	5d7b29d5ed5f
187qh7nf3g4	4939b7cff529
187wyaup6kx	1f30f9d13822
1885rtq3nmd	423c7ec5ace4
1886pnoebv2	3ded7d743e45
188c7j1y1ou	ea4357763de5
188ebo0y75i	e4304611c47a
188vd0l5lvs	cd800c2678f2
188xbyqjpmx	8fdf0f230fcf
188ztnv3f39	eac9d0e3231c
189awp70u8l	84899923c1ef
189bmhnk71d	715f07d82281
189bu777lkd	62707e884d0c
189m4hi4p8	f140a4a09e77
189my9tkzon	125c820f6e0f
189oi6o0muk	418de17ca717
189ppt587tb	233a2d5d7b17
189u1hcqvhk	1b327fcacd49
189xh13phkt	7d695cfaa0fc
18a8k08zoqt	23a148663928
18agqckug4w	f8e357b1a3d6
18anlhgb9nl	6f9b24689299
18anq7u6rsh	89050236dbe2
18anu8wxvc7	8f21db0a4c04
18ar55c8llz	0b687e013002
18aunp32gr1	840dbad99302
18av2pxrhyu	4a4e86d89cda
18axcfc1tw0	6dbd934b2730
18b26cd5x0k	380d59814e9a
18b51e3atyp	b6ba3f1be45b
18bb0aptwr0	91e68a02b707
18blj3vdk2d	0bc86faa4fdb
18bn9zqi4m2	c13aebb90e70
18bwdwkfkbc	c45bb93135e3
18c0kqz5ucg	38eb5d3eaa5b
18c9v6uc98t	45922134dc94
18c9vt5b8a	962c41889756
18cbjur20kj	fd4cf0aa81f9
18chqusywte	038e04a213c8
18cpeje8w2	fadfd25aac80
18cte7ppjp5	a10a6569094c
18d0m9v2jj2	641b35332851
18d1d7rd79a	36fccabdc85f
18d1ycxc5bd	03d5161c6007
18d2f9xhqe4	da9d70b85633
18dcu2qqjmm	09b06559a34d
18dqwz00ut7	095498615796
18e1bjuzlh6	83d5b70db589
18ebttvrmd8	2786ebd057fa
18ebwhvap4w	d8ab35c9a32f
18eflvqa3jj	e0942ec1a372
18ejqbr12k2	019bb0e1e1b7
18ekxkwig63	0fb67ac8c8ff
18epqy8v8pb	b6e8c3752a26
18euis3nrg9	ee67543d41a7
18f2rgxn15e	7d4c2caec973
18f66l2p2q4	0d539987e51c
18fa8kj2p9b	a20a6466e022
18fdkxyruf5	73481d5b1838
18fia4mbuja	c5eef33eda27
18fohpfjowi	549a9d0f65c2
18foxq62aqb	121c81b90d5f
18fr2doibwz	b0f3cb31c7cc
18fraftcu67	d652b215a24f
18g6tm3p1t7	c0c330db8ec0
18g93113p1u	10ae8620a2c1
18goj22h5rl	f2e582607004
18guffdopdw	280e39527e36
18gyddfk2pn	562b3c89cc73
18h33umic5k	bccc93d21d83
18h46b6zkcd	d86e71abcb1f
18h6t4o25qz	fe5a9216b8d3
18hczmu2gnz	c2a77b97d5ce
18hfk27we15	c41442636821
18hg3hy3qpm	df3d1fd32562
18hs26a17pu	7e047b84f67a
18hsozbmmkr	a9d6532965b9
18hve60xumw	ff00af6e8cca
18i3np2mktq	921a79d79321
18i7fy3ww85	fbd4aa6ea2f9
18iaprrxaqr	e0f82c52980d
18iclfkgixv	31f2e5abe4ff
18ie3dvabr0	f96826f90423
18ii49sfk7g	e1445c229b12
18ildk01y4u	db752dd19863
18iz74tsmg2	5993be29f935
18j2qgxu44o	26c9ef128ede
18j3xjuxplo	1ee64535f099
18j8akbdl7j	546a8d6b87d5
18jckrl4phq	776fdf4c6e88
18jjg1ovo9d	6c5628395c71
18jjglpo6b5	89954163a58a
18juo92xpcu	fa5a63de0d20
18k7b3448yg	ae9a8a512983
18k7ka0ypi6	150b5dfcb8c2
18kcuzrmyq4	0d8d9cac3c3e
18kgjuutxq4	52df1f3a154d
18kk3u0do1x	8d32525bdd6c
18knmzebayc	61b28d8e28c7
18knoc0f0ar	2081cf0d1337
18ksckua7zl	d43df74b4458
18lccb4opcq	7726d15f685c
18livd8pxz3	b5f2f8b86d2a
18ljiuhag5n	c64218cf7804
18lpp9ib1as	eb2b98417c83
18m1jsb7gl8	c10ea816a6a7
18mfgekhl5e	b80356a386d4
18mhj2mvf80	31e2edc58ba5
18mlwn44d78	afd13dbd7a28
18mohaxlyh9	912fca98ccd1
18mr9lrsifs	5db18e1e0d34
18n64082i6r	b2accba6aaa2
18nbt3vel1t	a275265f0df2
18njm302803	bab762709b3d
18nl45mbi5k	477e3fd6bfb9
18nuvpy7ezv	0aef08eb5db9
18nzieatjdt	13f4787a66d5
18odwdbhxji	af533d507e9e
18oe23z8aqr	2388fa5cb02f
18okl0hx8x2	e900f4d85ae1
18otqwc60tm	059157d7721b
18oyfu2urb5	c0d7b97fdcbe
18oyw9uskxo	05771c5f5845
18oztd9qahi	5e507258b1b0
18p2ti4r3tp	a8352f69aab2
18p9lziotf5	3b0ee814c642
18pbaqfb8yp	faa5eb6868a1
18pi6vqs8sp	37a20a4f7d76
18pjkjkkvdw	5abbfb3233d5
18plpfihpue	297ad426ad02
18ppze32nik	5c5c5e653738
18prkidzrpi	6ed755ec84d7
18py8ozr838	cd747b7732d4
18q01fdt0t0	f15deda1c14b
18q602sstat	35ad2a5b698d
18q68k0h5xu	861690d902c2
18qf187ljcv	f38ba2058c39
18qgy3qsv61	bbf57b1167ee
18qjw09qxi8	b785a58d9772
18qrkfjfmg9	da6a042aaec6
18qwuzmev90	6bd80746e818
18r1wg0ys3i	3fa10cc34aff
18r2epiuiov	b177a1791119
18r5i6jcdn	3c9487e1ab1e
18r6hs2elxh	da12bc862742
18r8ng14v32	0dd1abd56632
18rkgxe2kx9	d660b35d55cf
18rny6bnog5	673d6f3db899
18rzsnoeug3	61697f899d31
18s782xw5ed	d618a2879d26
18sd7j86p4d	b99f8326a021
18sh66b00xn	602d59b8c0b9
18sky5gsx3v	51c90b829cf2
18sldkmit08	1ab6ad9eb912
18snhos6hv0	b1e9080713ac
18snwkhd0rt	d252ce5d829c
18soa2bu5x9	9a45ce380d63
18spj2l0ys2	65935bed62d6
18suzqkeyz1	ad53c8a338a9
18swfxlsi0a	696226c3f1a6
18t2a9btkn3	90aa2a9c2343
18t58y30107	8debc37512b6
18t6ndsrgug	9fda139087ef
18t7d1850gw	b83ad85bd6ce
18t9azpdzth	32b239f5c990
18tcljhbv34	fc0a347a45c0
18td2h0evwg	d054e51f260e
18tg5vqtx5y	86e2361fd895
18tr4ufsbaf	d0ea6973a27c
18tvd4yayof	3a8c7aba39e9
18u0bg41xn5	c852621dd0e0
18u20gg9ubs	617eae7afcfe
18u4rvusyyy	13f8e5c6edb7
18ufakusm1o	6be5dcf458c9
18uft5vdriq	369e3b9019b7
18ugvd4s9rp	f7a121ecfb9a
18ujvpiaxr8	376840dbfe40
18ul38x70qw	f51fc412f9bb
18un2q1tzx9	19a03ea64962
18uvbid0mln	2b796b6a161f
18v65yhrhov	2552a84d66af
18vtfto2a3g	a513bdd8a4f7
18w1zmo3djp	e04277817aeb
18w2o87400i	15724f38eb87
18w36d8oc9s	773107efcadd
18w4t3ryej4	e70f296314a7
18w8no8yaxb	76760e0fb45a
18wc3c926vp	36fcab0afd68
18wi1uaddal	8e7b22a1d8ef
18wjf8j31dm	fe11825ff8d2
18wv9rudwrr	a0041f19298c
18wvl6iktmp	797868aa0412
18x1o9n5jmn	3f7342625b40
18xr57pj71b	75e0fc062499
18xsbsfo9jd	47d289a43518
18xu63qjthn	cd82fa95139c
18y0ier0hgz	1d662cbe569c
18y0xsgym1a	e4da28162ff4
18y53gmv9qt	bebf89bee661
18y809vq3m6	47008240498e
18y9w744ycc	bc154e96d530
18yiczobmwk	1189c0dfc288
18yit93lk5x	241092c2db67
18ysshp8zdf	ca735fd26fca
18yuui7twlf	6371191f0461
18z3k9j2tl3	bbea602bb14c
18z9it88oww	687933ef6dfa
18za984abo4	234dbdccb934
18zcdtp8nzh	e357c8237cd8
18zck94n63i	47f3bb797275
18ze3y6qxkm	3fe920c9b806
18zi6g1b5u6	3163ca01b3ce
18zw2e509s5	f54c82174b0e
18zzjuljxuq	161ca710a748
1900o7pi1bn	2d418ddd9988
1903tvkiz4k	33762efecb9e
1904n4524pi	b58dfe6ec28e
1904w5fcioh	ef223100cd24
1905144b5u5	7978ed03a73f
1909vffdwqt	4976d2926ea1
190q8sesa4z	6387cb8de799
190z8gu6hsx	1ded681e549f
1910p54pf7a	7c751b3c503f
1911td8fgvj	b5086188f522
191cwhj3ebt	6ffb45a5dda3
191e8m17uk0	010b52f554ac
191epiyn1uh	23c669c07a16
191hbvtbm1m	b206d5863c3b
191sxkhv3tk	f6446602dc7d
191u5cnqvpi	f15a0c238688
191vfjew8oc	d4d3da8e4f09
1926s95q8up	add283b8c564
1926v2pxpum	42184dee2d0c
192jx4s3bj	f4171f69842a
192th4gvfr4	ca87fd20ac12
192whzfqgup	7630ae563f5b
1941dasuxl8	6d154bbb122f
194220mqd5q	d8b679584a47
194c1kwzsjm	308d56655230
194kvf6hm60	0af8a0f0d1c6
194r0luqbin	8c9a0b0f44cc
194tlhrv5qx	70ae05cccd5a
194ubnof6a9	b2158274fedc
194xgsg4msa	0135e019bdd9
1954d9qao32	b6e070065cf9
1955rwoe9xj	78d5ff727789
1955vih1kh7	d7852148ff84
1958ignief	b5b2e0cf3bd7
195cvp6ru9t	42b5334a1e45
195gb71ozn5	0d90e5a11631
195hy414cfd	d66984e6d741
195ip5ezcz0	156013dafa0b
195s63akbbf	8f0740beebad
1960lkoe1ra	f7d0cd9fd878
19635gidprc	530e66db27ce
196aibnhjs3	dedb05b479e9
196hw0hnvzd	b16fdc563306
196ijrey0fv	27dee769965f
196nmffzgkf	983f74cdfa18
196vdxejs7p	0882e28e8f60
19726lt719	53f69c1c5cff
19731mzoas8	fb805a387358
1974ylwecvt	3eb0e09445f5
197dv8eo83t	06039add199d
197hqqw679p	9aef4b1e6801
197k85c39oq	53198858e8cf
197latzhkxt	828d6e7d3756
197oqfrdvvd	990eb83a9be6
197q0d3yqxx	1b102a5c3e69
1980ryynq67	b76828ae2863
1981s89pxne	f42c87c19b39
198hmymjoam	671599768e3a
198kakwrv9e	8a6f26c31e8d
198n7fn4cg	dea369e91bdb
198tjc1qiks	9612d7d5791d
199llz92ybv	2d614090d5f2
199p83vgiz8	38447ad8bc60
199tkbz9mhf	000c64c76cb6
199uc1u2w9m	6077135a6404
19a642yvrdy	5dde1d843d1e
19ac4jays1w	94994157ab99
19aieg6i4cu	5341552b6084
19al1jghasb	a977ebfadb04
19ap3idmmeg	68003543fe9a
19atzooc27g	148220df8729
19awxbn8q3m	a529597b9147
19b78f87rkl	5efebf1d5ffe
19bajahr483	30f2dd9ecaaf
19bddz1x8uy	60c9d832ad6e
19bekjbdsq1	2671f781fb21
19bo3gdhpb2	7238d7a38f47
19bob4946bz	d0cd7a006982
19boijcou4e	15a39b169d30
19bri4gmwkd	32f4f5bcd77a
19btz16oulb	fd4f0479986b
19buedcz7j8	cdd573f5da0b
19bw4qp6l5d	82e3c959dbbd
19bx5eykfzt	82a022fae6c6
19bzjp04qpu	916c669fd200
19c1ck5jzxr	8bd86d4b46e2
19c1xntbilt	329a2d755076
19c976oo4zk	24ff6de7aaee
19cmuxus7lt	809c5d1cefd7
19cpy286so	8c0eb65a724f
19crqlc9fg0	713331cd6381
19cwejwujka	5dd54cf6e294
19czskeqspu	577c409cda82
19d0g2ynotl	0431d737a707
19d5c2tz80m	1107edbbd766
19dd9om4zfv	a643e8445cd9
19di2dwwage	7249fffde3f4
19dnlxzym5n	9dbc9f762830
19dpzfc2pnh	25e77eeeaa6a
19drkxs6tyu	243dcf83a569
19druvmnkhc	9d328f910a06
19e7el42poe	dc2a580bb6f7
19egvq86gsr	1d3b4ef37b58
19eh9t1r37d	db72f9860314
19etf4uudsn	daaaaa794d33
19eu8ducn47	7dc08f80207d
19evhyhng4i	cc6e46661a4b
19f9zmkc9i9	e4b8c37f8755
19fdx0rqlo6	a8ccb00da199
19fk5squmcq	79f0f56080f4
19fxz534ix5	2d50aa310316
19fz4rg1cqa	cbb5d3162ec3
19g2zd0hbj4	de57d4b8b016
19gduf9dzyn	5abf1eb84e6c
19gvwylq56v	758c9129af14
19gwmipp85m	44507dd839f1
19hbjuo0n75	99cc295616da
19hd0v0wfkw	052d23a6c870
19hjzf9bpan	7264d2ad77fb
19ht79omrms	ec7f673e9045
19i0xwt22cf	b440ace8c9a7
19i40ymngem	2014c771e3f2
19i8uxq7vv6	ea868e42454e
19ibp7mgl7u	3283da12a5d7
19ilru6hxyc	7740230de569
19iq02idxu7	d20ef91e8b26
19itif87hka	3165cf540758
19ive5abwgj	9a627e35dcdb
19ivj9yrxwu	ef2a732abc8a
19ixb1xrbd2	020dda7119c4
19izschmsed	f41da43c160c
19j6xt1955k	3b3c6c8a199b
19j89dhgvcs	954f7fb18d17
19js2b6g4ql	a771920013cf
19jx6f9y0jc	db7d33416fe4
19jz2pjaj83	3bf34b6a461f
19k6euh9lmz	5a8945d5abe4
19kc2mtfhlr	3ab81bc3c1a9
19kpheil0ew	a2dbd18e3d8d
19kziqip2yi	84c73f9323ea
19l6x8kesci	f2867294e5cf
19lai791zra	5ca0a74a943e
19lghyf9hzo	8c55a27f780a
19lglwiqq3w	8b0250fa1223
19ljhonzmwx	d501b3430013
19ltjp5dfyv	7a7796ca3578
19m1jn729ii	9c952042388c
19m44kbdud8	6a58eb7a8a1d
19mq8u1rmgb	4172520a36a7
19mqwow9lnq	635fae550039
19mr66oqbad	49b4bdc27364
19n1sl4xozk	36a0bf6c36ac
19n7gw86xa8	0e13fda33664
19nc842lhre	e9ca841d330e
19nek80v2em	97bd2e8ec590
19nha0ki4ay	eae1e59f0ef1
19nmqmzgkz3	7dbd1de04fe5
19nu03tfdol	fdb900c0d53c
19nx3yee0wb	4a5bac359892
19o5ognuzu3	0a6d49ef5e70
19o5yghh9ym	7554ff385870
19o7zv191cs	428b248eb8ce
19o8c2fs4tr	0a5342f61e28
19ocakkqc0s	d0d96343203e
19okzgiy9x6	0a67f193fbaf
19ooqnclm5d	f905f97b0e4d
19ot1g911px	4f23a92d3218
19ot73m7ocn	7b293300299c
19p0qn5bgj9	cac99d2bb0a7
19p58zme7mk	783922b25b3c
19p6pznhc9u	d4e6193fd0da
19p9usw11h8	e8a9024a698e
19pa8qsm0y9	2f5f871cc36c
19pm6myvez	d987349815a4
19pmlcs6w9r	268f2620eeb4
19q40kz62wl	52a27bcd4c21
19q5ejciw2w	b83c4acafb89
19qqeljbb6z	86508f6c5028
19qrgigmtgq	192b8c088c2e
19qro0il2xj	b85908142205
19r5t3b68lv	4410f4426d74
19rclco3te0	d1946dda2ed7
19reu53f6rx	2f471ee268dc
19rf58yy6i0	6a2b944d255c
19rffsy6ij0	e2d76711ba7f
19rnw5a3vlh	9a78036943c3
19rrgrzeedf	77736dc91cdc
19rt5j343nh	f4293e0b61aa
19rvytmtcbd	9a369a8ca5e8
19rx44izurx	f5128bbe8790
19ry9xx68n5	3208e373ecfa
19s8a96tj2y	50cd1f6cc526
19skc5ivkip	0ac3c8cdf66e
19sn2xfxtmr	526bb3d010ff
19ssef151on	9cf017bf75b5
19st8t45131	c5eb2830c94a
19t2lh7abuj	a8d1900ff495
19taubtcnsu	ef1ef8d95e32
19tfrbmydam	744813b90bd1
19tse5gdvzl	af6450f4caab
19tyv274jmh	558dede0dd3a
19u5kdjps8z	7ba911e77a17
19u80nb3ood	e72c5c52b796
19u9ny02u51	09208fd488d5
19ulajp6tvl	24312627f740
19upon6n41k	875eb08f5060
19uq8fqvb2n	a6665493b96e
19uy320h7sy	180c342ef71f
19v0ktt7340	6dfbf9d04502
19vgyjgcm9l	30c5a1809602
19voea92fhx	10155a020b8b
19vwgvrb44m	fe277e5f8a1a
19vzx0v5qa3	8381cd8c9614
19w3rfoxx89	4a3f348495a2
19w6qi5zodk	8a9de88ac18c
19wbkz6a6ez	20f3f92afb92
19wcw0mo10f	729fc6af2868
19wew0tfvpf	7165abdb576f
19x22d1vnzs	8d45ec831ea5
19x689iuew6	b030342276cd
19x80h4e533	68e52f894005
19x9umripvq	1e29dfb3a1ad
19xbxdwcq12	d8d3d8e721ac
19y17pzybgw	1893502fb135
19y2tf37axr	7f780046365a
19ykhax4poy	8ca90ae7d5f6
19ynwsoct1v	4a82969b3aea
19ysy20v7b0	53b710e9697b
19yztyoxhlx	11e6f86730f0
19z0dhmz5sn	37ab73c2c9ea
19zc05bg9bj	522e3bec2cdf
19zmhyjsnbt	c2bfe90a2de2
19zoljpkodk	c73340527f35
19zu46mf688	b09a2762f82d
19zwnb2il2f	a81132b52391
19zy82ggqa	41f12e0d679a
1a0abn1e7p3	dca747d72dbf
1a0b2k7ut2r	7981287fa72a
1a0hohxog40	eac80a843c65
1a0jm56axgi	dcdba5026b10
1a13aek61qk	7afd929a1b2a
1a1b68b96tm	8ab658e30c2e
1a1ksnjsj5c	dcaf95ca34f2
1a1nvu36jcy	aa4ecc65bca2
1a1q2jmauzo	324ff5a1198f
1a1wgtgtsoc	ea5203c28aad
1a1xla1rq7g	8d47cb3fc321
1a20c1zuvke	335f1a5ecd99
1a28ed49tm	9b1c33f0ee5f
1a28wj41zcc	1700e7928247
1a2hy92px69	14573868b37a
1a2ujn8ibhv	99befe326fd8
1a2xt3ozolg	7c85f18f023f
1a2ydhizrou	31f116046590
1a30r8xwuop	e3f3c05f6e03
1a37yc98s3a	ed8466bea010
1a38q72gju4	79aa0fbc0d14
1a39qh3kqnz	0a034561b9d0
1a39vpnk38h	c241030eec34
1a3ikklbhk6	4cbe7cae51eb
1a3nzn4tons	224d5c3e379f
1a3pvndq3ua	3d6e0e8323b8
1a3tuybll8c	312620409f8c
1a3wius0fcd	7294e2dbc3b2
1a4lm016l78	37cd17ea7414
1a4mkk9xvv3	de534d02f6ee
1a4wzeeeuhu	7ecbfe425251
1a55sov0q1y	08586e43abb0
1a5brbx8gwx	a3a5afbb57f7
1a5gpq8svsm	329012856e5f
1a5rbmcsvys	ca661c01ae51
1a5rjgr8r0y	3852272f07e5
1a5u0h8xqag	792782bc7376
1a5vxq9py6b	d7005b36b795
1a5xgwozxha	bce76407b257
1a5zxjzmkgr	76fa7ab6ecf3
1a60ztzq9sb	3f1597f6bdd6
1a63fwqdzt2	7dfd23083605
1a65phx7czv	71db63266ed9
1a67fkbvbh7	a18d54e0a095
1a67iawxrs6	71b9fcba138c
1a69rc8av0	57a8189c541c
1a6c5b1rkjb	49d5cb643a2d
1a6e4kzyune	b84396e959a5
1a6hx7ulphd	2936b9615e9e
1a6nznoeklt	3b638ddd4749
1a6q9xmsep4	2ed1ba6c6e0b
1a6t9phvc0n	f1093ababd86
1a6ugx7ce21	043928932042
1a7bx8dvu1s	ccf4f3f624ea
1a7heq98k92	9afa3a89cadc
1a7k1b1aeff	bf3deaa8c281
1a7kz8n5slt	f2fa44dd1c81
1a7sfqe1m7n	da0acc7402c1
1a7vuvfef4f	a224b25a6cbd
1a7xvvmlodf	3bd750d068f7
1a84vjeutvw	bd100eea1e8f
1a85hg48ccu	766df17fd878
1a8bzd77n43	1eccc90f6d67
1a8csppujrp	5c30217e8555
1a8f0nepi6e	dc20c96fd876
1a8f3y44bvl	f977ea01bad1
1a8f6i1gssj	ce8771b9fd34
1a8w92uec9k	6b3999dfe2c9
1a8wl16z0g7	c7665d8d2370
1a9320ndb5s	6024a8b58f5c
1a97ll6ndso	836530d2c48e
1a9et672eaa	cf13052f3b0d
1a9fak5mywk	168bcae84ec1
1a9nxza6qu7	1d113a7488cd
1a9qf1dfynd	a1053e9bd9ef
1a9r8fj91r5	a01d9870e87f
1a9ycqrj8jr	f9cbd2b307d9
1aa775a3d3b	8ec05fcab1bf
1aahufhdchg	db6a25b83115
1aaimkglhuy	280512cea263
1aapj3hs9q	2fd6c4fcf236
1aaruwvwiix	acdf6c180949
1aatkld4fhi	ca9b6a079216
1aavvnsho1p	58916c3571bd
1aawwu4rins	ad3e10f71560
1ab1xgq5hl1	b499826f9cfe
1aba19pzal6	f624e1e8ac55
1abe8hlxri3	6b050b04d80a
1abebtv6ka	bed9d8bf5e20
1abnhkf096b	8b8e63f686e8
1abvkas69eo	771d28087ffc
1ac3she0ezj	1a6c7ceb7fb8
1accru9j8ft	dc7218eb6182
1acge3l9i1s	87ed37613e84
1aci9fojfy8	7f04c1964f03
1acl5xtmm4p	395ca3055851
1acq8wcnak2	a72f2aee13b6
1aczf6628kt	c423f67dff87
1add4jj6gc	eba7402c705b
1adoq8fyi1f	0688d6513709
1adqnomwfct	d47097ef5609
1ady23l0vt	51758b3b22f1
1ae3c2tt6v5	d32c70823439
1aehp8ynw84	670eb136c20a
1aej8kdn6gt	5a91786406f7
1aep8mgkfz9	c9b858210491
1aer7egj64a	214adef4884b
1aeuuazokl5	83ea572b21b7
1aezazamabx	586921174920
1af9qu3au04	ca318c6458ef
1afbxw19t99	21bab84b359f
1afj0hg8g6m	faa29acf8327
1aft53vyglf	94151a727650
1afuhit1h9u	50eea05fc5da
1afuutyy9cw	d8ff4906bb42
1afvaqsxd1x	aebd7a16ecc6
1afz9urk9v4	ec5ec729d951
1ag2s9ol53e	dc9ec8135164
1ag6p0neu90	3cff13f7fb1e
1ag7smpweeq	52e79441caaf
1agblkejmly	e5fb346d7091
1agdwswldlg	207a92fd2c32
1agezjn4r7c	214e8b51ab5c
1aghzl9ydfc	44dec28fbf6c
1agjj5advzw	28373a65bd40
1agq84twqmf	d43e5a8f3b62
1agxcfdr61a	e8d5e66be3ee
1ah2alegxuj	974abca35bb8
1ah4h4tzkel	3984e1f2b91a
1ah5p8fkwow	443c30b0e88e
1ahbjvxu7ct	0239570a7232
1ahghz25pap	b5a484b34eda
1ahhefzd4n1	e9279de4e761
1ahyf7drso5	562fc34c37a3
1ai2418yldr	352533487e61
1ai6o04a5e7	0c25549eee33
1ai8qj5dwru	4a3632c219fc
1aibvai62ca	1ed701965afd
1aies2isfwf	9f1ae73db082
1aihzn1p721	a7f8af763101
1aj2kniww44	3211ad2c1af6
1aj6x0v9plp	780bdca2bea3
1ajbqsud2hq	2a1365fb5d03
1ajgrszlsj1	f50d6ab2b82f
1ajic6udi91	ebb802f1a0fd
1ajkv1b4uru	f635349f4103
1ajkw16gcdm	979b1a09e7cc
1ajsmry3alf	355a7780ca50
1ajwivjmxzo	2a456eafb606
1ak02xmpvpr	d2ef06e2c5bc
1akarlsku2h	5ee7c2887bec
1akd2v91eeg	2e07f6fd29a6
1akegf8yf9j	ecfbd11d8a0c
1akji48bzku	cb810cd93d26
1akmako06vh	72bbcd4061c9
1akmbvloyad	a4d039179f46
1aknwgdrm9n	fb09047c58a5
1al00memy1m	708de999959b
1al5jebbq2f	c6d77bc61f79
1al6ib9y2wx	231057e11a67
1alb6x7rgnc	61b291967f3a
1allv4j2qcm	8568796a9730
1als9htc4su	63667cabacfd
1alv88rji9p	7809e21deb5a
1alvnd8144e	342bec6849a7
1alypzepa8q	36a482c0c842
1amb0pbb5n2	640f163c2e99
1amduq3jmvt	158809e658f9
1amhxt5uz8s	9a20f0fe4afc
1ammwpwtb6k	5ac53303edc2
1amqs2iftpp	82d5057c6f13
1amrqefke4s	34768040f4d2
1an2spt6zb5	cea5c38e469b
1an3bzrdbc8	40be6faa86f4
1anbs76uyha	dab2de15b221
1anffg09j5l	2c7a61bde79c
1anm0dvlpp9	0979f925b382
1anyxx6ngua	8011a6224fd7
1ao28reitnd	22543b85f42d
1ao7meyde1n	11166e8ea91a
1aofluk024x	9f52a05b4647
1ap1fqgkxno	826a4735cbc9
1ap4yb9pifn	75f9133878f5
1apbl3e864o	bb979dd6aaba
1apgckb1bhg	e1bf4c892f20
1aphyb91hk9	3ce0a46c904e
1apm2a61avo	440de63452c0
1apn5u7esyz	5ae4253f1d3d
1apyad336hh	6376ee77a2b8
1aq1jt2ok1u	b4d384edc2e3
1aq3i791xe4	ebf64edb22c0
1aq51zzk5pp	ac653dea52b6
1aq9walyrwn	2f3abc92c8eb
1aqas4v7z6b	61431d388223
1aqdeu5ak4v	f3e34f6c4cf4
1aqeov1g2fq	3186331c20b8
1aqiqfupcxv	8d1fdf215ba2
1aqljdv8881	6fb7f147ec10
1aqt3roboh0	01ed91fadaf3
1aqtef40kxe	72cb7f619686
1aqv3wk91lj	076519d902a9
1aqvd157spy	390b57cf2243
1ar5a22l4my	e304e119106f
1arevilarkf	fb6e4b41d104
1arluemf4jf	191ed4a0cc8f
1arm2b3ymsk	898d1943c584
1arn01k1irh	e1cfcc4bdaa0
1arnhd0tfjz	1cc61fad85a4
1asb7xpf6g5	c9f9c133a8a0
1asb8hcm1fu	a8974511e654
1asdvi6fnka	78882fd997ce
1asqc1utsa8	bd836e48491e
1assr1aewpe	cc49f35478a7
1astyq295db	c3506f92edd4
1at0557jhfx	b364f1cd5479
1at0og9tw4e	6b3318a5a221
1at9k55owwl	099068d9dcc8
1atcwli4teo	e20127f28901
1atjz2wlp58	4937c034d99c
1attohfalzn	bb90c77eb829
1atvql019wn	9fb91d27111c
1atwzko4tmk	9cfdd8ac8010
1au046ipcid	64c0bb3792cb
1au2mpnu5y4	b3c717127bc6
1au6ctrvgbd	0775c9d7c5c6
1au8juazqkz	60a7e22e16a6
1aujwhi2v42	9beb6a97afa8
1auw2j6ai8l	f6c63f34fde1
1auxlh54uow	e5aacd3ffd2e
1av4ywftcpv	2b43d2922d3f
1avcgy0blvn	91d1a3275b65
1avd202po6s	6dc034840851
1avf4u56txn	316f38e62d0b
1avouxkk40v	d32b1e0d3324
1avr0h20hvj	a5684a53b1ad
1aw2j27lz6u	533e1ab1cbff
1aw4cu3e5sw	2753d58ed393
1awgm868h8	a4444e748779
1awripwk2l1	b31f66e3a9ef
1ax9cy95uxg	3c9febde621a
1axh64g5s3w	6483d162181a
1axhias1nsm	3a4376dbe902
1axlrhl464h	7503d8f5a1d9
1axr2ou0l3y	549a25b92348
1axrsb88fl	4de36fff9a33
1axx4vwwe39	b23b7b0a5aa2
1ayeprffoqq	0677af27c0dd
1ayh3qa0mkj	b5b87e45be3f
1ayhfnq3qme	58a1eaba7bfb
1aynl8h0v7	370640c7b9b7
1az27g75b69	01239b2ebdbd
1az7192dpgr	88d0551debaa
1az8xqhop2x	c405fd22bf07
1azhfhtaxnp	04bb97a4f297
1azlx3kfi1a	326429078190
1azvzj6r6cy	f644b1629c49
1b007c5jfoo	9183184a40cb
1b0onl9q79p	8f9ba3ae6280
1b0rfbri6pi	d5898301ba85
1b0xljfpq68	0c83d635e3dc
1b0xyy5zl8e	56a7e4fe978f
1b1mgilu9gc	d3c17769ebd4
1b1srwufpy5	65bfcf2fd42f
1b1xl0n495t	f12a3e53f3d8
1b2a8rz58dw	6bf0dac1e346
1b2cbwxyjs1	82adb4606a24
1b2d630h3mj	2f45b7aa8067
1b2evh2y9nv	d6139cda4372
1b2gll0vvsj	067c3103b4ac
1b2rr66faxe	b1a36e8df6d2
1b2rttmb4is	198894df045e
1b2x3eus7ai	f8f5b85ab59e
1b2yxmb5v0n	6dc320ab4a08
1b33ip03aa5	5a5f8c699ce3
1b3912bk49b	9e63ccd77011
1b3dd3nkmbt	56d7d562e8c2
1b3m1s4qv6b	8180c3428a25
1b3zwvx75d5	6e47368ab3fb
1b41dj7sbye	f13121d86ed6
1b46a9z7npw	f145192d0d49
1b46j3lmer9	ab2130d64631
1b4964wb7d9	5220c9e92f3f
1b4cbjerles	d7a1bf0562f9
1b4ikrjq1sd	03fcdf757c44
1b4kv6f2ssi	0f732612851d
1b4n7sg2z9w	b96bab19e6d2
1b52lo6r3wx	71eee2097132
1b52q107qtw	d349e792f575
1b5cbarqjiz	022c242132a2
1b5k9awi04n	a275e103eb9b
1b5vt6zug8c	add1b8f00323
1b628sl56mw	c594cf7262cd
1b653fza1np	59baca322c5f
1b65yt43y9l	aea3b7101335
1b67vfxqhjl	e28e036a7aba
1b6ic9umgaw	598cfe010f6b
1b6kjepjrri	4b2674f7f976
1b6qfniq33n	909b00243124
1b6y53a6coi	64644c9af1e6
1b79csdbj64	10ad60695afd
1b7c3eu6rp	878098c2d0f7
1b7i2p5fpy1	1faf0611de59
1b7n4dt09oi	d96d7b962c24
1b7p4pc9hmw	8b400ca252bd
1b7t42joidk	bf80ee016cd3
1b7yg3zwgtd	dc07a1c7a87d
1b83270js9h	2e1c6485a414
1b84lf0bbqv	636c0bd0ef6b
1b889zwol91	304bc4de810e
1b8bllyvk3e	e3a1c3faec05
1b8hd8scyb3	2b2e2e9b9e2d
1b8ms6vp6ui	f5af3fd52782
1b8ok6l3876	77e96ba76dfd
1b8pp88zzci	364189c0a036
1b8viynxtxl	07039fc30d7b
1b94waur85g	7926d680a0c3
1b9bimquzs7	2100b0671013
1b9ewl8s8hl	feb077557f15
1b9zi3zg3tz	a5143e57f7d9
1baa6gk7ubk	b98a4edb0b1e
1badu02lw1m	d78e758f5cfa
1bakk74fqn1	a57ec88bb226
1bb2ajt4b7l	3ff75b59d6d8
1bb2hi8pjqm	539e1817376c
1bb8i9jhl1i	53b73242bce8
1bbem96b3w7	56df5ad2ba9b
1bbf9n8ks2h	92356c0a6297
1bbh7v0wh0m	0b6b59a80b5b
1bbiovgp6z	b4e83bfca54f
1bbs5x337zf	7080379add49
1bbt1yfkzwr	bba5277c6e15
1bbysvtkkze	eb88d16526e7
1bc39nw572q	ba87c5663e2d
1bcd496pyz4	27cf5d7aaa7f
1bclr3m5ix6	7196ba0c3f23
1bcuia9ubxm	579a86feff0f
1bcukm423pv	2f186cd9b3a0
1bd645er4fd	2321dc3f56eb
1bd8f93js64	bfe225a10544
1bdcoyilhiq	8cb733d94534
1bdglibm86u	f37f2104637e
1bdr35ex65a	2114440b06e9
1bdr534ws6o	0ab70fe1222f
1bdtw8ndj1x	1e50ab17154a
1bdyddafgpx	97673143548d
1bedtgdsvgb	8d6283c7a720
1begu8fctvy	738c21fa3d2d
1berp7lw3au	c0755da9e803
1bewjcjpnb	05f41d797925
1bey4xu6d33	96d06f02ad17
1bf2nfgvdl2	cf1863c0a773
1bf4q2q767n	f877d2d429db
1bf4y24jfrv	bc7a5e33910e
1bf70qlozwu	df2f9f5a15d2
1bf71ta0j9h	444727695990
1bfa6mzylva	a2060a37cfd9
1bfap7do64t	e1f7a8b62f41
1bflxqtpx28	a199c86d8cf7
1bfm83qk28m	b5ad0fd3dd13
1bfrn7s769p	d5e06c79bf93
1bfzg5i5rpk	bf63683c6636
1bg3a9q00y1	d7a64e798bea
1bg4bhb1jmt	a91489fd80f4
1bgfbjt7rc9	f5b534ca02a3
1bgfvo8zs23	c11893e58584
1bgl6kguzy1	31c0809315cc
1bgo830inyk	1a67ecbb15da
1bgsvohz5fy	59b16cbdef54
1bgveridse5	3987bb06e694
1bh01rj7wmg	4451e6b1b66d
1bh6zg9a273	8bb1f2ac3c25
1bhajwljfvc	0f01dd426180
1bhkdiqi5tz	31731e2f1279
1bhpbbkrrsy	395192ee9677
1bhro9lzf5w	43b7704205fb
1bhw0quroxr	f2cd5ad83ac8
1bhwf05aohe	78053d7d8199
1bhxe4ru6dd	59e172927368
1bhyyzdbu8k	a3dd11e2270b
1bick7h1ebr	775309a6bece
1bidg55vom0	a3fad39103b9
1biote568xr	1cc38136e5d6
1birenikno8	748d4181cdd2
1bit2aqg19q	b4f7ea1fc63b
1biv8574rcy	3813570bfa6c
1bj241dbisg	51e49e158cef
1bjak0ygvrq	55c94576812a
1bjassidqs2	40d1090733ff
1bjgu8prkr	6bf70f87ad39
1bjsjrjkbm1	ef60487f8a8b
1bjy2uczu88	e97a446bf87e
1bk5dfzlfxm	4e04dd7747cd
1bkbk8037ig	16bbc75c01b9
1bkiru2a25w	aba28c90d86e
1bknuuoahtv	61a382b5aff3
1bkxr56dwr	b23f4aac5dbb
1blc9wc1bkh	b9af0cade34d
1blk6uqqxx4	a609d5a38ba6
1blmay859gq	65c49d62809c
1blx9kchdbj	0c49f725bdd2
1bm9t5vhy81	6c83e41f7c74
1bmgokdbtn1	2da258a5ea76
1bmse5m9oc7	3dddd8350465
1bmwoxroku	fbe6aa75d83a
1bna6kunhq7	51d6f6589026
1bnczdelcb0	7b4fb0ac60a2
1bnh3yjy4kc	a8df16d024c0
1bnn73ssu80	a304d7409bc9
1bns8xqmmlw	4ce10bb6e285
1bntdqswxtl	7f446061cfbd
1bo0rptzei	5d850ba5b918
1bodrzovpb1	25ec3fa3c3b1
1bojdlq2arv	406351904270
1bolyduyzve	cea71e3a37df
1bow061wexz	486fec3f9f63
1bozj0jeltu	13cb89ef1365
1bpe298msqm	8d95d960bbf1
1bpe5nclh5w	c16e823d2c46
1bpgws1oe4z	7ec63921b9c9
1bpmg9uzaih	d7c8b66ffe17
1bpz2chtqxw	e12cef55d39c
1bq0q3k9a61	6690136b0ddb
1bqdans1wjh	60321db2e55c
1bqf5qwrzje	7bf2a7aa051f
1bqkmjl23py	ecd6023af314
1bqm7n021ue	dc5582ce8146
1bqpr53nj4p	f0d573075967
1bquobdog8k	10df3ce2964d
1bqymatltde	2bf4d6db0505
1br0y2mg7t9	91628aecbe6c
1brewxyf5b	270239ed7cde
1brmpmdrhoh	3ceed84f9a74
1bs3da6mkpb	955a6b84b0c1
1bsesjqtjdq	60009de5f99b
1bsm8oivxjo	03e83a026139
1bsmwit5dpl	1a0b79026c0f
1bsrebuo6xg	e7cc09b5e6a3
1bsxso5ztsn	a7354a409ac4
1bsyjhjxpxu	d4029eacecf5
1bt9fehskth	34c7a93f6a2d
1bt9yj2ucff	8bbe7bc1a82e
1btgkqainpc	67d7e62ffb9a
1btio6l7zb5	99bcd66e5461
1bucnbwfmtm	a4e5bec19884
1bufzgmjld6	580e1269d98b
1bugg8tmt0c	6e5ed38ab185
1buk8li6td3	e83c24a57c55
1buldn5h4v6	81a5eff938d5
1bum5d439mw	38645317a23e
1burjkut5kb	ffcec0c4e862
1burx114418	53e81a7f72fc
1bv4p50geto	ad209f934f5f
1bv9m7xehwe	f36c8a57f6ed
1bvj1y8yjic	82ec708efaf3
1bvk2sjor8i	401d66d802e8
1bvsqkgdwuy	cbab089a067d
1bvw250hk9u	75eb215d8967
1bw3xyi4pbn	2a2fd863c91d
1bwdzw76u7l	bb1a5304c270
1bwi2i610qa	9d5bec2b49d2
1bwiami7x5z	4f7e12820260
1bwiohwp4xf	d00a1bf44645
1bwkncodgg	f29b33228f3a
1bx2y32ewx	51497e2c4b16
1bx4l8a4ozp	e573f7b82ba1
1bx7ikw4g0h	c913c9c0c367
1bxbklt9js0	5fb7cc68583f
1bxe03dudg9	5f0c72d3b591
1bxeshwce25	e942c292b6b4
1bxieligd5i	50c59540a52a
1bxk1ffnpbn	21a4d7778eac
1bxmee84fig	b9c6fd1c24ac
1bxokd8rccb	e48a5d7a055e
1bxtcptgios	82787b9ff0d3
1bxxwqvtu6r	2c44af15a709
1by1vgy8qsy	7e3f42b31dcc
1by4wvxkk4k	112147fb81bc
1by6yuqdkl3	7dd286580b68
1byh8s2i045	8fe01e871d77
1bykwue94zv	4df35b20b39c
1bymnwoq5ct	ce3444bf0371
1byvlarr1s	cf7da14cbaa9
1byz08pmtrs	0999942ddada
1bz2hrl5euu	344946ddac24
1bz3vnfv6x4	ca04f0b6e148
1bz5o8y7m82	26c90dec0224
1bz7zcoaqyi	185fdc0353b8
1bzas50bonl	92309fd1ccd8
1bzcd7jhqnd	1df777709fd1
1bzf7vzouo	3e5f1aff0ec2
1bzhedvg80a	2ade3e6c23b5
1bzl8kxfhjo	c0db9739892e
1bzpa54hz08	3f5a0fcd33fa
1bzpy92hep4	ccc658bf9edf
1bzt183lrez	6c1e67d0278e
1bzzvtpuc71	50d1adcac5ca
1c0fqzdpe9u	4798fff8d59d
1c0gx90v344	bd85955a1475
1c0k2o0ickt	79ccc2f2fbad
1c0o5xjrtdw	bb123d649f5a
1c0plnswu37	6e6807d920bd
1c127od80a2	92cd202cbbb9
1c1bk6zs437	587116d92e4b
1c1jg50ow2k	8202280c00b4
1c1s7cy1enq	3f0e0a52e5ac
1c1uyv76l5r	caa99a35cca7
1c1w2sru8c5	a9757cc1b11b
1c1yjgbo0jn	d2bbba9a1ef2
1c260145ezd	6163f88d7a35
1c2apd0glup	53542d09a75a
1c2g9kf803c	09fffa7387c4
1c2gf7t37pe	4acfb01c3096
1c2isp6ehyq	3ef998092b9c
1c2ixjdmghk	19085790c005
1c2k5utc8fx	cdefa908762a
1c2lbld5lz	b6ea2e948c20
1c2oa9lvdyn	3f30b38bd17f
1c2p2ftcr1v	c1bf32477423
1c2ujm0fnpn	5a9e5a26e591
1c2zse43drt	cf12859c5ce9
1c36vieqmkd	28b96c0b1587
1c38di1f4tq	264451743601
1c39yq8wiaq	e3f643e58452
1c3dcqlh9do	8c5e1c7986ad
1c3fl9qu3s9	c31298ac4b7d
1c3n3rf4pc5	76cfd8d5c6b2
1c3nyolzynr	a631134ecb57
1c3wivenmcu	234df96df4b7
1c423lnjqiz	3459e3a3712c
1c447wmd5n5	8cd81cc2f916
1c45kcr03q2	4bcba71cf264
1c4rd696twv	9a9b83e549a3
1c4wq6co3k4	e87bf397cfa0
1c56xvuqv9f	bc9dc1911ec3
1c5bwz4uygo	aab661a33412
1c5fe6ohhtg	3281561c95bb
1c5jvvwgbi5	6300e0e25710
1c5s0536rcm	d4ff6443fde4
1c5uo25re71	669c645f2197
1c65ny5dgyn	3b0bcf4a8251
1c66ugr3lfp	3e2159777de0
1c6ip8u3pkt	ddda965b7447
1c6ncgx2y0u	60f595dd462f
1c6obqxtlbd	2186555effef
1c6p3zf3zva	e2460f9d7af0
1c6ueglnbhh	eb98075bee44
1c74fhivbxq	1c83893c4367
1c78wgx3yh5	591b9c34689e
1c79z9vj4d4	0af775c93764
1c7fuuo770s	5f2253c41979
1c7g9k7vagg	18cafe4f97f0
1c7krkap18w	274e7bfb9954
1c7ns6q7rhy	c293c498a123
1c82g9tst46	fdfe1611a27c
1c83clj9u87	4d0f7108132a
1c87mgpagc2	c33d4c8adec0
1c8bos5jll	869337637a71
1c8eu3vdgei	5fd487fd1d71
1c8kc9y57z9	55e305a3e07b
1c8o67c9l3l	12196eeba5a4
1c8ri9kdsqr	9582415976a0
1c8td7pf3ur	80865450ab5f
1c8v84bsz2k	7249307b749f
1c95gfxvrwl	461876b99e81
1c9ea0mbei3	56e3e6e0cdf2
1c9fxe1fkqt	302505113af4
1c9poqit188	5aebc0674195
1c9q9lv2149	ee19ba19cae6
1c9qc91ki8d	fe42d5f6492c
1c9uqa0zu37	92cc8ddd886d
1ca6srxfco8	9428786064c1
1ca75hl7ymk	84c8e8df3acf
1cab0dagisl	61926c289e69
1cab0mrpxq7	f62d1bcd0947
1cal6t1d30x	b2f7edfb5cd7
1can8xdn5cy	e57512608a43
1caocoflpte	c2604b5c5d4d
1capaptx34k	13a410ae7d6e
1cargcenor1	99534ccddbed
1catsm1s62z	2bf411dbe1e5
1cawdn8zml	de8bc9267754
1cawdutui5v	7d888019ab88
1cazokjf9ba	0c6876aaafa2
1cb26vfn3yr	653f7c79ef4c
1cb8kacjb2r	f6a97ed9f8a4
1cbg2h15oot	7baac67d7db7
1cbvw30n2pi	c40f4c7d20e7
1cbweyfdho	064e4935e3f5
1cc4sgmbebk	221e5c6b4802
1ccbefaidkd	f99fe554245a
1cccy38dwi8	a150a741fa61
1ccd5vmb9vw	c6885c626858
1ccw93e4qr6	81f96067bb1d
1ccyc49zmtj	f472ae54a374
1cd04p5nugz	e6bc8a0769d0
1cd366zu9yb	78abb6cd45e9
1cdraqmlvda	c59a3921679a
1cdue6twk3v	9596f9e5ebeb
1cduh0gq7j	b28c45b93a2e
1ce2896lryt	b80055884b2a
1ce4il49ycx	b841b2a27d9d
1cecta402u7	c7a7e71f4a55
1ced0mvexla	ad0844577609
1cellp831d5	789bc9dad47a
1cesuvt0o7s	13dc64941e9e
1cex5u0emnd	444b22d1a80b
1cf36ij96ie	6da4c73ed271
1cfb9xqmfpa	497f742ea6ad
1cff3cxjvzx	d929b0e8c5f5
1cfgamg3feh	cf282661b6b6
1cfj0iqnw98	5fc5a4b2dd66
1cfk5ollzfo	a95b76b5792c
1cfnru1kk5d	497234c54012
1cfwou03loy	038f678bcccb
1cg6gomtj10	6a017c4f5c7a
1cg9mhv7u0v	f56f85c0058c
1cgcuarl560	1c3c5a63f24f
1cgcuicwf1b	4eb388be0f82
1cgdj4j5wd2	8eb80ba09228
1cggotwrfdj	e9d75dcf929e
1cglx67694p	694225146e74
1cgyjberwh3	139d275e3a83
1chcqsevt4u	76b2c6198ee1
1chf8mqdjsx	3c7ff1af86df
1chmwkor3ee	5ba9741f2829
1chv0rbr8bl	8523ff9e5783
1ci8kru0np	d0a823f9b8dc
1ci9yshjw3a	a5b4916de82b
1cicpplqn3n	ebf75c8c47ef
1cijfdjkxxt	f8700babe435
1ciksesxtop	5306288a31f0
1cir2l6qj9	415a4e9520cc
1ciwoyfo2wv	d44f64776632
1cj1ievl8sb	5f070bcb4011
1cj1mei6088	78914dea2d81
1cj1of8ifva	6639d0f1381b
1cj5m6de0xo	4f7d5b338c12
1cj6hju9bco	8190df221597
1cj99bf01s4	9771480be116
1cjb9do4yhv	ab80bc5683a4
1cjchu4z1jh	c044fdcbe7ae
1cjgr2crm2m	287c195b3513
1cjgrw2pd7f	eb33fdb2785a
1cjrx7hxxcv	70a63d841b37
1cjs8o2enms	c217a5a56e79
1cjxoienngn	c0a99bdcfeb2
1cjzga2q5jv	6c963f361480
1ck2fcsqib1	26165edd7010
1ck8la9mhu0	09c36bccb5b6
1ck8ypmpxfi	73621b9b1efb
1ck9l68ywz7	720f1d886fb6
1ckdf5j83r0	2092795da17f
1ckgv95oemy	9ab375cb462a
1ckqb1gb8wu	2aa2db93ba64
1ckszs2nkqk	a99da14a640a
1cl78u59xlc	11ab5ab6e475
1clfm0pdah6	d652dc22d5a7
1clpkvx5xdo	fa7c3662f411
1clu0tv3es0	8736308c3f0b
1cm1r249gzq	5ae356bf8504
1cm368uyj76	9fbabedae23d
1cmlfkrs0t9	809eda7a852a
1cmqz23qpr7	a264c7e0efdd
1cmvzw0tir	61e6c59b4ee8
1cn8ig668xx	ca50dd2e4249
1cnppk949q1	ef3984f1a5b9
1cnw34jvzr5	3a823063b1b2
1cnyjlen1fp	d642105f57a5
1cnzyg2f2kw	20f8d8128435
1co09opmtf7	7ed89ec54d3d
1co1se9tcrh	9a865cea0c31
1cob2l6s7a	ee4497c7a45f
1coft39wgwo	0ccc2bec724e
1cop5hiclnz	dd9731cf77ff
1coppx82jia	a0db1bb216fa
1cp0cnygjse	fc2f971ce89d
1cpkczu2ap	97946978634d
1cpngsgredp	f60dc6963bcc
1cpq5rlpsvg	f91d08ff1e15
1cpqrwqtmwq	9c2314370f6a
1cprhfamlm6	bb6e627b7004
1cps5jhar6p	148df47d254a
1cpxml2z2ee	7859f19b98ae
1cq2elitp4o	cf74a70669be
1cq4r1wtcgz	58bf79408ba9
1cq5klojofw	a92550947eba
1cq90bk83hv	17c0d7bb945b
1cqu21jaqpp	c9e3b5baaf9b
1cr40unf2mt	d59eb3d56075
1cr4ck4qny0	29d28b7d62d2
1cr4vqmhc78	1a7ff6eadfbc
1crmgue3x8q	8a934753c6ae
1crqrigmnw1	32c4e0effac2
1crzfoqxw8z	80d55804b204
1cs56ph5wwx	8f7998e7d128
1csawfylcvb	9ae967cfda8a
1cshzpeci9j	6ee6705a290e
1csj64qfklq	08748c9491b0
1csopqp5984	f52b4b904b14
1csqjvor6mr	c13a668b0a2b
1csrg1lv4mr	c8bd7bbd13f7
1css4fvogup	06bba2dc9bad
1csxljln0sa	bab55b2e6c9b
1ctnhc83jwk	c2aa9a29af10
1ctpftc8k24	7d5dccbd0afe
1ctsyfl9lq0	d5da4ed53b42
1ctwm6hh0x1	c30159ffb56d
1ctxkom7yk9	397d6b254f72
1cu0el8jgmv	a01b3add3fc5
1cu5xmohp0m	a33becc311dd
1cubtvw2x0s	d0b81560cfa5
1cuf1ue5ion	38cd0c9eee87
1cufnzz157h	5f77421daa18
1cufob0q6p6	69f313253101
1cuhlqf4mu1	f4dd4a6b57f6
1cuk940yjjh	6e8608a25661
1cum3y4ylfr	aa9adfa1bf89
1cuoppfjqid	fd88f1138585
1cv1u8ygdp7	06d7ed58cffc
1cvnji1359z	9521ef0e93c4
1cvph0lgb0d	8fb2de8d1a49
1cvupp4cbqf	0962556544b5
1cw09s99fuy	00f9899f5203
1cw1nxzvjfw	625c8e0e1b32
1cw7a8l7m65	c5af84f7e499
1cw8vzjejs8	13288a9aecfb
1cwanoip8nr	4db25f921c17
1cwh7wdl27s	86c5e17b038e
1cwmbdu5j8b	791d0854f1cb
1cwpansvbh5	3fe9edc6dd4e
1cwz2wyawa2	8a65881adc39
1cx0umkbrg0	6e52c935cc56
1cx2lb4y2ua	dd266c8231b8
1cx6zfimyho	b1084ee085aa
1cxathbskho	c7ac18fe53f1
1cxc2pp8un2	1113eeb1c816
1cxigehtxa6	7ea15c72a2c7
1cxkir8z78r	7170b77801de
1cxm4b30qk9	b274c6d08a60
1cxpz8bkpjj	768d57ac03c2
1cxsn7k88m8	88a07b65dc00
1cy0junp7gt	01c4025de1bc
1cy6g0cbyp5	b74aef1c16bf
1cy8m46vazp	20eb89f87007
1cy9bef4cvc	788e0b04407d
1cyjlqp9609	0a141fe94411
1cyq85m8vxn	d4c11f960861
1cyrqy6gtwr	b96d5b1fad48
1cystsk192u	163b432b3a98
1cyuxsza43x	e85d67e354ea
1cz2dx927k5	81de8d68c5db
1cz6enx5goz	78be12bc9269
1cz8q1liq22	a85b68b667b2
1cz8xb7o9l2	bfde3fabb3dd
1czamtfbip8	3d18fad93e84
1czdsj0c3hp	985f8e197f09
1czhi5jhxgg	4899d76eec4d
1czpxqyjeyj	0c265c61bd36
1czvhdqjxeg	43ff9daee551
1czvypdmqgf	c91424920d15
1czzec8rv3f	c7a219d8fb46
1d0981726vw	8b9d77d1da89
1d0d33qk04x	64a322caca35
1d0glmxfyiw	d7600bae924b
1d0oydlcgq9	2202759703a9
1d0u3vybwiu	e18438c8a8ef
1d0zor7nfvg	24d827fa4750
1d13ufy2l6j	111d5ecb2c95
1d1rr5rtqgx	59e126a05553
1d1v4oz8ewi	a2649f4d08b1
1d1wiggme0j	83bce08cc6c3
1d1zl3sr4h	a6308b8e2500
1d2rmsgjmla	81baccfea6c2
1d2vaql4vod	e64377e472e2
1d31wht4b6m	ec68a35cd6ee
1d38ykes5a4	d6eba2cd21e5
1d3hq721pl9	c83c52052113
1d3mi8iqj92	584d4bb35d30
1d3puue7bhn	29c558fb2730
1d3w4olq5if	dda75d20cf5f
1d4bvgxlsbz	017f159c54f3
1d4i00b4wl9	034e12f1761d
1d4jusp2se9	4777f3f081bd
1d4lebicq60	e313b22541b4
1d4n9vya0gs	fce90caf4d47
1d4tebjopzv	c06fe3cd2ad3
1d4xf2rt0tw	b7265ae895f5
1d4xkwemeac	96a656af85a3
1d527knruw3	8b180437819e
1d5lf89wc1u	bc56c415e466
1d5o5biv68c	ec4785a74cde
1d5o610hb2e	7166f84dda22
1d63fuzrfw	1dde12a4fea7
1d6494iv8kf	7bba5d564bea
1d67k8ic400	50640fa50bf2
1d68st935rz	c3caf1ff4992
1d6a275r0e6	c9afe4bcc141
1d6esfvw8q4	287e36e83e26
1d6f298a3t3	2b7d6325492b
1d6fhaq0uv5	786e04b2a883
1d6rtsrzqrw	ebe0c4180efb
1d73ndzmgc2	892ea8bf4b62
1d75vjk7wr9	2f60e42615fc
1d76wc6uoew	9acfb5368058
1d79cdngobn	40dd9d8d8cd1
1d7h5yzllj4	9082fd6177d8
1d7tgcaerfx	6828534baf11
1d7tnytpn6h	b3235e4bfda3
1d7wjugati7	27149c27faa4
1d7xbyj6p3n	ce01c5550fe2
1d83hjr6ej5	58fb1966ad4f
1d8bhbkznq4	98fb0adc0aaa
1d8h29yim8p	26326cdaf209
1d8jjv7uas8	a7dfd00e4ba0
1d8mce60soj	e454d73fd172
1d8mejq8sl4	21ed78e90eda
1d8qzgm33d7	b93b2eb13c45
1d8vb9rjhua	c767d6b52db6
1d8y3yriemr	7abd1edbab77
1d90ew8pkuj	b3255ee26690
1d9221f84l5	98d1b797370a
1d963ybfqp6	2f0cb1aaad33
1d979jir9fo	587e6e447875
1d98jhxpbmk	dde7e0a4dee5
1d99av5dv32	73dc18431db6
1d9bk316ai0	2caa9ec25232
1d9c95golji	2488a297371c
1d9czvi5qi5	b5a411cf3659
1d9kvj1lkps	f5cce3598e0f
1d9ruk6x1lj	292b3e4ffaae
1d9v353lkyf	9d342456b61c
1d9vujfqod0	b9492dcf3909
1dahxrv70dt	0a3ad023fba0
1damwilrg38	a2c6fe35e243
1dap9vsoyhv	41ef3a4710ea
1daq5grqscb	0cdbe7543a2b
1daumdun5wg	6fa28192e51b
1db1ru9rtdh	a73d57827114
1db41ln3b5f	0c388254255c
1dbhkkvrvxp	38b5feada04a
1dbo1krk1wd	ceccff97c5f7
1dbv99r2ga3	623981d4e9ea
1dbznef5rwe	1e2ff0ae8427
1dcaau598g9	b385e1ad4431
1dcaxitl6oa	0293ce92689b
1dcc70e2vm8	28f4505c93ee
1dctnkk3z8h	3e25e221e42d
1dczoapf92a	702d970162b7
1dd3hgultd6	1b1533037f45
1dd3mwt40v4	053c4d42da0d
1dddammkys8	a95689f2ff5e
1ddjd9bshzo	1d917d90db31
1ddnejh95wf	b0394f44f2e7
1ddsojr52hy	a0d43919672a
1dduqeywoeh	df0579e9a7ad
1de5dbd7nez	efa65a500d19
1deatlrrusn	237392e381cc
1dephzpal1t	2b451f9e341a
1dfejmdke5s	80c4688a61ab
1dff895osjo	a3cab1930f25
1dfh1tinfq6	e923ac4e3e93
1dfkfbj5psp	b3d529502f9c
1dfrba8mxlo	94fc309d270e
1dfshrwgaeu	6643f0e5d7ab
1dftkhivmvg	fe8f7b3559d6
1dg2wdfzv6j	27e5b92738c4
1dg52yli0wo	a58f9f82ea2e
1dg5ixdy8o8	87560c297c0c
1dg6qi928cn	e76b9b6c194d
1dg79lunupn	cb4c6c6bdbd7
1dgs6frxioq	2dae8ca7170a
1dgxslidbts	ebe3c218e8d2
1dh2uwv8men	bcb06eaf8639
1dhbejscln7	3f9283fd29cc
1dhcg1769id	4c0dfee84c11
1dhp24ykt7v	93479082e4fd
1dhrr6fgiyx	cf77f03671b4
1dhsnbc02ux	918ac26df132
1dhy72tre7d	a4f536a58dfa
1di5yf75hhe	37226e70d1c1
1di7s7lkxsf	0d6f85dab48d
1di8dadmmaw	0dd6c4742f83
1dii2wp2u0i	bd9550ae9a1a
1dij3s6z4c5	41289b793fcf
1ditmje8ivm	53e1e9236e9c
1dj244efllm	8709cd889fc2
1dj3w4um9b2	5de7d1698647
1djdwurfj03	4e034dc4afa8
1djl6cejwo3	e1a27b22d5cb
1djq2xlqw8t	915bb970a912
1dk1p1r52xa	5de66d821824
1dk9o1cegmg	58b29d34cde4
1dka20ovhi1	98219081eb81
1dkaafup8wt	dbf067929ba7
1dkieikisza	852ec2a7cef6
1dklryqt7i8	53578e09a0e4
1dkmeuiqab4	2ce8797ad6b2
1dkwvht0lgq	01abf1466121
1dla810dkkw	abda6e92b120
1dleqs3k3aq	c20af93ae05f
1dlx5s5zyqt	ff39dbcaa15c
1dlyho3ch6c	32f65a1eac9f
1dlzwy2gpxt	f10a4e02b97d
1dm1qoc8i8k	f7154e61bb60
1dmc3tff4qb	b28e57351707
1dmd4rcjnjg	2867f9d09da5
1dmky4qf50	3f1f04588d21
1dmsfcm6n43	0d9f90926197
1dn5ogc5u4f	7a79d76547bf
1dne82kotmz	194d533fd44a
1dnijum4kw5	999cadb24261
1dnn6dnjfv	5917630e87fa
1dnub528voi	d56382cb19fe
1do3gd1mgiy	a894e7335e9d
1do8keihou1	415a9a42e424
1doermt9hwg	5959104aca6b
1dogin8hdjf	7c0a133b1664
1doloe5ufey	37155963bbad
1domx4eiys	6a680593a510
1dorsno0j2d	64103397e740
1dov6vln7bx	30d0575e1ba2
1dpdde2kbek	bf0a1d0def08
1dpmcwhdkqv	3241c1169a2c
1dppf0odp8d	ac0427ec3990
1dpy4f8xiqg	74f6112e186c
1dq0ng5glzq	9c2b50ec34e5
1dq5i2el8rc	027a2796d78d
1dq5svuvfvs	fa6b5ba808f6
1dqc158rotf	98df8fcb3a6b
1dqelesnemx	259e5fee7e16
1dqi3ij1e6b	69a0364d03f6
1drf7si1078	757524e0c4ca
1drl6qd1f56	cb61fc3d8b68
1drmtiho0yh	0c537a91aa17
1drsich95gl	b74df63ff0e1
1dsdjnmum3n	c3e36ed8dac6
1dsdpzyq9sf	80df5d7c98e7
1dsft7h3aaq	c11a5ae73fd3
1dsgj9mvbrw	cf5ca6fcba94
1dsgpr2p7l6	9c79149ab991
1dslsw0e5bn	538fa1bebd88
1dsmlnpckgl	e8be0c9280f0
1dspvpjw4h6	62d096b249bd
1dsw8v11uya	d09c1d264219
1dtq3lvm1na	8c1f6a0b57f5
1dtqpcy7cn6	c38aadba70f9
1dtwctrb02e	d053e384b70f
1du08lsam9e	0a0bee45d615
1du1k591u34	4ad16aa3f2af
1du5p6ir24y	66295933c201
1ducr0fvme3	e21b869d2bad
1dumgps3331	6048025bc916
1duxlx4yogi	9af783af7639
1dv0ja0s255	282c641bc8ab
1dv5d4lojyu	b8aa0db7e801
1dvbsrvgvrk	f34c6399f48a
1dvowfatodt	d00d7b83a9ad
1dvsy9znl2v	bbdca6c9195d
1dvus72v3gm	d0968850c79b
1dvv3g6fs7k	dfee9cf3403d
1dvx8mchk04	260398d3cb7d
1dvzarif8ln	e16e02184e0f
1dw0ngionoz	f711e19ad406
1dw4x0qhspz	1751e86f3c1b
1dw6tn0i0ec	be93676f3e43
1dwk6voezap	f16de0dc92d8
1dwobow4wo3	1d32d6495cf1
1dwqopf3r4o	501cca89914a
1dx100zg8i4	28348568ffdf
1dx1liie39d	7268f711733a
1dx1mkyhuj7	0e73f7a292a0
1dx3qh0ywsl	cb40ea261a2d
1dxa7swj83k	064963af7336
1dxce0jscca	3e6194d18efe
1dxd9qqdvr3	9227b6ec3a6a
1dxlua20p9h	eb645c6d65d7
1dxqix3364q	ad72b94d8751
1dxrzm5yway	e7ed6a9451e6
1dxs9uncbiw	15b7c9e3b4f5
1dxvv13wz20	4b473d20114e
1dxw9qxd2ko	e30836e228f4
1dy0fv0o4h2	dffac53044c2
1dy284t2so2	ba4d9a5b1683
1dy4nnvn6vk	069df197be88
1dy72t43zor	90210a0f952d
1dyccn3vpju	6c88e0f1cdf0
1dyck8srxl1	d9036cb5f764
1dydp57x37g	2caa225fcdac
1dyffbko4yz	2c09dc25e828
1dyg7zyc2ft	311aaaf77190
1dyi6nlmvix	adabae0efed4
1dyj4krdhep	5640153e9c0d
1dyl17exu4a	1cd76458ebf6
1dylwqhybi5	622df885537f
1dyns79f1q1	bad313ed920e
1dyqthkrw6v	2d5640b5d63d
1dysoao0e2b	706b89bb2e1b
1dyziwmkdha	538dad493b11
1dz58yaqlv3	78e8a5d4df3e
1dz87kvw5ei	d9199e84c01a
1dzbfdyo7th	67931def4ff7
1dzcpb8jioe	5f59c6bd2ff9
1dziksx3qsk	287e13e6538b
1dzistmg9m7	eba5fa5468fc
1dzp3336eos	0d6984c85c7d
1dzpehs78ll	46e9e049072f
1dzxwtdmu8a	46d246ab0687
1e06ms42san	c2e23435836b
1e073w9iewb	b21187ac33f7
1e0ft8u6ahi	4df52e6252cd
1e0i0n60t0x	c7964a68d4af
1e0jw1xfest	33e56c73b3da
1e0ke57nvgl	0bb0b705496d
1e0naql2we6	7a0599efbf4c
1e0r2b5w484	9b6603e1974a
1e0r86wzmx8	82ea476fec0d
1e0rcsz3qbb	45101c142bd4
1e0ssc0bafl	c9199ce4fa32
1e0txte7n8o	899b4fde8330
1e12czwao7	2fc61d821c7e
1e19xrwafed	5f5af3d4f5c5
1e1av3uaanm	054aea131182
1e1hrf6n25f	15be0f4657bd
1e1jmzn1too	e93b499d9b0d
1e1k7qt7xmj	90e9ccdd2b10
1e1mds67dok	b1f7b97a8aae
1e1w49qwjje	3360b8a6fce1
1e1x78mw79u	e45b89497c3c
1e1xkcxoiro	a512e30eddd9
1e20pvd1jl8	8a118b5d68c4
1e22bfshyib	54bb3621d996
1e22he37x3t	44e3bf9e74a2
1e234nnxln	deb14091bb05
1e24yab35b1	c5101c8c00af
1e2dc2hf902	4271de14008b
1e2hjjv1jzo	78d0ca761df6
1e2jcdm5qed	4a660aa78b1d
1e2lk62sv3j	b447d95c752b
1e2rgnk2ymu	6e1b917012b1
1e2u62kpldy	4ce56bc054aa
1e2zldnnvca	ce23e21090a6
1e30hi1mseq	ef93e7d776f4
1e3i32pavov	fdcfe7d1e215
1e3l9cd53yq	10471e29afd8
1e3qsrqqkl5	9b76be1db24c
1e3s9iw614c	5f55413e17aa
1e3wkmqbd2v	d8c9ab6bc3cf
1e3yo3j6cvi	1a10956ee7ba
1e3z61npyg8	dd9421124223
1e3zbn4886w	57207a386a1c
1e421g2vutz	f5cc2a310536
1e4632g9brv	81ea52a11b05
1e48srze0t3	5851a97df86d
1e49aplwudw	719fe5bad331
1e49nskvowo	972393739fb7
1e4calkgsdy	8a4508c7ff41
1e4dj4q5ecf	9ea838173d7a
1e4dp22s4ul	d5a197958331
1e4eqvmwwrp	03bc728bda67
1e4etwkeycf	fea46a51d039
1e4fv83wotg	e7fe678fa114
1e4g8d122ij	bb976b1d4621
1e4hzekprfd	5222b7b5b473
1e4srd685ib	1f583304e1d5
1e59ro7f8ex	4fae7461c127
1e5f3i7ie8q	ec63d114c9f2
1e5l3mltpmi	e1d913c78c42
1e5wy5ztq4y	0f53e06e06ac
1e5yryfalhy	95ebfd21d60c
1e662kejs29	fb41e6b7282c
1e66ibfjpil	16147b7e1e1f
1e66usf0rjq	89ed3e3fdbab
1e69cfrcl5z	b46f92c01a77
1e6d2ez42a	1e5e9dc35e32
1e6jbkzzn4z	0c9ee9db8a78
1e6keab6wnj	bdafc79479e9
1e6pl7rovm3	21464f3e3370
1e6qlmqgbkj	15a526dd8b54
1e6s624kv5p	2a0d28078227
1e6yj4p863i	8c09ce77fadb
1e79fysrs3e	97d00dac1841
1e79op54n5a	cdf70a5342f0
1e7nme7rcln	03ec411fad76
1e7ov6sttp9	42e3832a797c
1e7rrbhu9p	f4c02056dcce
1e7xewspgbd	04d86b2a939b
1e7zrrufvid	1d3aa2c2a939
1e83tvb6012	a78a099f4b79
1e8413sld6w	741b8f8ea40d
1e86v1lexgf	cba22b7e22f8
1e8gj94dn85	c26beef0c48e
1e8ujvxx5rw	7c417916fc52
1e8yiompv61	e567ad3d67ca
1e93n0qzt11	002a3b6ae5a5
1e96ek1fpf0	381e7001f042
1e9gb2yrnzg	9b4d800ab8e2
1e9gmm1tg4	804b0a616858
1e9ldnfkwv7	9c8dca8c03ba
1e9qnzdoxqn	aba784342b55
1e9t5wchx8s	99ca938c4d8d
1ea1gudvkb2	1825c47bd6db
1ea4s9x37jb	5dd4871c518d
1ea8lhvojyp	dc87e8011fb8
1eablug6aqa	3d26d37501f0
1eaexawmsph	c536aac27f09
1eaja7w0rkr	1d4aca417fd4
1eajn3upta3	9c295115089a
1eakp2v7i85	47aa81a56b50
1eapb11scei	ff248262e16a
1eas7z5rpwu	1dea383bb499
1eaw12vzst6	1f1b0bb24b61
1eaw2x6lay1	bd23d5971f8b
1eb92ydonmv	927426a6db53
1ebix9sa7dm	39a7739788aa
1ebjd2gidbk	2a9921a08a8e
1ebjdufgeen	acfca292cf2f
1ebub73zilk	73479658d9ca
1ebz0nbepnf	6b7da4b393da
1ec0xgsh1wc	0fc0bf843383
1ec4p09m6vl	e97d37567a36
1ecewezabct	c2929e5a9a5f
1ecjqenxb58	f4864057556f
1ecpy4945cw	5629704c06b6
1ecub2s3pzm	6a3da4f635bf
1ed0tcp9uih	160d40a5dc5d
1ed1ddx9pae	f86a3fcd2a31
1ed1vqkb4fd	763afe6b3871
1ed4s0f3gc7	ab8a8735e2bb
1ed4uah3vhn	915eb9b0ec52
1edkeawt8zi	3bfad9b7ab39
1edlm9p6l66	f49323404423
1edqff6preg	3f14bd4a982b
1ee0tohnz90	a5724f26d7b7
1ee1lh8oeoz	731a28821b7d
1ee29ppeu57	231f62a22edf
1eendu4epq4	17c1eb777a67
1eeqgde0z5w	da02a1470bae
1eexxi15nz	7fd130a37a85
1ef2jc400w0	7e27fdc294b0
1ef66wxpxfe	f1007a5859e7
1ef7y3n3yl2	7cc97e2e9f99
1efc3hnbmhf	83ab04a634fd
1efnybfil04	ba40b9708455
1efowrri5zq	8f7299e5126a
1efqmk93i6l	2a88126a4fa0
1efsowych2o	281f1515d9b8
1efxto3jmu6	675c5b1bad6c
1eg39bmpdeu	c735141e7f99
1egi3dmq6ts	3a5c292784d8
1ego264r76l	6123e705574d
1egz041j4a2	15d12c91b142
1egz3o7zff1	32afa96de88f
1eh2aigf0dk	2e5ba169d0d4
1eh6gcstqth	43df51b78e12
1ehdn25wupo	a4f3362f7e5e
1ehg8f3x2rw	5a9be0e45993
1ehm2as7edo	fbcfbae7c743
1ehr73sf6mh	a804dcd9d60e
1ehtg2sw1m2	67991aed9c71
1ehtnnqooj0	9c86d9c4218f
1ehwbr4jnxc	4ffb21a9ff60
1ehx6cicmxe	710ef18c6052
1ehxtv1h8uw	7d9f2a6c5a5c
1ehylur8xna	7b52a1784c7f
1ehzsnv5ym6	170a9a3f7f1f
1ei2wzyqebx	3464333132fc
1ei65bxtq3w	0b53452b888e
1ei74kzdado	755748cf996d
1eib0j37op8	405fa8d0af48
1eicct0yz2f	9ceb7027143c
1eigf3cmud2	8586ba044139
1eiqr3xdj56	4ade56591fc4
1eitm17sghx	e91b6f16445d
1eituiawhsy	010aa1a5032c
1ej7n8orj6f	f123bed50d09
1ek5yjk6ja6	f68d345f9e90
1ekbau9s3zg	f546e12228e3
1ekdh7n2ssy	f061f715413e
1ekg512e269	0529f4a3d703
1ekjz0karyv	8831354debf6
1ekn1i2o60v	51d35e28985d
1ekng5ny8tz	92060dba8631
1ekrq23jv7g	ad4ce8ee181c
1eksaelv9hc	081435b2f067
1ektzwhiv20	835b4693d186
1ekwsym904v	d3fa66bf126b
1ekygf1a6r0	c39ed6107306
1el6u1yrgon	2edb86c94234
1el9c4dhjy2	8d2c01d07fb7
1el9nsvynuv	5360cc3cd4fe
1eleay4ngfm	711583dcd7d2
1elfx5xs4g0	949ff1c4a29e
1eln16unxdk	4b7ba51747c0
1eluvz0v0ht	2ad441ba9bc6
1em5t4570wb	da01c9a2b6fe
1emcp8cg9r6	8b800836e394
1emgp8rrwq2	5b25037d0c6b
1emirjbsxec	1b5c8446c01e
1emmy64qmqm	7e36acb8070e
1emom3a0xnc	4d71d3b8d199
1emzdqykc2c	03a457c972b9
1en67oyff5y	a7db2cd50af4
1enc8h10cqs	d2c837729b8d
1enlvd2ljmu	1e5611268dad
1enmwe5mffk	f1e17125944c
1enpuiyb9a7	fe22a51474da
1enrof57m66	e3532d9b41fc
1eo1gbvjwg9	2e07f94ec831
1eoar1dd6l2	946c9855399a
1eoginfwfpq	112b5401fb81
1eomg68rlxm	c643433d876a
1eomwp2ft1q	3ef0dafcb455
1ep2ngj0owa	0f790e3b991b
1epghoytvam	f3bd82f078eb
1eplg6zl9fl	202aa1527f44
1epm4kl4kum	b22efe707765
1eppxml4hpd	5e06a9aa7645
1epso7nqq16	d4e53a041028
1epu8zj8aij	b11429d0ba2d
1epyu7kgl86	84b8ceb38e01
1eqavxk926f	124f555d5ab8
1eqcrv5dfjq	aa4fc68da2b7
1eqjkvmr8f9	f9d8307c9123
1eqsfmbsfvq	db24e2a91d56
1er8ab2w0yu	dc728beb1dee
1er8jq80feb	b126913947b1
1erb67rf8ec	8cc35968be22
1erbz8cwin9	71aea4cd860a
1erts626rys	b80c38df3e8e
1erv0dyjzef	c1d75cc7e8fa
1ervefuoohx	0caf0a3e8d7a
1esmr4jzj0v	44bb0a31170f
1espay480wk	36a286e7dc35
1esq0dciyuu	925bbd47d3a5
1essoykwi4l	5b6b0571abe2
1et029t1enw	c330d92e4bc4
1et4jh9yln0	282a12ef130b
1et8kow6k7f	7bcf8ed7ba1c
1etb7rqhgjz	bccf3700d0d3
1etnhj3vav8	ef774c02e00c
1etwcyuce0j	1a762cf93262
1etyoqp8cqg	92d94ced688d
1eu3lwg7tat	e8473d50da23
1euk7yc4ttl	0ec13aaa7504
1eulri2k61a	cc5a50dd7053
1eunj7n6nem	08a4bedbb2b6
1eus9opv4al	69a9d01cdfd2
1euw4022q1d	e231aeace500
1euxlgevi1b	477ac9a443b9
1euykpo2npy	50c03cea05ad
1euzco2wc74	08395d147e8c
1ev45u3nd6u	0bcb5b238003
1ev5vurmjq4	23e240cbc2d3
1ev77611g5a	e7f22987993c
1ev7cpgdotz	f28038064c02
1ev7qcgesoq	8b0ebeadc06c
1evbsu5uv9h	f41eaad4115a
1evebwef8ra	eb7333df1284
1evg39gqhmh	f013a9b84c30
1evhi4khsij	5f871cb87e9f
1evidd5pzy9	7ef3ef94156a
1evm1869l4n	a30618ac0129
1evs9pcauxv	452ae38d084e
1evsxeu10ql	814f6b86b126
1evul1hs4s8	0e75c4c25c87
1evxla30u5k	713c54aea44f
1ew184u5u0y	30f570fd0bf6
1ew4zuts02z	826953cde38c
1ewb2xgmr36	39f24c2e2356
1eweub5jmsw	94c94459ea66
1ewgcqh5p2k	3a514e5ac38b
1ewgkloa01p	f76736cc66ad
1ewhkj8j6wz	ca39b95f061f
1ewidvfhtqi	1ea339936899
1ex1iwmrfwz	0a64c96d75a5
1ex5uio36vb	71ffbe24c4c5
1ex6x2tjur3	184a3da8c48c
1ex8drj6wc2	6202a565f34c
1exm3iqlh0h	dbd4efbb89f6
1exrumr80z7	95e461bb22b6
1exsvwti2s9	ae93f18fec8c
1exzfhpwxgs	57f7a05e39ec
1exzly49v11	3b5734f7c16b
1ey486f1knn	7fbfcaab5cdc
1eyhj5ybim5	ccff3de7cf02
1eyhl949mop	93587c87557f
1eyrja05beh	ec7ce41c3afe
1eys6kfvyzu	848f8b32281b
1eyxsz3dxko	59041f695351
1ez1u0u17vd	3a4cad179c8f
1ez45658923	9b2de3750f76
1ez67eml1op	03f9feac8e06
1ez9858x68c	d93377244b2e
1ez9p1hez1g	56dcde62fce3
1ezabb4m35l	f70c25ad5128
1ezc2mn6dn4	39881b10874f
1ezcg2y8wdz	7685b79d1502
1ezerlf3k5v	62bd2f89ce52
1ezfthjpo0h	1585113c1443
1ezftsjyk54	a0dbcfc16889
1ezjmtqmyr0	e12c72aacac0
1eznbjunjur	5330d5216d6d
1ezvux2f0za	f2217871dd7d
1f053131aam	d10be0d59d65
1f05gmug3v1	6f5c7ddeb83d
1f093flgqto	9eb3532ab571
1f0bfodnbw8	4851fd560654
1f0c2py93sq	7a2455f337d0
1f0ihsl36cm	061464d4ee33
1f0j3y247iw	5c61d3d06443
1f0jc893vik	3db2d24a4f3d
1f0vf01xejm	a57d5f2865c0
1f0zocn5epb	31ab1d007219
1f12thzj2m4	18531d3fbccd
1f1415u8ur7	695df1fd0aa1
1f1ay8oad9j	05f07ca8364d
1f1bzdm50hf	e651bffec4fa
1f1ege40ivf	5a538c3a0843
1f1fhz3rbjq	9170d56e92e2
1f1fryjp05r	ce6aaa63e325
1f1g42u8u71	dc4a8d3de7e8
1f1g8452e1r	e80c3d0ad457
1f1li9tlsv7	d8dbc1aff0f2
1f1oddyy01r	185fab4e2642
1f1pe6qomh8	976abf4a5a9b
1f1qjeftj4f	babcf5d484c8
1f1qqdtp58c	93b39d1c7f85
1f1r7x3yy9x	d36d4d5b4330
1f21k9xjxxe	27de34efcc90
1f2tiopstnv	2b141fe2911b
1f2v6yrp4he	ebbe40390c56
1f2xa6328ep	18343546f1a6
1f31lbsdohl	a932cbf8fbf5
1f3232g59bw	39f0ea282eca
1f32kkglkaa	babb615bcb24
1f33k62o4ra	c6ef83192f29
1f34mtzdqv2	90f73b3d25c7
1f35qyer52d	5a194ac35978
1f36wfvsgim	321da4de9768
1f3denvjz4s	ec7cbc37a4f5
1f3om47qqf2	0d63a2a45fa7
1f3q8fz53lk	7275133ccd5f
1f3slu16l05	14f71d0c48bd
1f3x6e00uil	7c5372f4cdcb
1f43mq5mzpa	4aebc4f8e053
1f497svx86t	6f63fc8284b7
1f4es1wbvu3	2db14773f377
1f4ksozvlfu	c439351b8426
1f4xshxbxld	8e57edb2365f
1f4y0vf0p1e	c03fc3db02a9
1f50ngziho8	66993c1d8fe8
1f55kb5tsr0	55dd96c2b02a
1f5fpg83a72	fcbfc08447d9
1f5g5r1e7bf	1529666c3ea9
1f5gt3ca2pq	2073ec9f9a7f
1f5ks8oac8f	216a5f86dee8
1f5tfyzem6p	eddcf4a3cf59
1f62kiuz0cl	1ffeb6f8707e
1f6492gywfh	7d3b8d784f15
1f64wyvm0vs	078d7408569f
1f672qp6cno	bc1ee42c6a7a
1f68an42y1t	68d4389d2aab
1f69vps1p8l	cad9bb918ebe
1f6gwto9qb3	0acb2523eabe
1f6ud4ew56f	5aacc51c4227
1f6x42gnz09	7daa00ec7b72
1f799svm8ef	2bf22dc633b4
1f7a65e9ame	6bfa1e5c3e10
1f7abe3hfrt	8cd927c88565
1f7h5o0jj51	91389096a31f
1f7k61701be	ae9030345b42
1f7l1z7xb4n	3e40439ee9b5
1f7mr6i1dgy	60bacc92981d
1f7prpsgjtr	c2704f330d4b
1f7tc40dsl6	ef8b2afff689
1f7zx9rq3zf	7176c12fa3b2
1f84h2oil5b	f0ddeeda79f1
1f8ank9z3s	a7ba181fce07
1f8khuo2tas	33b2f77841b2
1f8m5pf0tyn	e5d1f97ef796
1f8ndanksvr	670c1e1bfe86
1f8pahgiwvx	41b06bcc530b
1f8tckh6k9m	2f27e7427bb4
1f8tns3960c	aff8602cb45f
1f97n0m5665	be50a915a92e
1f9864v59ax	581f4bead4da
1f98sjgurax	7e7822067892
1f98ta03665	ccf921fceb0f
1f9ajtenjnj	4f84f4e445a3
1f9dxiye7pk	6998241701bc
1f9e5se73zx	fd6af940f491
1f9gnt8hoc1	37113678f407
1f9j1slutdo	4c189375b871
1f9uab92hca	597bb53d0431
1f9zqirryrn	1e545a149974
1fa0hbteujb	e89978754581
1fa1yantdur	f1fc6766ef1b
1fa3fzmgi1f	d060b7abe736
1faagm4rpv2	ef22fa3a5cf2
1fac0qmesua	f3b131cb3215
1fagh2a1u0g	34439c17b6d4
1fahp1s7knq	3697e9cab3e7
1fai5blk7oj	a2c4a834880c
1faigba3kic	7f5508a1099d
1fazg551wbw	5f8359eeb17d
1fb12mciam4	a3de7bc33ae5
1fb639aunm0	15d23129521b
1fbg2gto598	7e2c8caaae4a
1fbgmulq7tv	a8eb54749c1c
1fbp5nzx3r1	906a5a7c187d
1fbq33998as	e481be9f30c9
1fbzn54ydnd	fe52b5be8b8e
1fc4hwoazrf	daf827f572a7
1fcanxdakla	7a67dee61759
1fcgec0ifj4	b57a3ba804c2
1fci3zgguc5	792c3be13228
1fcoia98ts3	e6b80d2214d1
1fcq1i7xx65	f3a72409fad6
1fcueyrx9hp	a910b2a97fe2
1fcxsix5kl5	eae907820e06
1fd49fdgm7i	0902cdb016b2
1fdchzlwbsm	669c95678bae
1fdr2y0cq0p	323a0d83fef2
1fdzmipexqp	fd70c72fab5f
1fe2xjxwro5	8a6e041165b2
1fe4hd9rwbr	d4423ac7fc1a
1fe6hy849vv	344543019219
1feazurlvaj	dd2ae142c4fa
1feg49e63dv	5922186504d6
1feg4hs4w4d	24d8fb4ccc9d
1feil31vxor	5bb1a4f872fb
1fewlfp35xt	2593a689d74e
1fex3fba71j	c377a4718170
1feyrj0za8z	64a619e046bb
1feyzm6pqlc	8b985cd737b5
1ff8h1x7wzs	7545e3cdd7bc
1ffarg7sf98	73d8ab74455d
1ffc0cdgxz	deb865e5ac7e
1ffldzei1r8	200cf231fe4b
1ffloxg04ws	1992c17ffb87
1ffpt7wxe68	3e6acc5b30ca
1ffukvp4ghd	d3d19a24a2d9
1fg0r66l092	6686c7bdb6de
1fg120k3izp	a96d061503cb
1fg3urcsl73	af11c81bcfcc
1fg7kl4nryw	0b2ecf204a92
1fggxtcbdur	9b333ca9356f
1fgiza9e9d6	3c3f767b9985
1fgr8pnchxp	b07f46a3a5e6
1fgvnp5kbvi	56af927f1b02
1fgyihlpz9o	436f2fea2cf2
1fh5aoi8y8e	52a365f1b348
1fhcw5h57ng	57aa09e11dc7
1fhf56pwecf	421a53132725
1fhh38fugyp	5ebd2d3aa823
1fhkcdgqrec	dbf880669b41
1fhqo7jsf1a	6d97a66f3f8e
1fhsctbeecu	71496a9ebcad
1fhz3xq4z10	0d0b4cad0b54
1fhztu8ahzo	4597819ba8e0
1fi1yifuodi	e494dc054c05
1fi2xrmhkyb	a370b1c900a6
1fi9kbi36ul	48e1c6395675
1figokscmtt	e79ac7921f33
1fihsgf8xin	95c580349be5
1filwfho21k	45283db9ce44
1fimoxmvjyj	0727f3106c36
1fioy8rw5ie	47cbeea39cf3
1fj5lsognr8	a394ab497181
1fj8asodfah	84ae36437114
1fjcce4gead	f0093bbbd58c
1fjgolzvfb8	f05b6a648997
1fjhiapsiu4	6f178e669e93
1fjiue2gd25	dc401a389fff
1fjm6c19n84	0090ac658d30
1fjr281axst	81aed444d8f3
1fjtemtucqr	ab668cc0f457
1fjtiiuvbg7	55eaa925e07b
1fjulpatxif	e898392386df
1fjzb578w4d	4d9abda50acd
1fk3gy5nyzu	7cb07b00e20f
1fk5ofo0v1m	50a79fa115b0
1fk8h23nqcl	487ea13d9f8a
1fkfwkaoqnb	abb94a6a2fa3
1fkifxbsh6y	0423a9c5a507
1fkliuktkez	61fba80eabc7
1fko3xd8pzc	52dc75b3517f
1fl7kfvjvvg	723b4180c744
1flbkmeaobb	89a63492b8d8
1fldag85gb3	dad4283c6c57
1flkaynnzru	14fadd6d87ac
1fm1zek1jhw	472f2120ac07
1fm228sy3w1	87a7ba1dfa03
1fma7wpwlyz	d734b1841bfb
1fmelfj0jtl	08b35e87395c
1fmgtv2qo21	2a3cc186f23f
1fmogpxnvb6	8e1d556d416e
1fmu9j0s87n	1c461ec81c6b
1fmxslwvwco	0cca16576b0d
1fmzgk9v08v	e44394332178
1fn2gm3nwle	b032b2232f71
1fn5243bcpz	86288cb92b25
1fn570s2zha	b8dc454268a9
1fn5d46q4d3	4147809e846a
1fnad9m0a8g	89eb7e86ae24
1fncjzjr3p9	157d3ea20ee6
1fnhgr7epxs	0b3744784f22
1fnjlfje1ql	d225961fdad2
1fnrx3gp6ih	c6c4cc50d438
1fnurbzbnmj	452f5ce04588
1fnyb3u1rc3	994f0c0ee893
1fnz96pj0v8	b888e5d9b858
1fo4673a9qs	f5d7e5c709d9
1fo7s0tsbrx	e4ee4a582dc5
1fo8r83dv11	c69b236d3041
1foldxtnfm7	100d15ff5b73
1forlcqpb2n	9dc8d1e69f81
1forvcyf78j	ce2ec4682bc0
1fos6hp1yu8	d7dfa3ab76c2
1fp0sr240iu	fd46a35e4adb
1fp1hodfebp	b2d973540e82
1fp4052d8lz	3ec74dd9109a
1fp61fmcy1h	ec1fe6befd75
1fp9jsgcoz2	7821cf6df0ca
1fpcfxkydxh	d8961cd9f233
1fpck4ev8pb	8dd78f7b68c9
1fpfvhf2nwi	2990b0a12d91
1fphocq1k1r	5bff2d8b4f4c
1fpleucbcj1	db9e8d32f35b
1fpmdgdln0e	d6c27508f417
1fpri1d710w	2b2d8d72e943
1fpvv2ym01n	d0cff4bb5134
1fq6jxvd2q5	42fda77ae88c
1fq8gte4700	f5f7db1f28ed
1fqf75che56	73d1c46d06ed
1fqjnznw7zt	20abfd34e66c
1fqvsuxe8ij	2aa5f1ccebe6
1fr1v2h7uj2	abcd3e58e166
1fr5armol04	7c442900b6da
1fr81czqg77	38bc566aff39
1frhpdn8l6w	02b851790a20
1frrq32sz48	2886d40e145c
1frsguaeu5a	bb374823d9b3
1frtih657li	07931385a31b
1frznrwnnx	844abe0b4dd1
1fs2lzwd0tw	84f84f765ced
1fs4dbnggyx	78d1785df84d
1fsbyo3d2kz	a22d552c5c2a
1fsc53g74y6	5f3d0f9a7f29
1fsckrefo5s	fd672de0ee05
1fsfxa99izu	49af23ef6ba8
1fsitszt08o	b771173428b4
1fsk02g3g7w	765a66bcdcc7
1fskvzk1jb0	03a641c3a04f
1fspqu3ja9v	a5224bef23cb
1fsxux476c	a8bcf75fa0ee
1fsy08ifiz4	783808b93c59
1ft3912ba2t	7a04b03cea14
1ftntpbah55	efba489ee5de
1ftubqt6kwk	01928efec3c6
1fugq0j7mqp	8eeec8c5b1e1
1fujrrajgvu	804abb7ebdec
1fula3e2c5x	7fa4c74bde0f
1fulbk3rhix	636f555b377e
1fuufjrv251	3aeab903c171
1fuwdmg7oai	802c415d267a
1fux7czn3r9	ba9d4ab2f07f
1fv27auea14	90f3102fb139
1fv4a8qxqp9	ec399bdfafb3
1fvekke8z1f	2757752e60ce
1fvi7nfhij3	bcc6bcc78752
1fvkssi6ka2	8f2c95ead682
1fvzdo92s82	0bb95e5da610
1fwdy6qdplh	51927e15cf07
1fwfq1elymq	9c417f575994
1fwix885m5h	bf84b6894ff8
1fwjxhqrept	1c552dc9d457
1fwltbm6w85	e1215faafe42
1fwo3x93drp	d69464d12400
1fwv2i4x6t	6c26b06df1b5
1fx0tex5siw	167a7508b597
1fx2f7o1vjv	b6f34983264a
1fx3d60gr8n	cb4e7cc43d28
1fxcpfbgrv0	685850c589c5
1fxttqq9w0p	b161ec6b771b
1fxtwl42sri	975bef91953c
1fxusjmzwkb	d79053afd952
1fy3kvjzauj	abe4fbb72121
1fyd164n9bl	9de8f2376cb5
1fyxtwhk4bd	3bbf05775e28
1fz4l60bkqh	2c30a59a8029
1fz6kkl73a4	5b56415de92b
1fz85wd86wf	f84e79ca11a3
1fz9gxucbal	5e04e6e15a4f
1fzegoz5a5x	55c55853f007
1fzt67i8hfi	3e2142efce8e
1fzuak1yf89	01e96c15edf8
1fzupkhn6nk	929081796389
1fzzyz348yu	6dbdf6a65577
1g0251b39k0	bf04b56cb41e
1g0bsrwxb4g	80cc88748ad5
1g0e6l0hm50	d5e878aac311
1g0hhkebhlk	73d22e8238d3
1g0i4t7de44	e9a84418030e
1g0m6k0897n	ec22afe73e30
1g0tcplyy04	e9cf070e7348
1g125yabrjm	5e8a21545663
1g188wyw802	adab2bd4be9c
1g1gd09ke4	ef8555a34436
1g1hxhrqp0o	bd4f57b842eb
1g1kmy155qv	61dc8ea46291
1g1qb3nh2s9	045601c8979b
1g20qu8o0ww	9735e45f2e8e
1g22fh13bgb	83adec01bc95
1g24ychw873	7ac30d10372b
1g2ak86azyn	a6a4243a6244
1g2eqf8fk4x	b6c8d21d246d
1g2w9k5uec	be9c441bb3b6
1g347snin76	6dbece622aff
1g3740axjlj	1c8af48a9bb9
1g3a97juopu	ea37bdba37ce
1g3dxt7af2n	900e736bfb0f
1g3n8cpz9az	33a8f9dcbe53
1g3roa8mj40	ff7ee25fdb9e
1g3vr379ljh	2eb778fbb6d0
1g45v7otcky	a11c1f53d08b
1g4eqzto3q0	9a6992b5a329
1g4mvzqs6yr	691d00b2b627
1g4ppo3tf39	563bf7bf1cd9
1g4q97mlco1	6bcb5ab86e06
1g4sqvue8f5	60fe48f74a61
1g4vp30h5iy	614168768d1b
1g4wae6ec9x	a07f15bcb715
1g5lvk3vfpy	6dd82ce67d6e
1g5n2smv0uf	954d0951b515
1g5pu2vin2w	334186afa869
1g5si86m1th	7e09d3930748
1g5w7nu4nfo	db0c3fa700b3
1g5y38mh9wv	fdb78c1a5e35
1g5ylfu0wyr	208a9361b434
1g641t1i6f6	af04fc7f4ef6
1g66nxeg02y	ec0fc56db9cb
1g6ckdkbzxk	6b2753126f5e
1g6oxxg1975	24c6412df108
1g6zwjj0hxs	28ace943765f
1g73erjicp1	f81548dae0c6
1g74p65ic3n	78c7234529e6
1g75ifpkiq2	111bd0a8be01
1g76ty0zf3w	4412a22b86a7
1g7czucj7ym	d7ce20b29dcf
1g7fjdbfbiu	727d47a1f524
1g7jgkdrejv	2758d72181c4
1g7ojqhl7fc	1ccac019f9d0
1g7ol429gl9	601866934f6d
1g7pzmgzbf3	4f1cf3e8bd1d
1g7qio5nmg3	6365ea3ff0d3
1g801ddwxmp	00880084d1e5
1g84qdh5vh5	7bd9b5473d0f
1g8538yu8y2	de5261761053
1g866qfupvj	0a85e891fa87
1g89a2ssj34	944c5932dfd6
1g8hlwwh3sr	4d1f4ffdf8f7
1g8ikh97j35	e3497d396833
1g8jdk9xc85	dcfd3c6f4213
1g8p091y9yg	b18dd92ef98b
1g8pdpwsp2u	5eaba2cc4f89
1g8q298h48h	b4bdcd61b196
1g8rml17ujq	9995f84c62c7
1g8s4ycdf41	d6bc5ded9822
1g8wmrq3w6h	b15cf52f681d
1g8xg8ltnrb	acac306e74d6
1g8yb5usdve	2976a1eb3674
1g8zeggdtf7	43a6fc46461a
1g91qkyg0sx	ac7bffa219c2
1g95m0tqp29	3592a010b0c1
1g98jgmc7b2	fd9f451557ba
1g9fg5ig5hh	3f8ad6b30d24
1g9pa5aderx	cec9438aa264
1g9ph2xxpfp	fcbe41b3461e
1g9sqaysus5	481ba8ea0221
1g9txj77auz	2c63a619977a
1g9vmosz6xz	d18a82f2e5d4
1gagdu79mpt	a9e126caafb0
1gah0byvw5p	03c2f16d9105
1gamcb5roi4	e491ccad6d2a
1gapm8iklxj	d4f98a95ffa2
1garjskv4xw	cfb913b9c2c7
1gb24usd3bz	e9e2973fb3a3
1gbgpnbbroo	74c2121f92ad
1gbn7omhsb0	95415fa60572
1gbnv7ysj0b	01dadf3bc5c9
1gbskz4mrrc	ff5946ffa0bd
1gbwuspflem	eeb33da27636
1gc16su4iik	bee6e0b6fcca
1gc1fiq22lt	80afdebc9425
1gc85orhgxh	b6ab55c67069
1gcba3hfz5f	08df9facd266
1gccsbuzwsq	a367421ddf4b
1gcedsvoib1	86ec22d85288
1gclbqn3syw	1ea9a0d52bb3
1gcrw36as26	4ed9905d94ca
1gd0p2izjro	e18051bc5755
1gda2thm68z	a674463141a5
1gdavfmiw0d	f6924de39dda
1gdh02kr6vf	33c5cd47f91b
1gdiq50we5a	9d251b9f5b6e
1gdlx4v7qnh	94f7108ac318
1gdt31fy01m	92bc9cef3d3c
1gdv2mposm6	cb2af6178d8f
1gdxfnjoa6m	307cac0744dc
1ge3p7634yg	1681617f5bb3
1ge5vj4iji	2e0224805776
1ge7qw8jkla	b2a5083bc436
1ge84x9ibjo	89cc24b3c4ab
1gece8tm22t	6d49ba7426e9
1gegsx0nuh2	7ea134f3a898
1gevhonihc9	9138792fe6c6
1gf3r1jcye2	e1172bf8e96a
1gfaz907pz3	8ca00eedadc4
1gfhvvhxxgz	a1354d3e7080
1gfjnzvfk13	b967941339af
1gfpj3nrirv	0631513990fe
1gg1tyepypt	60a3cb637600
1gganrwy5rh	49f6e2317b1d
1ggi3nlhnx9	23c373931650
1ggm75mkzyj	e38f6bf19c2e
1ggmaehlv8s	617fe76ac2a6
1ggtxats7k7	a4f337e71c59
1gguivu3y0c	be16ebc27174
1gh1n5npzdh	9374c9675ceb
1gh86ntab24	caa97b7a18fd
1ghashghwg7	bba98bf06dfb
1ghb13svcla	a56530f6b38e
1gho06ehtmo	a44d70c12985
1gi1xd6j5zg	d5b7f5ef7cdb
1gi9efrwbvi	95d22fcfe8e1
1gigpqr11i8	cd7296652135
1gij2ijhe81	3a92f08a809e
1ginuqc6wi9	37af34ca27bf
1gio4uoiin9	e0526f3b212f
1gj1mnxbu6h	360469448f10
1gj3kpxid4w	b73c53c4926c
1gj7b5w7s9d	18a9b6c1ec05
1gj8xjwoxf7	f40186291a63
1gjasiz9125	4d9df6610c2d
1gjhn5d38dl	c467c802ec2a
1gjkpfqxn6t	242b22936a48
1gjol4sr5fd	34803fbd66f7
1gjrbqc7jpo	6cffe8d21110
1gjxyu7x4zv	dfe320996eb6
1gkaqnt45os	cea21fec1aab
1gkfdrx53ap	6a043d1b757c
1gkqvttydy8	d88888e8e669
1gktbw4qjri	0c2d18d26a1a
1gkw3rd6lfj	3631ee5c5c28
1glbzikvf6v	a4081c8e7ee9
1glcsfx7g4s	0d23c7345808
1glef8pml7i	9485999f34a0
1gljrulknwo	05c0ae98cd20
1glmomb2a2f	b63fbbb64425
1glo8vezs2j	39c511817904
1glq3pj12r	fb57b1e427ef
1glu9bf9e8u	2c2fd5b416ca
1gm8qd8s19d	ede3292ff077
1gmcwp4oi9g	60dab4604816
1gme4ois9h5	b42a84da198a
1gmh1s3z7a2	88b790866833
1gmh9k67pcd	c75fe1caf5f6
1gmjn50xyj8	8075db6f64c7
1gmmndieoif	a67283c88b9d
1gmrfc4x665	296c034651f2
1gn2hr3tbhx	ff1f91404c04
1gn7pbubbik	b927d15b8cfe
1gnamkoemog	b1ff963a7d75
1gnctf53hp4	83c90e69c2a6
1gnf0qp0s41	0c18c156bcc2
1gnln4swfz0	b6f87faac27e
1gnlyy3mb7d	9ca526ab1331
1gnmzafrbn5	4d938eb11a16
1gnpn7bld9e	05aa52be015c
1gnr334j7dc	923776a4ccf8
1gnz2kmuh2d	366826eb8b2d
1go0rg51m41	78203d249fd2
1go1n415mg	d01b14968848
1go269ketvq	f777226d69d9
1go2gtmkz30	beec3ee72a78
1go36e6ur8t	1db46eed68f4
1go6vnzsyn2	b7b7f0c2a444
1gojstedmfy	ed53634e90f7
1gol3vbckp3	959f3b3f5ea1
1got3khqkzl	dee4a6e46a4c
1gp1dcym1so	aac673d29a62
1gp1l3ams3z	933ef3d49a12
1gp671wsw5f	131080c3c182
1gp6hbrawtw	05d02ef6c864
1gpbi6t9vdu	3c91ebfbfe23
1gpxdz0r0b4	a18ea2a89732
1gpynou9cho	1df53af49c87
1gq1bmlfv2m	ab8426fd0620
1gq1c4cdxwr	240c8d454ac5
1gqbfnu3kd	8cba43155f5d
1gqc5pwbtfl	8cb958318269
1gqm2b93nno	79c57230205a
1gqofl5irrs	64a5d2bf4764
1gqvlqgqjit	6d183f9176ac
1gqwnsfr2sy	2ee6db14af8a
1gqz5tuzzje	93e2e6808cd5
1gqzv61xds7	bd25822cdee4
1gr4pq1l2jt	32de171c6c21
1gr8l0k62t1	a822407137af
1grf3d223d6	5ddcffccadc8
1grfciq6ach	4ed5da7a30e5
1grfwamn8ja	8abbb2c5b440
1grgm0f4320	c285589167a8
1grvj2i9wye	f403deea8b56
1grwvf3i9zx	d6b434b7c744
1gs80uretu7	a9ef7a6457d4
1gsa50o080v	26b3c6fbf40c
1gsintkl2v3	8744ffa9bf26
1gsj2mwr8d8	b04cbf575a6f
1gsuf7703i2	f0303e7263fa
1gt4srs7i36	0d9605ce3c96
1gtafown6tv	793109c6f173
1gtbaghrqsu	a330f18c03d2
1gtjd50qls	c718cc652b76
1gu0tt24j9n	3118569874b8
1gu2hz1olr8	2b7afd73de32
1gub1zv189x	e5c8235038fe
1guf1dsn68p	51ce50fee203
1guf6eosg2r	a37a77b6bdfd
1guga3yode6	ef7098e256fb
1guh0xkn51g	08d362eced89
1guyethekhv	e1ff41b634cc
1gv0jtept90	34633e11983b
1gv266o6ll3	cbda91dc9593
1gv6tjdh6ve	9c6d2b2156d0
1gveum5tlka	a0253cf2bcf1
1gvj9rh4qra	c71efc928672
1gvoxkypq33	d3d3f1d82e3f
1gvwjwqucil	b26b58e1d977
1gw1lmfigbz	7d498ca84bfd
1gw1tu024t2	eae89f845e73
1gwd4rka6ma	8253d7c24257
1gwgdwqecok	a663c72469ab
1gwi89b6y25	fd4973d9a4b9
1gwicsm21fe	5bf38e2f9135
1gwk0kvngc	911492efdf30
1gwksvyvjwd	e5dbcc74c8a2
1gwplwvmuhm	3bd9b588b4e3
1gwt621xjmr	04ef35839623
1gwwxz46qr4	977a02b220fd
1gx1gobn7lb	5cdd66345c2d
1gx62wglo3a	5e1f80955c5b
1gxa1kzsc19	8e04dd912d4a
1gxa581wd2w	e348edebf17c
1gxidmj0rvy	040bd3fda5ef
1gxlj67qhht	eb980d885fc0
1gxtcrc9504	f3ec9fb2d45b
1gy3u886af6	34cd58928835
1gy5ob2tdlh	a6773f1947f0
1gybd4oybtk	2b85b4bf2882
1gyetybr8ff	d5c32f4337af
1gyfjgspkp5	c40a4c57580e
1gyk9uigmqf	aeed7b5e7bc7
1gywl2jgctu	fe56213fff1e
1gz4ba88c8r	2191d03ebd22
1gz5q6176rn	bbfed1d73c04
1gz7m5hmcup	097777179e19
1gz7xm9310p	ba58bf9c337f
1gzgfqzq6rd	30f08c56aba3
1gzt8yu9eac	9396c3f0b348
1gzu0y66pvt	3455b5d8694d
1gzurxqmmjg	7f383c2cdd1e
1gzzfabetv1	5bdf49a313eb
1h07bwc9ehc	976aefe2e5ac
1h08orlkyrn	39a146643891
1h0blbsj75e	a7ca3246c694
1h0sz0w38ie	47887da07ee2
1h17e5diyf6	9e60cb515756
1h1c8gh7ag1	3471028245f9
1h1dg89g6wo	e93a5e3a1811
1h1ef149iyu	a99e3aa6fae0
1h1hu6sdl7v	eb72e969b235
1h1toacrc6	5300ddfd4267
1h1y58of0di	cdc9a53bb9eb
1h2bc95aak6	d8fe13902f0c
1h2d2c4h50p	cd4faeebb692
1h2gud65nfn	0f7f5f1b314d
1h2oro0au5z	06c052a9e4a0
1h2u4y3qoxn	37bb2e10ec88
1h2vgf472mv	929aafcd6f47
1h2xczg3j0b	4addf5818a4e
1h32sqec2af	fdd725aea3b7
1h362bqkw4z	68184f35b81f
1h37ciumxex	6aed9ff47fc0
1h3e44ruazs	3b42213d1e19
1h3i8lz8g80	0e0a26f6bde0
1h3msb260ur	05c54f864733
1h3ws6redvq	e99c748d6739
1h3wxlbznx4	74cd7f78b44e
1h3ynzel15z	d4515a8f0b41
1h42g4px32x	1530c808dc50
1h42ktnff1j	f0088de49195
1h45tui56vq	c7e87bbaec5f
1h4966vbuux	3cdc2e3f15e4
1h4eixi67aj	1ef2f13064ff
1h4pl6wzb9p	2996cef0f3a1
1h5a8zqmrb2	442be9e3bc82
1h5fgfwx57k	a887bc87eb96
1h5gth7pruu	3a09f3e4e19e
1h5k82xziop	4fbc11a03712
1h61k7jg6p6	72de2c620b50
1h62pw0o45e	3e18f3b2470d
1h684ud7zb7	b0e8cdf7f8f2
1h68r306l9a	fd0b643227ea
1h6boi0o16u	93ee05ff71e2
1h6feunazo7	4c5bddb43fd8
1h6mmbdt9qs	34f41d454dd4
1h6oga0fr85	fadc406045f7
1h6szz50et4	69ed7ecd9492
1h6vr7r8qdm	9f20d938c794
1h6yxdz7wpk	075a182aabc6
1h78cs65tcm	6f0088fe3965
1h7bpm747u6	60aadd3e4e15
1h7cv1bq00r	4134b0083aaa
1h7q1y504lm	bd044c2e0450
1h81i1halpl	38e426534c09
1h82aqcaehv	989659199c88
1h82mamcbf1	19bdbbef8eb6
1h876m32wav	34c1ce34a8b4
1h889s5di4p	b7eaf77dfb40
1h8ji5m0pmp	d94541d646fc
1h92vqjfqip	7b132fc08c7b
1h9jugctyvk	e47030ceaea0
1h9kzmvj77r	6c38e6c57c72
1ha0ffivf	436c89d984e6
1ha3iu5i0p5	7c770afa0a41
1ha6j4261fp	d29647608b61
1hacywe9j3p	a18ab31f9c69
1haj15skfcy	ad57f5a33ee5
1haj6sdv2o2	44f33c21191d
1ham6hei8sd	fa769e01ab41
1hanexwzf2a	e6add1d3df95
1haryzxzfdv	4315dbd177ee
1haugcuwd8u	86d6f2ff2a02
1hbbwf1oh12	4c0c1031dc7c
1hbicj4l18a	75d6d318926b
1hboufoptad	22ddeca101c0
1hbsejbsfhb	913f06c23e31
1hbwh7vme0q	e90234cfe2f1
1hby4qnp8sl	6c7e0d109955
1hcdpyuec25	e0a9fa2ec803
1hceovv1mub	82a9134391db
1hcich5vrob	5f91bdd90698
1hd3iyxcigr	a686ad65a56d
1hd4xn4fukr	f89d5a9acb9b
1hdafinxpls	23d28a35f8ca
1hdezy33dby	71af1d29db8a
1hdpnwnxd42	446a3e2ac314
1hdrbp7zxfa	391f1840007a
1hdrhfjldxq	a1e988e3c7fb
1hdxshm08q6	a6eab90f6acb
1hdylqhsjq3	686d58f433f4
1he5fv9fgez	537d39f417d6
1he6rjr3ew1	9c9404f85ca8
1he715gdu1f	76b3dbff91d8
1he7pzoxeiz	0d0bc4a04cd5
1hef8dwo24l	c6c57c805ef4
1heh15fyvz7	c6ba1d06e3e6
1heh5iblanl	b553e083a439
1hemmlcl4ou	1458b7e608f5
1herc6qfjtg	a4cfa2ba7cd7
1heu49l5m7o	8e2471631d0d
1hey4geppr9	72deeb1b38e2
1heypugue6e	a78dc607a10e
1hf2fy8fq0m	1efa84ada134
1hf341iaoxp	18af742c8130
1hf37175xs9	c4ec27c61131
1hf5igbhk3r	a00bf563c50e
1hf6ovemoef	02cbe7b12ae6
1hf8wkwykh7	72a6e3708bda
1hfcuoh53wg	26ca5f1c1d7a
1hfi7h1wfot	10fee77140f4
1hfibqf9l5h	6130deb1f582
1hfp4kcz5f2	d93f9e3c1dff
1hg3hdq3gs	35c38aa85174
1hg41rskxbr	db29c65d9751
1hg95dr3iuo	ba84db1b0494
1hgdw7fh008	31efbc1eef98
1hghmsmkd52	cd0b508bfe49
1hgls7l6wlg	17b871011899
1hgo5o9larc	e6b3ecd28996
1hgom5j48uf	3087dbf0d947
1hgroyoo4kv	214b5b022253
1hgshv1qtbg	e22143db2f94
1hgum5fze5u	7aa60b781723
1hgyv50h68y	c30685d31c88
1hh1t8or0p0	63662a6c920b
1hhj4d0inzf	b237565a76ba
1hhwwq9fw6n	3b3e10545066
1hi0o82xskp	30024cd717f4
1hi2mawzfn6	f3f7cd99dbad
1hibi1i5f78	3ae1d5470437
1hid2t50nvu	97a8b9f44a94
1himaks2grq	03c849cafd29
1hj7fzjzi21	ff02f23b9ddc
1hjhky0a1hk	66cce21a8dfd
1hjj21lrtj7	2f89a84fdd04
1hjjsg4r4p5	60e21327ea7a
1hk83io21lk	7af5898d4cd4
1hk8sundivz	90e7c101c648
1hkee39sg46	9432d02a9a24
1hkfue00adn	b63e251031ab
1hknaqmp8ts	7268de8392b7
1hkrak06hio	a475f7f1799b
1hkro8r3h8a	377321cac8c8
1hku00l0mzo	fd7e0777dea3
1hkux5iq937	f7a50a926b2b
1hkxm12oio3	0526e51c7aa3
1hl0dyvscit	bfde6e80551e
1hl11zier98	79243530cd6c
1hl169tlvkd	d27f565e0130
1hl462tlj0n	b72437c9b736
1hl6u95s035	2072a8c30594
1hl7he0f2qh	bc5f6c747406
1hlbu7db6y1	95a5bc72afb9
1hll9t8oyy6	128ef92ff25a
1hlp4o1sknd	b007a649170a
1hm0u4envtl	bdb61d46d4cf
1hm2bxmf9re	4f6ebae88c4e
1hm97htcb8h	e52dede13848
1hm9rt0a9fb	46ca1e0d05d0
1hmb9c09b1l	0f99bc892ae2
1hmnpagt2wc	183ffaea60ca
1hmrl7ovdfu	a21443b0201a
1hmrwm7g4y1	a79af02f6c20
1hmxltzjq0v	6b29e403418b
1hmzda99woz	0a431adbc816
1hn0jr4h3s7	564aecdcea17
1hn0oz36uw2	c2d86cb396f3
1hn2b0vu4i1	a6f6eccfacb8
1hn2cy0dpff	df7354afc4fe
1hn9rjhkizf	b73ac67c8348
1hna1k5sgdj	1f7e5e65f73c
1hno4n4j41c	5ae5dd852e3b
1hnyypnh2rl	59c41338854f
1ho3206thfv	e3038f61c1b8
1hoku0wbxxo	4831ccbbb059
1homwobewu8	5626a4def224
1hos76fk1o9	974c674f245b
1hossayqxh9	4141b7abb2bf
1hovkfi5moa	c7316092356a
1hp6iwdbsux	8d4f175e2935
1hp7ks8gt8u	817e5688ec2e
1hpk52l45in	765ea3fa13f5
1hpkjlbgmou	9ae372061b7f
1hporu80wkc	799069312004
1hpt2087b61	4fc74b6fcce2
1hpugimc2nk	04e0d2470eb0
1hq6r8i43h6	3f63c0673e8f
1hqd7eh7cor	258694f6601b
1hqgqaw1wyp	66dd1c9a8efe
1hqhv0fc6na	e6800d765728
1hqi7y8wu32	7b9490db2647
1hqro0v2klj	61af8cd0566a
1hqzf4yq6vm	7ae42861b1a5
1hrg04dgnuv	c06f0cae1a3b
1hrm9389eov	f24bb243645d
1hrnn9koern	1376a9acb6dd
1hrty9u499y	a0b517c2fdc5
1hrvm9a4sga	3a5b763ea6af
1hrxvp8hni	1a7ae87180bd
1hrzkqm3tcd	c0321ec5ab14
1hs1zjki9cs	4e110072188e
1hs6sa1zv10	204b4dfff100
1hs7mj0ug3a	2fd7fc4b8ba3
1hs85hslh4l	0502b3bb31ec
1hs9vkx5fpx	75c38668e96b
1hs9zm9gsxl	0fada45ed6f5
1hsiwnjt2d1	4d396cc15a3f
1hskd1v0lps	c31c86a20884
1hsr5x5qdi8	cf823b4d8290
1hsrit2t7ka	495f530171a5
1hsvqqokk8i	93766ef7f667
1hswsu5nne7	5927dd218503
1ht5i43cv82	3e87f8eca65a
1ht9j2ke6af	d327117c4e35
1htc06fcokw	4e797de32800
1hthij9vtbn	423974c6052f
1hthxotl38m	1f1c94aa6e06
1htm0towxgn	a6515a29b974
1htybxw9o91	fcdc3d3da8f5
1htydhkt0w0	0bae79915b41
1hu036k1mm2	e12399a38d2f
1hu60cvpszd	c9737f63ccfc
1hua7lgyvof	b5501346e31d
1hulc9kvrxo	417cb5647fda
1husewuctud	eadd9a6de3d0
1huy58ymqok	dd17245f4bc4
1hv4yh87flw	6b2e3c10430f
1hv54ntcu6h	469778b6d1b4
1hv5wbjb2uy	ce6602ed21cc
1hv91o73h7n	1256cdd97463
1hvfmx80qm3	758d7595c78c
1hvjvj6j4d	1691130538f5
1hvmrseew4l	6d32b386fe35
1hvwvr0d2wl	ec9e6da612f1
1hvzl8jv5l4	3794ae34b042
1hw9nkp396h	8fa9271ee25f
1hwb3wp8i0p	c39b1238357a
1hwe5mxs6p3	a50b8d33014d
1hx0l33fb1m	0059af454074
1hxdjmlb7db	770f3d8fe6c9
1hxdp83g26l	58457ac27ca0
1hxee3faf4w	e3abba5c7cbe
1hxg2mwiyg2	d6bb478658b9
1hxlyw4ivy0	de306e50cb4a
1hxrhc5cqwi	49f82158100b
1hxvkk75bgd	6b59e8ef3292
1hy29hhfd3e	dd3fac6455da
1hy8tkgyuic	ba3db5688d4b
1hyo49yumzg	ff31a145fce7
1hyo8bdtgs6	ca9c2756b44f
1hysbnecq3v	b3ee90eeeafe
1hyvimns5w8	1bd5a6c6fc56
1hz2elmmyfo	18f784c94ded
1hz7auhm4g7	8a3ee055b372
1hzfjvknbvi	e55d086749a6
1hzggtag3tc	67e29d539fed
1hznei5kl3f	e1477cd3b3fe
1hzs38rl07k	b3a3bb76957c
1hzvird9mu1	e7d43685b65b
1hzwh1a8pzx	7ee000719055
1i0aeri9tkr	98b22c16c53a
1i0fbk6kcki	9db638ad0579
1i0j7pbdib1	b7a040b0f6fd
1i0n8dgy1g8	9a9a217a9ea4
1i0tje11mh5	919f3f5f955f
1i12nzx82gv	5cc53e284c43
1i17s3nqt07	a50476bd6c37
1i1a01bi50o	6d08ffde77f4
1i1b60cf5yw	e0578272a19b
1i1lfwxhufx	52192c7b7d9e
1i1q7n1471f	e3ceaf02d78c
1i1re4y2urs	9f1773b63c46
1i1s9kjaax5	f27879ef269d
1i1szfclbya	e89e2ec4aef7
1i1z7zft8o4	983d49d11838
1i26ntpl1j7	2ee0a81ad1c8
1i276ffd3cf	04d692e2f04e
1i2c7krnb3x	cf453c74d817
1i2jlzwepav	77d69ea2cf6a
1i2kcduoxrr	4541dc022774
1i2lbu005ep	2abfd8313858
1i2vkzpz5pb	a5e398d30c15
1i2xy3x8fzp	73a9d95ab5ae
1i2zqwcrbgn	d262c6045e68
1i305ktm3qy	9007c239367d
1i3078dvcj2	5fe872ebdd97
1i33zcktu31	d0f11e2a3750
1i3m56r3hsa	a49613d65e8c
1i3qk9gwn0e	d06ef6425b45
1i3yrqtfvds	41a024a0fcb6
1i43uaoihnl	b0571272fa59
1i44rpuvate	4970c937b8c4
1i45q0im9dp	2e0fedfe1457
1i4cwxf92m6	fe9cea681c18
1i4doxm6mz3	08504af99c9c
1i4gkmn3io	ef5f2b13127a
1i4l0mubxbl	c4d64cc9a82d
1i4nmhy9lxo	179690a67872
1i54pwq0ur0	6a8c97496917
1i55jxivjxc	4c150fe825f8
1i5f0ycyva6	2518192a22c6
1i5kyfbf1u9	5fd4d298c477
1i5vk84sp9z	cdd497fc911c
1i66l3fpbjl	7bbf4e88bcde
1i6c63hbw6q	ad380466a36e
1i6gy366unm	2215e20e90ce
1i6ozisivcd	446e309938c9
1i6wx256dhk	21f06f20e9c8
1i735dy7rx7	176c2ce1e5c9
1i78ivcxpe0	25d2b2a2614b
1i7ejwn48k7	2652a93497f0
1i7iiudoyos	98c602f94d36
1i7xxn8o4l4	e2a27c46d56c
1i7zhgn0avq	c53ea818c552
1i7zon05ppx	ab4aae1df6c0
1i86r5uzrhe	39e5279de281
1i8bsts3wmf	4dfdcf6f370f
1i8o8fbrl0p	d5caef7e092d
1i8s31igkhn	9413156f6215
1i8verkjvtk	e7b19718c8cd
1i90khdevex	34a41c6e066b
1i90qt9ihek	c2048205684d
1i9dz24bhxm	1eb5c30545e0
1i9ewrbdoqh	79c1147267eb
1i9g6ylmfot	8778f0d1d2c9
1i9i0h6jknt	9ac89db13a31
1i9ldhnw4rl	82a82c5da78f
1i9pnodot51	0778fcb271c1
1i9sc4gi1lq	96e427d5c371
1i9tb3w97x5	251a4cd328f9
1ia4wekousf	9de1fa0f3879
1ia8uzi8ei	33dffcceaa2d
1iaeume9zq8	ecef9f1c1867
1iagp8udf5f	3b324cee7e1a
1iahwyhk2sw	b3a5b834fc13
1iajtksxswf	4485c113766f
1iaoeg04172	82a13318a823
1iaou0qjjyg	be5f3c559e7f
1ib2v51x43j	85caff97dae1
1ib6m5jya81	db45dc9999b8
1ibhghcg4ty	61ca255c7599
1ibnouemxnn	067c16ffebe5
1ibp1unlwl9	07739ecb2c4a
1ibqgko1k63	01d3da22596b
1ibsviun20u	260df187c6b2
1ibynicr6jh	67ae5bbffac5
1ic4k6fk123	51589185ac48
1icbqb4kble	6158fd42d59e
1iclppuvvui	b9e3c27d197c
1ico8mro1mt	73e4419bc8ba
1icrbh1nis2	5e35dd41ff6e
1icri4zve8	52f30cf8d623
1icyb2hexvs	1383ec347d86
1id000xnl9o	28ebb209292a
1id0dx1r1e4	ef4d6b3d981a
1id4yldidbr	7eb07f3ec755
1id6eve683z	a0f695f03862
1idd0i69stk	c1638c6267b7
1idh6tsvsxd	bb76a3c07869
1idm4z4alev	c6cf238b6fa9
1idt8dpqikd	3b2e3d72ea87
1idzf4on0ia	f0949608dd8f
1ie2463mmuv	ae96a44aedbe
1ieecarogiw	b6a99d027329
1ier59px7v8	a53128cbf878
1iesmyvxfu0	a264a89d25db
1iew2f8pp6q	fe38e24fc39d
1iezo4f9bz3	f76c1ec61fb3
1if2lk8qr72	87aa4933fd4f
1if36wbqnkl	f1f9964186b8
1if624dda98	90955d3a5a34
1if8otgfss0	31145099c414
1ifaxzk9p20	f01c554e885a
1iffqv0d1e1	1795aa71af34
1iffzx7wn7	b1793f32c14a
1ifjda2bwd9	410b2f5c06d6
1ifsdtzv1pb	df3bec37226c
1ifwmnog4f5	bb5c79066edf
1ig765ppi6f	d7ca02abe5e1
1ig98hi8x52	016352ecd777
1igch81s79r	ce4d4c7edf5f
1igegp2vn7h	5ff98b659f3f
1igij2l8crw	930d011ba0fe
1igk5jci0xy	a4ee701cac6a
1igpovrxyp5	30654bc48abd
1igrz5dxu9o	851e27f8483f
1igstlo128n	d6463da70cf2
1igtm746bu5	6b8e2fc114da
1igzdy3w3as	d88adb63fe9f
1ih05j980oe	c69ee09eb798
1ih6wu8vz9l	edb599e7868f
1ihhgtu1ymp	e6b7e704a3ad
1ihlnm2z7xd	dc68eb0a21b8
1ihvq6cem3m	4fd43a8b9008
1ii6pc16psh	965144fee271
1ii7jbauev5	7909030d7ae2
1ii7thqsmv9	5410095dfd09
1iiclq45vgp	027a9ea0a6c8
1iipnjj14oi	b9d3cb5be268
1iiv5rq8qa2	fe5961fb142f
1iixta7hzmu	5970fb603c7a
1ij3j5goz07	7b373e6ddb72
1ij41ke61fa	6f1d719e15c9
1ijerandurd	6f8559605522
1ijjgz7ye6o	df1b4394ec86
1ijk3ipyui0	a7cd8b010fed
1ijleu5lkn3	44045a6bb1d8
1ijpqhmjxy1	48723e056cc7
1ijtf51cc72	e1350cef9590
1iju3r9s80y	278e591e85d9
1ik04t9wqcq	ee107e3777fe
1ik6x3tx5kd	fa5425236528
1ik8b7f34m3	c763af064ad7
1ik9889iqn4	5c2dbf8fff25
1ikityphl3q	86a2bd2d561b
1ikkyx5f1	46bc5f56add8
1iklp4bqn0p	ddb114a9ccc1
1ikvmxk8eeg	9960d9794928
1il28ks01ae	0e2b994ae656
1il9fpnfnle	f3a9de667d93
1ildgrnbjrr	1a233b07f0a6
1ilu7mmg6m	b8253bae6fc0
1ilucxia6ev	317fa95bed04
1im249vib5y	7fb9384b1607
1im74k68j14	c4a927d45193
1imcj7gkhii	91f8105b57ef
1iml0vmg8k0	320d026bc858
1iml23jrthm	0e56ad9b7ed1
1immhjib9oj	e54f6465796f
1imqxmjwy1g	9f7a1baa4b56
1imsor0n1v2	ed0da3a9de14
1imugw7ekv0	195dc3b9fbc6
1imwug5pmac	ee504383fd0d
1imzz4l4xz9	f5abbb272a12
1imzzzf00kr	a83428e14ea1
1in0r5baunk	33e8024b6734
1ingaixv73p	d38759c2a0a1
1inifer3jkd	1eb32c144af3
1inioi9ah08	264b6b61f8d0
1inp2zi7tcu	72b1cd11e9cd
1inq8eh6ogn	e53e3e8703e2
1inzoqghm8d	d68aa6d86f56
1io0oxijopd	16f8257b7cd0
1ioaiqbmolm	531688e4865b
1ioamwgdn0q	e911bca1a116
1iojb259lu6	ee4e42e1379a
1iokqhhnpkm	52bf4171fc2a
1ionwnqnors	f61fc2de30c3
1ionymhe5p7	c199f113e13c
1ip1kya1jr1	d1e60d018e93
1ip5t0cfd4k	86c8b65c68b8
1ip5y1eiji3	121c80f84324
1ipmt30b3vm	214749814dc6
1iptl6bbzjl	93f21a4c9ded
1ipw5fd62yj	716583219f75
1ipwnjmbnf9	35d9de95009b
1ipwpshplqo	d11a4694e06e
1ipxaql7flx	6ba374b67197
1iq6dxigcsi	0250ed46560b
1iq7qjyus6b	6eae18aced0b
1iqeab1kf8c	04a716c521be
1iqimmmdggb	38f801aacbbd
1iqkr12fncj	54719954ec8c
1iqn3r7u1n1	47757f2cec86
1iqx2tvvr4	e26a058bb6e9
1ir3tozwodm	9ac8951d9573
1ir97zi9zbb	5e949fb4a2f6
1irfvbonr30	8cf064dd7068
1iru9w1wa5p	9b3dae82584d
1is4t3dcosm	d11877773f74
1is5zlajk1h	e24238a83cc6
1is670xisue	7f8ebb589af8
1isckn11xn	e279e8a2f498
1isd3l7zqxz	7078bccd2534
1isp0kawrvv	85a26f9cdfef
1isxwo960j4	84bd414b8b45
1it31ct9hua	9ec9c1448f77
1it95snlt1h	0f35d9a6341d
1iten2d8enl	ea528db4e154
1itqmiy912w	b014503af5be
1ittl3xmquo	5374fcf613e4
1itugk43zwe	69e0a659c190
1iu185pxiyp	798aa35a1db2
1iu7p1k3gry	950efdc2fa02
1iu8s3ciyge	dcd9a03727b3
1iu9fl0q6c8	37fdf3cf92aa
1iuczs16cmr	59300c2030cf
1iup24qrjgc	4f39dcd3f62c
1iusz68q0wm	354f36e3da11
1iuyd5xu22p	023e6b74c6c2
1ivus699w41	fd7a7477bb3d
1ivyf25u4p9	a05f61e5a3e4
1iw74jgflns	fb02a302449e
1iwb86gp6v5	358e02a6dfbc
1iwdnyqm8xl	c6837d3b578a
1iwe4a1iom6	954d94d78b24
1iwlv2ycfl0	129ad6695101
1iwoljqhpjv	b04773a5cb28
1iwq2gvivm7	0154a202f9f0
1iwu97wtesk	33d3a8ee4690
1iwu9918mww	1cd91dcdbfa1
1iwut2wlfx1	88c825989b25
1iwvhuey7az	90d9012227ae
1iwxmu3id2l	b97e45b33365
1iwzi325km3	03565d703efd
1ix8v6pk1mk	a71446bb0b94
1ixabtocy1i	d49c2b031647
1ixcqyrxegf	5b8e9c0848fa
1ixjqpbqtd3	1a1e28840ca7
1ixlh597vom	3aa0329cc46b
1ixujqgo5v8	36e6efb082a0
1iy8qlu7blv	1ac7c3013c5e
1iy8rw2qkyo	1d567fcbc710
1iyjccbnfyw	7c5df7d1838e
1iystcqac9k	db84d470ae91
1iyvjrr09k2	1882247ff2c7
1iyzrxgiv1a	2738c1ccbb72
1iz85pofmur	598360f38e71
1iz8hs8v2as	16de5ab04846
1izbkahwkrh	47b5094f57af
1izc5se88jo	a3ec570f0bb5
1izdeeuelft	a5a60d4bc619
1izjx95kbrp	8f982b1722f5
1izu44p6oaa	730f34082230
1izumvg5z14	64465cddfa59
1j01gsh2ajc	ee6d0ca8aff0
1j04gwgl4px	cf7b72d04f85
1j055u7c56a	c1cf683b8d4d
1j07hps5r3r	1f20e1295eb5
1j0avdpyzaf	c79570f28dac
1j0c3k8l8pe	90c555f9ec15
1j0gspd43	b0149190863a
1j0mbeacnv0	f4716f895c5c
1j0qeq41dm9	c1a8424d02bf
1j18m94f9q6	f3bfc58d83b2
1j1gvrimyo	5ce604374290
1j1k45ifupe	a04f76460480
1j1msh14t9q	02d8e43fcbbc
1j1w4xrrf0z	0f237b74a09b
1j218eftk72	e5a81129f7a1
1j223d9owap	0e9cc8128a39
1j2bphkbe0a	c399b7a4d878
1j2whftwl9i	3b61f9fc48ff
1j2xdvhn00l	9d9c020b839e
1j3bzy3ecco	135e5b9578cb
1j3g7h6sjel	54190a4f0e0f
1j3o5dw95ya	6f5f03bee6a4
1j3ybzcjg06	ccbad52d7177
1j3yrrdew9y	b7591d3ea6be
1j3zyrims0s	33566d772826
1j45h56hpmt	3e0336a66a3e
1j48qrdi5sv	875e314df86f
1j4c5wny3tk	2d59ce6ca2b0
1j4f58ackvs	15328fa543e0
1j4tvo1rbem	190f21339cc5
1j4vafy2eho	be1117e547e5
1j4vtyl6xhg	a07738abb8c0
1j4yawm8n4	a6c84a2dc8b1
1j4zeke6xni	79d1072625e9
1j5472iflpl	d69cd21fcfd6
1j5d1xhkbzz	8750cd86e7de
1j5fm3rbqnd	9bcee1d37962
1j5h0tsm2v5	4ede9b917aa6
1j5jyiuq54f	6243dce5ca7d
1j5xnedodz1	ab4bfb18a4aa
1j5z5odjg31	a50d66eb2ec3
1j66zg2viz8	3a2df46c420d
1j68meyv9xz	fd3f8102a9cc
1j6901dadmd	968864a566d5
1j6bsgkth1g	ae97672c455b
1j6ikeelhsa	76b286a891b4
1j6p79tcczb	fc9c40f4092f
1j6vkqujayg	133d71c26a58
1j72aa2zj4g	9d45f25a629b
1j739hcvsyr	c2a5bc6b224f
1j76cb7nn3q	b7124394e471
1j797iyjf6v	08679ce484a9
1j7c2pf2umy	85564e28fe90
1j7ghq948gt	0fe13c694b9b
1j7ncqkhnru	e5814f59a53f
1j7q9djka8c	99b2e721d69c
1j7sza7yz1y	7bd447ab00d3
1j8m5vleb8f	7cb652e36312
1j8psva2lig	0c4c497084d2
1j8t0rsmqe5	50fadc41ebf3
1j939uuvyif	4116703d8ec7
1j989nw9ya7	f78d677b44bc
1j9963tjzgy	d3ec1df527eb
1j9hlrsufoc	f56b04c1f683
1j9omtyb02c	7bfe8cc10759
1j9txi90pyr	16bd42594bcc
1j9w9uwt8ci	16ebeebdec2e
1ja0oyhq5nt	1c2a33c493de
1ja3ak0wdt5	2fbdb186ea70
1jauhouh5na	bdbe6c0f76fb
1jaxsxv1is8	202ec83c6b8c
1jayx1z56n3	49f4daf88cb1
1jb1zdvj61w	41ec8a4f11de
1jblzzodokp	d3a2b1daf56d
1jbpghx7b1m	987c3eed5129
1jbpncymhhc	a33abb6a8f23
1jbqahph0nv	6afc20c7113f
1jbqxb94nmo	835bc37c7ef7
1jby3lykelw	701e081fb087
1jc1x8kfwt4	773687999565
1jc87iwbi3c	85af676ff980
1jcboy420fc	521ddc95945c
1jcc0ovabr0	92c64521cb83
1jcgi8m6och	4b96200be0da
1jcrhtoca8x	1d60f3f87267
1jcri3qc0ze	3c8678138c62
1jcsrievx00	9b494ea09d50
1jcvkewx99d	d9f6c2f8110d
1jcvnkdjmb7	83e2a32c756b
1jcxk3858c3	8428314d53b7
1jd00517z82	d23a8eb44771
1jdbij2zmc8	afa013a67501
1jdbq6b2ax6	c87a8adfa9de
1jdf335n3np	e817ba9a0417
1jdqlioe01s	af1ee568b381
1jdr530eldt	0103051cfa3a
1jdzihfl0ai	d9383c063f9d
1je19es5a6l	9a93b09ad70c
1je3n1k2gum	ada402788c13
1je88yt0z8r	61cb1158a025
1jebv80qh8i	c67efff1cff5
1jejhxbxylh	1ea50345ac36
1jer97402qf	795f16b6c4bd
1jera79x7ck	732b192d6001
1jetnfkirbe	435a7350f206
1jf14vsggsp	7afe7962494c
1jf6297wy4f	fd8d7bbabd07
1jf7w3h8lwv	0f9a09b0859d
1jf8qs9hm8n	aa07446fa750
1jfhc7w79v8	e89fc955d5f2
1jfkkmrswmm	7249b8e09eed
1jfr0tw2tgx	fd712f6b4b9e
1jftfuux5o6	f0d21b9f3fc4
1jg361yf46o	eeb4462d529f
1jgfuo4q249	0cbae66968be
1jgjxmxyrnk	10124580eaef
1jgl84wjsrx	1f36b57e46cc
1jgnk06ougg	f217453f3bbc
1jgpyzjz47o	10b0145549dd
1jgsgqfaojz	4926e01e6aae
1jgto5zk6kk	1665ea8125d1
1jhl3t84wfn	e37563cef9d3
1jhmajlpklu	3ce0dc848126
1jhmw4grm5p	d9eed27f2ce4
1jhz8gr1lhn	b6b7f5651bbb
1ji0dwdgjh6	86d1515e2956
1jigeigc74f	ab9a41db9a65
1jimufv9yei	f5f3ae5ca5e5
1jitckpe6g2	a7ded810173a
1jiu2rrhp2q	9d6c97cfdbe2
1jiw3au2kvj	28279093a2ea
1jiy8i4bvkl	3d35efbe5a33
1jj075tqsh9	59160e8541d8
1jjhns63j69	b79af5d0b677
1jji8dbhywn	80a4de1cf1ba
1jjlgsyubt5	60ad60ff05cc
1jjn9jaago4	d39b16af9f02
1jjop4r0xan	b3a2f49e63d1
1jjszliapet	b7bf33f310fc
1jke5r1t0aw	2f17c69a78a2
1jkg15wql3y	08598ca44c9a
1jkhtogji0f	088b7f89531e
1jkotdd16sg	37afa4535d5e
1jkva2mqhn5	7de64771fc31
1jl8uf7j2la	b15649aff560
1jm25tb9qh0	985372af0ccd
1jmet3a05nd	c83791131eb4
1jmk13rf8o1	b0c2d40a0706
1jmogs3v734	b4e130f7706b
1jmqek0lf4u	e2b4a9bdbc9a
1jnbaiy4uop	239ba262a844
1jne8mm5jov	d20073d2cb71
1jnk84tj0p0	d88142c26ab3
1jnmyl1jbx0	2dddd1b50aed
1jnooukb1cs	c6b47a4fc27b
1jnv5n4k3mh	adc53289327a
1jo9yy0kecc	6a9c076d7d54
1joc1tnwyde	e9beffd04cb2
1jomp5jcfmp	047d1ffa89c5
1jouqust89j	2d8029cfa164
1joyvwcbyq2	4c61707a68a7
1jp5xlf1mp9	1570019ba95c
1jpft99pcz3	874ac03ffbaf
1jpn76ccrsu	f9ab1185331d
1jpp217p3ft	18994df47228
1jq0xnphyjp	745ec4033413
1jq1y8spksg	5b8f1a2a244e
1jq2ausfrer	9789fb9be12d
1jq2cphulgu	d38cfe42d403
1jq3iuyiz30	879060722d83
1jq3kxhqoql	555e02accf84
1jqbzs59u87	c78aaa1b0759
1jqdjqtwlrb	958da148b77b
1jqdmu0m4v8	6dfcd5287e12
1jqiiayhaca	075328869935
1jqo7682m5w	799b57a23793
1jr1pwb74io	9608bb079744
1jr3rnjtn18	aa186cd355be
1jrd8tqorry	8eb70569f4e6
1jredu1s4st	ec902e55de1e
1jrfkpcdg7e	b11d8429c27e
1jrfwhte8lh	349b9aab882b
1jrfyuqr8iq	3cfe80118fea
1jrj0jf0e6w	c4831a8937c1
1jrsx635woq	51d727888a17
1jrtugjf6d8	69d860c3fa86
1jrw671w4aj	7ede96c1d1aa
1jrwru12peg	9f3ce9e6f36e
1jrxjucgagn	f784a2a41a09
1jsiqa74p8s	cdef0314f943
1jsm62fex1	fa42a346505d
1jsmr17ewk6	d8f3a6716be6
1jspegp21o6	dd0d147b9a72
1jsu1j2jq35	56da076bf149
1jsv0ld3v1l	be8e54bf2206
1jswwkiirhn	ab32ba782132
1jsxes16jsm	f7d7e5bd0f61
1jsy1ks3foc	a4b4e0d9a16c
1jt131jc2vg	e81498977973
1jt2leu234w	b71dd0fd6ba0
1jtc2azemdd	acdfc27f51a5
1jthx1tisml	56e22902c436
1jtl5h7hicj	07f2aec2c43f
1jtof3514dj	5a2604554c6f
1jtpfoia0u1	64ad297d2966
1jtqzi1x3c1	a289703992b9
1ju2akftspz	b9b7d8f7c50c
1jubhlb36k3	5b259e040e14
1jud8je8ylg	df31d0978ee5
1jui0pytw0x	d9ead7a43165
1jun53jzmwb	6f121afcd1cd
1jussyd3dba	9b3752b91774
1jv8omokg4b	c3383ad3b532
1jvuv946341	9cfbebbab4cd
1jvv5000x7m	3367e155159d
1jw0l8t5c0	35ac3d738ab7
1jw108zfeot	cbce05f04a62
1jw1p1l2pc	520904e7d01e
1jw1pniyxid	a07c82fe9e16
1jw3azbexqk	c8d0aa1089ec
1jw413jtghp	9bb4d7763401
1jw6td9eaoc	36e5e7b4c0a4
1jwgp72frkb	37589cb965fa
1jwivvngvi1	b0a9ed2b6612
1jwkin5x7x7	8649ee2b388d
1jwt9wq2ynk	1069494ffc7f
1jwtdvww7yw	a8e26bc5e1cd
1jwusfs6102	0975919a5170
1jx9rmixmqn	8137be2ef55e
1jxi4ylgean	04e996f5942b
1jxkoyibb6t	610f9f8ac828
1jxoilrcsn8	6a9906ae7b28
1jxp84ediyl	dfddd37eed56
1jxqqv4l4q	d67e7ecd7037
1jxtvdddd0h	b60e53b54af3
1jxvq83vcmr	1c2be9b1425c
1jy1w81ov1h	28ffa1043eb0
1jyamlnp6dt	cf3d0d642fd7
1jyd0dfa545	9863766c407c
1jyd8hkhbu	aef83444f2bb
1jygraqsv10	9a9f5d9839db
1jynfuashbw	2c35a6cca43d
1jyocn6cv48	873b48e0875e
1jyr99rmceo	a6d9187b7ed8
1jyyq48t2mh	1e8387ce0f24
1jz58id6qp1	4efd28b77227
1jz6vhvzbq7	c856c7e0180a
1jzdg4q9tu	0049d02c9534
1jzk8cwc8ts	de4edd8cfeca
1jzrl2lvwxj	ff170185fc6b
1jztsi7ge6o	97766e8a04df
1jzw64jd2ck	295da94bdb85
1jzyq8efqib	8289a201c77d
1k002se8371	43102f071f7f
1k0buq8hqw4	58ebbffd88c8
1k0qtxrtttt	e3878720cb6c
1k0scibqf6p	89a398f7f153
1k0v6klbrn2	af5964b04aca
1k14hd7uiae	14805db2fd4c
1k1539f39r6	67792f3e799d
1k16n2h369l	965b904ee63d
1k1fvcyx8ta	0c3df4708802
1k1gh3p8hht	0f34983b5e45
1k1jooo7qv	e3b962ce7104
1k273l7x0dn	ddb769be9d9c
1k2aasitrlg	4cb44d2a3b12
1k2ekshmeko	ad4a317146c6
1k2jrwqef0	1556a3ce3ba3
1k2m7s7ouzj	c98b9e617fcb
1k2ouopao11	278232453b29
1k2pqg54smh	3e6a8a497cd3
1k2ry9dv70p	1ddd75fb50a4
1k2usb3zh0a	d2b87fdb416d
1k39qz46mld	fb2e3026b36c
1k3anvluhvh	69b3761ee218
1k3izqaazuh	6caa5cab20c6
1k3lbvnquky	a85d30188902
1k3q161ynu8	4b6c690e377a
1k3rojtyyyq	d732d448dccb
1k3v5u88kzl	5d53f4294098
1k48izkgxly	5ec485e3a7f3
1k4dz25nnez	684278bd503c
1k4g82rpmbc	d893ade3144e
1k4h45blhi4	99dc6458ee38
1k4hr5vabbh	2dc5827d6efe
1k4pl39icjc	51656ee43e5e
1k4vlmpcnuv	485cf890bd3f
1k517lxtmym	dce3da5d9c9e
1k52pqh5rfp	54b9228f3dad
1k52xjpd3c5	259fb19b672e
1k54c3ai3d0	96a6fd6909bf
1k57ig5mw3z	e5903507f1fb
1k5eiusfg43	3c014531303c
1k5rbcrmo0s	19cd8ff5c2c9
1k5xoa97y7j	99008e3ae6f0
1k616gcrvtj	08547bb5cfaa
1k66s1y884k	4f403b117933
1k68hodc5fa	5cd205d298b5
1k6ajs2ree3	2e95d628ff8c
1k6h3sahiwd	b15e288d1aea
1k6hoowt92w	30f430500597
1k6q3ypz7ox	057239b1664f
1k6vqekmspf	2d35710b5ddb
1k6xdiqdrm4	8d899d8781ba
1k7191mrkzg	874fcbb2dfc0
1k73jqofh32	dba8e3e25d97
1k74kho2bsi	50eac20e7cd9
1k7b6aqlm1s	74ac7f509a21
1k7e1am6wrs	bbfd606fa987
1k7ywmfmdwr	432045efb6a2
1k83oprxdao	952ee19be9dd
1k847sj234a	4f19ac289a5b
1k84xuumkl6	742b478cd4f2
1k87yiyy70s	d1d97aa04ba3
1k888pwhjpw	e8ca9a3a8e0d
1k8axwzkkzt	0548c7f734e0
1k8kof1ieda	d230d30463ca
1k8mty2cida	4aa9fe3f9795
1k8q8535c8k	a6a9c8ae9874
1k8xxc81u26	b4619fc395b9
1k935bss4up	be6e9493f401
1k983hb1jwf	9611bd6a9071
1k9ebnewueg	55e083c1f8bf
1k9f6lzwtqa	75f3f1abeea8
1k9twdbiajg	f68d2ef8350f
1ka33i3l7kx	68556111ac8c
1ka3539hbkk	949a1e96eea9
1ka4cvhipin	53e74ac61159
1ka66erkcsj	169118977ee6
1kac0xphdgi	2da4c475efa4
1kac4iarvqf	58dbae2e377a
1kag5wjvgmm	7f994b87c4a3
1kar711lwie	082e0c8f58ac
1kat1ns8t15	9ab2b1f1571f
1kawwrncilm	f81e6e0ea8a7
1kax4sjj9d3	4060dcbbf1f4
1kazkbxh6m3	b4879bb1b59c
1kbdregch9a	5763761e316b
1kber6icehn	0a40f060fc96
1kbkjlcbpup	eca236458f6f
1kbks9pszdj	05d95a26e7ce
1kbtxirqp65	ca8bf485d514
1kbv4dq5f19	c5218230a0b8
1kbv6baah5s	4c97808a889c
1kbvhtrq2tw	9e765a7cdce0
1kc3alfwopl	ff7348b42d54
1kc97uypfr5	f95a7a5dc948
1kc9d2umn3u	487caffc9ab9
1kccqjmdlcl	fc1417359361
1kcdpzszg6d	ab04c5f1f402
1kceg0vtt4g	cc8662d7d0e2
1kcfe2jr173	8f100e3ac688
1kcgch389ba	53f6a81c79b6
1kck4dbrb1q	8178bcd62fbf
1kcvy4b6tus	2ca4769b8bb8
1kd1ser41ow	ab270a4d2475
1kd3cjvyulf	e5d60092b03d
1kd4da63m60	0cace2883590
1kd54sourte	946fefe06c61
1kd5czvsxzo	9705690be5c3
1kd640rtm8b	58de732551f5
1kd8el3rgc9	ca44443a9047
1kdcauzbksd	bcf372a9b4c4
1kdjvwbnors	280d949bee1e
1kdm7vz9m25	9451b188112f
1kdpd6kye5s	f736a0c50092
1kdpfav1097	b11ac8a3f548
1kdpty2kbuk	bc72f8cd2ff5
1kdqxkzse6g	0498e976e45a
1kdrnwshqcj	e6efc9f535ef
1kdtyuk3jah	ef22e186fc56
1ke00ex4kog	9375b96dacd5
1ke0wuv4fad	be0094a8565d
1ke1vc0ppxg	2115bfee78b3
1ke86mkujdq	8ae0721ebfe7
1ke9n9o4g4y	2418d690fb14
1kei4cb382m	b8c9f65295a8
1kep9kxx1b6	fc8cbeae54d3
1kepqqrx22e	60b3a02d1ddd
1keq0zespmc	47d968c58846
1kes76shtma	95446e4a1cd4
1keubjet25q	fecf4fee7fed
1kf3rxnh6ff	2580414e6dff
1kf42pffcdg	9e10067185f0
1kf7vcksqmb	92c024b582e4
1kfh42xp069	3211218c9b48
1kfi2w7jag7	b2b0a9260f10
1kfijzn4jr6	817d4fc9ecf8
1kfnx379q4i	497e403385c5
1kfrii1y2sp	1819ebf569cd
1kftjiw3kj8	e61ca0fc2e86
1kfx3b6fyyg	8788d12b0525
1kfylre83ty	8b95f89e599f
1kg4atfqa35	b260dfe89a9f
1kg8uu41hqt	4b567b63425f
1kgcmdon1pu	3d8b6e589dd8
1kge9s1b9pr	2f4a68254a2c
1kgh8ihmejy	c8c4940a5421
1kgk0zcyhcg	8b00c455c84e
1kgm82qi08n	70427996511e
1kgqkdxf6ec	a6773fa9d500
1kgxag7kv2y	7fce642c1281
1kgxlev70cg	2255f43eb49f
1kgzwyb8c8v	f9ab372254ab
1khfq0flc89	8d8463e5369f
1khmleqtbvn	4ed3dff0b93a
1khukjksc5t	70053b881c1a
1khz0dme8p	86dd0c3cbbd1
1khzbke8j6g	e37fda243fc7
1ki1izuqpyz	15977a215280
1kia31a9ukp	8e384b2b3a79
1kil2516dr3	d245ff869f23
1kim8a60miu	bff31446cf7d
1kimc5k1cb3	c99339d17960
1kj5kwamqmr	c923ec53fe4f
1kjaz49ugiy	7fa27e0b2117
1kjbdgm7fwd	17b73b58dbab
1kjhe2bot69	a8d4a584e150
1kjlpubzjnt	feaa4e0c7105
1kjn5dpboig	d1e6f6ca7598
1kjn8u85tk8	561134cc128e
1kk29qiw2u6	5b810d409004
1kk3fo365rz	84507c1084d9
1kk6pc2pw6p	1a93ceb79784
1kk9je2w8gm	991402bd7343
1kki30j2ctr	7810f7482b54
1kkiq97405n	7b349cfee962
1kknqeo45zy	684963bbf8aa
1kkuars3r1y	1d6b11ceb05e
1kkuqpxvblf	2d592384cd4f
1kkuwsgnbe0	a5e1b81c63c9
1kkxngrzfl9	76c8a863a8aa
1kl4w0twh0r	ba87bed56607
1kl56rzgspz	4d77347c65ed
1kl8x6tyxrx	4614dc9e23ff
1klmnzn75q6	452fc4bdf1d4
1kln9yfgkg	0ab7ebac1e18
1klrktq0q3j	22abc77fa053
1km3zyeihbk	a078559a27b7
1kme6dk0pvo	244ec76188b2
1kmgkis1iee	4733cab3d78f
1kmhi6tgu2r	d68c5f17795d
1kmhnfyj561	c3ffdfcf5df1
1kmp5j1i5g2	e03b7f029475
1kmtrh4vqp	16450376f519
1kmuf4f0lh	125fc14c61a8
1kmw9clj0kw	0877054b5117
1kmzpb66vt5	f3b36af2948a
1knc985ucff	a642c141bb38
1kndayirnq6	17694d148f03
1knmlobm28j	a4832280e57f
1knrulse5f6	e2ceb3531705
1knyizk9ha3	433da46ac24a
1ko5t7y9bp5	784c07a06f48
1ko9tdz8u92	3ca284947c8f
1kocjc6zy7	e853a284e0cd
1kodel9gr4	829b6bf4b99f
1kof551k0pe	f412a6c112dd
1kohyb7qckq	fc6416660c19
1koks1in2xv	bedf33bf96bd
1kom2nlut9w	db93b6286d2d
1korkdzv85q	b1359274c91c
1koxazbw094	e871650f7a89
1koyej53ymz	6cb9bbb541ab
1kp4rxn3mbn	128b7496bd0a
1kp8gsdyag8	06e388ab5341
1kp9wekxp5k	93c1d36a867c
1kph0mux6tn	bacdd7484877
1kpiq4l0o33	a05de66ea7a3
1kps1ci5y1d	b21118060958
1kpsv9543f8	ed9794572d49
1kpt2h3ver6	2e65a07244fb
1kpv2c7mpzu	e220f6930a1b
1kpxb6fjs1y	272f5ac09988
1kq05ihq9w9	a042191de531
1kq9ao2rgap	b3537c500567
1kq9nwjat9x	b905dcab4b3a
1kqcl4m2rqe	51f8f69487a4
1kqilbce5d7	177293925edb
1kql9vi8agd	26ac7145b78a
1kqlgfc7g69	ff63263ee8cb
1kqni71ormz	72e930a35917
1kqq23an0rk	17cb6c33a036
1kqr22ig11n	9a32f59f2a89
1kr116p8165	75c78ed90e69
1kr3don3r3i	c05bbec85713
1kr6zswufk3	116f6e3298ac
1krfo7bc7tm	bf4743319d48
1krkyu3z6kx	bcfe387faf89
1krp5sm360y	482c9861c3c7
1krp6jh0iog	95505b8617fb
1krq6y8wz9n	26913ca7bd30
1krqfd9ku5z	60f5b0ed921b
1krr9umr3mg	973179209f61
1krrz7ssv9m	d9c038080ef2
1krs3wcniv0	e3b534c5f017
1kryr8h16no	7976ca14f64f
1ksgthtskbn	ed039ac469e7
1ksj47obd24	e472d1dffdaa
1ksn44jkc6	ca13f13fe0a0
1ksvfvejiy0	ed9c2f104332
1ksxoxm7hch	a30c5a4041e5
1ksy9eqfxoa	9abd408c77cc
1kt3wxmlx7s	b29935f4a4b9
1kt6yyn2xb4	e70951865e92
1ktfb1q241l	08392f55dbac
1ktlcep8tyz	1579501589b7
1ktly96ynm8	66b918ca5ad7
1ku1l0oxkfa	b31732d952bf
1ku1yp2yjal	9911a4ab6b0a
1ku4nttzq0a	44f83415ae70
1ku51uez2ej	d9c3b58d9252
1ku9na1cwv7	b0b80110454f
1kujx2y5up3	d72d054cd2fa
1kupcne1l79	7c5a475278cb
1kv8r6nt424	fe9b45b28348
1kvij7nmot9	357ac8dcd7b6
1kvisiai481	b23b9319dd20
1kvls1hd5b1	ed11bc887605
1kvlt4vxkub	8031f300667b
1kvw066xkve	f38fe968b601
1kw2hm1c6cp	531be283e4c5
1kwfuirrv6a	8d51aaae7bb7
1kwhvj2r5ga	ee15d0b288eb
1kwor9ta5as	e722573d0c7a
1kwtyd5yp6c	4d9ef9dcec64
1kwxzyu6ybd	5d33c1ae93ef
1kx6fyjaowp	a29be6662f98
1kx7qtwe8gh	641318348b76
1kxa2uu9h6s	9172f0baabf7
1kxlj5r2ugd	a1721060e220
1kxzb7ijb8	f539bb217f35
1ky556ahx0o	f1b05094595f
1kyi9nox71b	bf75efe8fc1d
1kyk1zwpyfc	54c47dc1dba9
1kysxdef0lu	4636204b4012
1kyzovgnd8s	cf85330176aa
1kzl1l3m5rs	6d4091a88e0e
1kzqu31puzk	bdac323c0b00
1kzu4i5wcyf	6832dd310d44
1kzukg0wm8m	0ae8bf518d1b
1l042304d4b	9878e109bfbf
1l0b19h5v6	e56f9985fcc1
1l0d6zotu63	c4e8af9fb71d
1l0dfygnjvp	f0a6c75041cd
1l0eixwawsa	4c3dc4827840
1l0pvq6j9sw	3d049f84aaf6
1l0utpisky8	d3ddbca7f375
1l0vii8jrau	fd0b9de63dcc
1l1slnqa8a1	55a52c611bb1
1l1wfghvjch	613bf8e22272
1l1xty7rvn9	50ad1966e317
1l22xnwgjv5	92e6e1c0f0a7
1l2eakj1lp7	1f311a871f36
1l2ep9nk743	4401f226d873
1l2h9e9c7nz	27870b0e2849
1l2hk197f6x	b15c4dadd6c3
1l2i1p1n88p	1855dec95b82
1l2kiqj0eox	e494ca87f481
1l2r84tyl00	5478888113df
1l2xu1s42vy	60dabcb711ea
1l31qkyixr1	92e3bf532660
1l3dz5987ed	c269f4b31305
1l3j5474cc7	1c6cf670ee16
1l3pmm3tk78	6c0a0d66164c
1l3yndbcwlw	772a2e72de6f
1l43mpz5ryp	877aa79292b0
1l4dfhq5uvi	99cf1288b52b
1l4koq5lz5	abd409e406be
1l4oopu0aij	07bc6140a23c
1l4s2kzh7u7	2e3fde729683
1l4v2bib806	4b2cf95c8625
1l51q9ce4tv	fc35ac09cfd0
1l56ryz9q3j	dd850fe3b1bc
1l58lz1dprz	f05ac1fae4da
1l58zlhpezl	4114e8ae3b36
1l59fphqb23	7af27db10112
1l5lpxghfyu	dca62a92edb3
1l5maap4b4h	cb2bf9fe87c2
1l5q1zrwu3j	058d2e9b9ae6
1l5tsi71331	d355c68294e9
1l62a22zh0m	e78541839492
1l6371qzcsi	bce7d4c1a9ad
1l69ewnfqm1	b5cc7305e8e2
1l6cugc11z	3d6f3e8b021d
1l6fwnfulda	5f9ce5803f81
1l6nm205dan	450dd4eebe76
1l6q37hqk94	19f4e7590000
1l6uespp3cr	8ccd07c542b8
1l71doi6ogg	6e7eb1809df3
1l7bochg5gj	1df87a28159f
1l7dk1sxd0d	5245b3a2819c
1l7hg7gvki2	0aebfbc8a2bb
1l7j6c75k7n	025e6e2fee3e
1l7u0t5j750	1f7400151183
1l7zv5az057	94922bb5731b
1l80kv5z9m0	f2fbbdbc9e1f
1l80tefd7v	2fdf954af196
1l8htcphb71	3277d64180dc
1l8rm54vwld	75ab4ee9f758
1l8skpdk17r	80c185b95216
1l8usj9jr54	be3a00f891ff
1l8vu9jaxbi	aa12f6d6cede
1l8x7enuirx	1afe1c8ed4ed
1l92o6x6tm3	fc547e24c60c
1l92wtopd3t	42346bfcfe42
1l96nslc7n3	20d4c7fce045
1l97q55zj2r	617118dd93fd
1l9c1cremnz	ceda242e9f58
1l9dus5z9mc	2a2fdecd99fb
1l9pnwcdwz9	7f7a45a25c6d
1l9rjr33eol	dbf3708d60a3
1l9tgpypqn8	e51f09526f4a
1la1hrhqkj7	082b26ab0aee
1la78qan7gt	27202bdd3350
1labuxskn5m	3ac14f5caec5
1lad197z6g4	e3ba8fe0f050
1lakl65q0p2	191de762b743
1lamewb5yhn	ff396b5784ff
1lan7wgosvj	cdfd84bf36b5
1lap4yx0luv	b00acc73e2e8
1laqvoe1v2z	3707eccfc78f
1las03s8z8j	fdf30185de28
1lbb7mvxvdk	7364faf55f18
1lbd520c16t	7c579d5167fe
1lbek26f2ej	d46c81a489f8
1lbzhrepbps	488cc3acf176
1lc3d51y292	aa776f6b03a9
1lcg9nk4fmw	18627a249b2c
1lcigzx5vqf	ffb5e38142c2
1lckhjqad	f1b0c9010508
1lcoc42z5mb	182e874b34df
1lcxfdtghcf	1d1136f8b074
1lcxgp6xuru	aa38b4a86de2
1ld1uzgu8f4	f12e769d6678
1ld47h6nkn9	321732048152
1ld9pjqysn5	3bac5c206ff9
1ldlkys4lnr	f0e63111ea0d
1ldw5rozlm6	79abb378f3be
1le0k1urfqs	3f47fd91bb5f
1le152m0qap	97d5a1387c13
1le4ljihvdq	4b40ab7de577
1leb58vm9if	113bb3e61a4d
1leh6u8x3sb	35b5768fd251
1lf0mgsxhcy	76be249e0fb2
1lfds76p1ag	6ccebcb4fd85
1lfedxwcna7	a6d686db3692
1lffmf6bzgq	931be8c5b8b1
1lfs7gggig	c3a7b180e65d
1lfztp4e6eg	19de870e5dc2
1lg2f93yj4w	4aa7a7a5cf2c
1lg6ya7i8ns	ec44d4933188
1lge9daqrou	d995583ce753
1lgfbks9pg9	2bf775d9303a
1lggagl6fpy	8097f7ad4c0b
1lgklkzp6ud	c48012d9d1fa
1lgl93exu5v	fe0c1783b777
1lgs9e4m64d	a603698add39
1lgv92b9yed	641cdca4737d
1lhtm1gjre5	395fb1104cc3
1li0c1xhds9	20eadd4ee495
1libbvjx46j	2f33dacd50ee
1libkjrwbkm	c51393f0ed6f
1lieoyy6qht	9e07831fb87d
1lify8k95uz	d851b1607c7e
1lj3fw9vrqb	61d8dca160ea
1ljbb4jguxp	2ee98a99be1f
1ljgohq68an	00c5c7231036
1lk3ek0ywha	445ff9a6f099
1lkbsutmj2u	4eccd72a3946
1lke6wqdfb6	1af128f4cba0
1lkoeioufat	835e1109dd0c
1lkrsjw38aq	e675b3c5f304
1ll1febyb1f	24eb04e80107
1ll3cmzpdnf	120f750bea81
1llbe2itaq	d25054cafec5
1lleoy2xac7	7d0142db0a2c
1llfrwp4nzu	23b842b2fad3
1llwel4gjz8	f7ce257caf94
1lm35w7wdr0	f1ddd6a8ef88
1lm55at4xi3	45adfd68fb65
1lmd08tdy8n	a1aa7a208cae
1lmp0ynm4kw	0e8e873e3c45
1ln2ipsbynw	48c68348f38c
1ln868odmwb	df2e6df56cc0
1lnayb3n9mm	9bd27fcd8e0d
1lnmntc96jm	8bbf37ca9fe4
1lnnrygr1hd	5bcdfcebfcb8
1lnu1gfk5bk	79ffa84e7694
1locvvhuk1a	f607bcde2b50
1lofdar9clg	d982e4f3128a
1lol5ror0bj	77c3efa9ffec
1lou08yt43r	b5a8edb3ddf6
1lovq3usftk	45da5e51c829
1lp89dmetrb	9f60e8e767e1
1lpb7t8eoho	b48c14e7ed27
1lpbvoh1rl3	6e0869f93e99
1lpddntmauf	04c9e67ca51f
1lpibyhzepq	cd7c089bbaf0
1lpl98bzdsg	77a72e4acd97
1lpq3j8kauv	98f0f48ee6db
1lpuu37fpcu	19b0fa49793e
1lq8hc0sunh	b308a22b9287
1lqasikd5ex	799c1095ec49
1lqba3ic8n7	819b9db005f1
1lqo10hl8d7	afe6c56199a9
1lqp1wejtg5	6a1b64268b69
1lqpi2tjez8	3d01133297fb
1lqs11ka4eb	e20434625cb6
1lqvdr7p0d5	bb5b20a69330
1lqz8xv6kct	42c06738faa8
1lr2rrvhov3	804aed4d6fe1
1lre4out6tl	b0b902484b0e
1lrn84vycp8	3b781e49b4c6
1lrt75ygj2w	cfa0cf7d95e2
1lrti12umk4	65aef62deae8
1lru2niyzkj	511ff37c17f8
1ls4spck454	42e9e97d479f
1lsb21ewz74	39c8eaa6f052
1lschr7ap4t	08ba76d8ad13
1lsd2p6vunz	400ef8dcdf00
1lsdpk4toz1	8c3a2d1a835c
1lsf2uod7b6	2113eb62053c
1lsjmzceenv	09c75ea69324
1lsjort1hf7	dff92ffe6f12
1lsmrx8sp57	3cec90a74a28
1lsoia3mj2t	b8acc0a48d36
1lsqtitebmg	bd232b3c6d49
1lsyut19a2m	a969da70726a
1lt08fcbhi0	734cb8f3d2fa
1lt1rht3j2v	7bcb3e12d027
1ltdipn2ik4	c8c9d710e5e7
1ltg5mskloj	19b6fcc4d13a
1ltw3p9igi9	a7b244f37c62
1ltx3m9uyf7	ffcca5c0068a
1ltygkpl7he	3e935fa46762
1lu0w1p2b7c	df6a67a14151
1lu1pzacshv	4f04bde917e9
1lu373xxe7c	fbf024f85002
1lub5omxteh	0a72fd515009
1ludavaczcl	1d7b44b82d5a
1lujkulyzte	4c074cb19c5c
1lutglct1n3	c59d10f31b44
1luukm4mb5y	3de7901e1308
1luutrch2p8	29e4e6be58a2
1luxkp5fz58	be31ab92ee11
1lv1au7y8e6	daa33f410d55
1lv1x7tjpv3	2cc969701046
1lvge2bzglp	addbc7172861
1lvlrnuh6ky	bfa0128b6378
1lvn8z9cpbu	d0dabfe7b7cc
1lvnwe0v9i	e8c0882b92c5
1lvpd6gf6ta	6395c0a7d632
1lvr5a154fw	454d71b29dd7
1lvxk3uk4w3	6b08e430c410
1lvzclpoo8p	4f3b933bb186
1lw4c8tqo4o	3c485e88d0f8
1lw59xfja4h	833496d07e5b
1lw713f5ok4	07ae4da38f16
1lwdp2mvn4x	de94ac86d0cf
1lwge69ta7o	7baf9cb77b33
1lwk0cw6933	252b32077d33
1lwy7y1wg0l	4c70b96a56c9
1lx4wgrt1gp	5e6fd099a2bf
1lx5wsyrbwq	4344df7701a5
1lxa6pw42ww	5e36272632c3
1lxcv0qv8ez	8c2f8682242f
1lxe07szcl1	071c47bf3712
1lxsm4vz8tk	3a29e3a7c790
1lxxle3vm1f	a7c7921ca10a
1ly025c7m09	664959b846c4
1ly3fksbymk	775d92f8ef1c
1ly5680m2wh	6e510ab887f2
1ly7igzr6l3	9163d93d9503
1ly90ojzqas	eeabeaaf9c9f
1ly963iy7qi	3ed9fd44f576
1ly9ziukff1	a779ca83172b
1lylkjwldrb	b483a17c75d1
1lynn2fr4p7	bd45200bf4c1
1lyo5jl4vmw	1da959e7aca5
1lyrtd96cei	aa04e1b17080
1lz51wxd2d7	256498a806e6
1lzbz9nts1i	e7ae7b8a2d48
1lzgp08aj0x	de37610b3286
1lzhht46gy9	10bf87b1ef2e
1lzm6atbuid	64b4b11dbf32
1lzspqbvwci	e5391ebe5593
1lzy3vbeohd	143f4396659d
1lzzsenhvyf	cae4bdef27ea
1m01r4dzc4r	cb0a36a03c2a
1m02p2zbfth	be7578e0c8f4
1m03ug6fkdi	42fabf6f10fd
1m06u5fnk56	8399eef94b24
1m0c55l614m	0a3d61f8d9e1
1m0hzmhrw4z	1bc13fbd8bab
1m0j2b4vpzh	7d40e8df0154
1m0to68vtlr	1ee73f016cc8
1m0x1kas9g8	1a6517f1da08
1m12m69gc11	1c1a3107f9c8
1m160vujqwi	f4910f223cef
1m1cojd8z39	19740d41ac56
1m1kki4nctt	60cc3ce8baf9
1m1percubid	dcf278c851d0
1m1pkemfsy6	d9aafc481152
1m1ui9mtmu8	24800466e22b
1m1yt8reted	701c6d324811
1m2an3rbb4z	541d99a6e48e
1m2jstaup6n	421e07320d26
1m2kr5hhhpi	6fd3638187a3
1m2sr34xxkp	f642a1434faf
1m2uzui5u5y	522b295bc462
1m2z5gfuwfd	d9863b049231
1m3h9nrkvpo	650a2ac96701
1m3ipwifr9	3bd2cf52d629
1m3ltvd5scr	e3908b1a2b34
1m3oog1wywz	e95fd590042f
1m3xhcsu81p	c0bb2dd8966a
1m41h3xaf8i	5f5d50a4f127
1m4r5trt0od	29c3e423f2d0
1m4rbjvccbc	615e29b1dc79
1m4rfcfvz6h	3ca8b41a242d
1m4u3jl6rx6	64d64175a7cd
1m4uncccbk8	daa95e3c15b6
1m57iq57e1w	3b5c82061b63
1m5f2fzmbc1	9b15fa229396
1m5ykhgoc0f	97b1905faf2f
1m639bbb5dn	ad768a591424
1m6b3t9sh84	80e17aae51ca
1m6bp8344pp	46ba887faf77
1m6cfs1c83w	b134b0fe2172
1m6iaat2ga5	3506ae0f6ec5
1m6j3hr5zpk	1aaeb84af81d
1m6k8h19u57	d6ab592fe3b0
1m6kaakaipe	2271fb5302af
1m6kh3gog5u	8377628f4b20
1m6wsco5fkw	73a4882e1bd0
1m71ji48xv1	b257091d5151
1m74whme3ah	a936001e3ba9
1m7boxddkxi	4ea7e5fb1144
1m7jcfpsxfx	1dde5639fcb0
1m7pg4y920v	50f5e6d8e953
1m7rr42vyuw	2ea83850af59
1m7sa9yxka6	f6f8034518f2
1m7t7g9dj9i	98e10738dffc
1m84do28rv6	e50b8199cb6b
1m8a1ax0cyt	4e5a73e00405
1m8ekc67v5a	d904ba976709
1m8mxx7a3cz	ef09927b39aa
1m8obroifm0	10be527365dd
1m8tg4vp1hu	8350b0565586
1m8ud0mv2qy	ffb7dee338c1
1m93dk4ojh1	8dd3cd910ea9
1m97su1rk00	732d9c0b27c8
1m98s3yrf43	efda9df80cec
1m9hfy7m875	f8e0b893fd29
1m9phe08z5s	0d3e9437053d
1ma1gw4jdi4	0bd12775f370
1ma2i8uyqpx	818ecfdb9c49
1magrwy0qc4	d189c1230641
1maooud0nrd	2336061f043b
1mb719xxn6k	c2c2f3282c10
1mbbaly641z	fe2548d9c352
1mbc43fn974	e0fe1f883845
1mbgxtmqmbk	3721919f8df9
1mbly078gc7	212662b19d11
1mbm2i2g1w2	caf1645453f2
1mbvwjm85mq	f0edefcb2b0b
1mbwbi8poac	3f2ed2f3f26a
1mbztxe45ih	8e35a2f49458
1mc3i3wl1ik	170548746cca
1mc6jltlnqw	697576d1d033
1mc7pxby9ra	a57c9ef5222f
1mcrjccd22i	03b3870f84de
1mcux7kb4db	0851629b6596
1mcv7gkeqrk	bd360d6f07c4
1md8uvkd1j3	3da868c35561
1mddor4xjxr	c2f610eef415
1mdeitxiyg6	783d066b3980
1mdj6dpyo3j	63cf8621ec8d
1mdozjihji6	87d1c46e8540
1mdsvymxu1j	9288aa5a697c
1mdsxkodzdk	1aba9b17ca6a
1mdvb7i9adz	bde05ba460d1
1mdxgm5g3k1	2f83a9bdfc4b
1me62lby323	7029cd7043bf
1me8xyefjsv	7e3340e2a991
1meb20e5lhb	74c3cd3b0a69
1mecbkd1i00	e3523e79c951
1meub0w3gmn	319014244765
1mew6t8v93g	31e1576f4752
1mezsfxagdh	38a3350860b8
1mf1z6j5xt2	09a35fda7de4
1mf2nz97f64	e25c6c98a93a
1mf7ksxc3yn	fa3c4ffc5b90
1mf977xgq4	8dd78b879895
1mfd9bp3wju	3bfe34197575
1mfgwfkks46	c3d48f93cc30
1mfwr64ge8d	01b14df3064a
1mfyzi795l5	c52d3897373b
1mg3jkjql6e	fbcbf42e8676
1mg826jgtn0	7c1f36a76d7f
1mg8e90plm7	328cbe1be0c7
1mg8xkf3sib	fcd5e29732b6
1mgb7u9x7l3	4007a08b9f35
1mgdh3yy3d7	08a73841514d
1mgydtlpjei	60f48e77eedd
1mh3pwbb6or	e13adbfadb4d
1mh5mqjaetz	de8041994837
1mh5x8ybvhn	9e4392bae63a
1mhdhb8fwxl	e8c71688a9b9
1mhq1ikw87e	8edeb7be4c18
1mhsotpoxb4	74ebdb1ac637
1mhvi29taxq	4506b6db6727
1mi4k3fz8qf	320b74c3fa76
1mi8fhgx8rt	20adfae99fb0
1midco0atrv	091a0aa0d4ee
1mipo8ihqki	54142b8d697c
1miukbyfcye	6a86faf1ae7f
1miyzkht9j7	15ae719dcec8
1mj3dl6dh3	af67c42cff64
1mjceuiu7ki	8b5dba943a2a
1mjf602ov75	2a22246cafff
1mjgx8qdp26	cdc491e97231
1mjlgjmy2ex	210f91595d53
1mjtjo1v44h	8b803e989cee
1mk1ynjlbpp	9ed43419f03f
1mk20k9c0tc	956fd640471f
1mk4dcczamc	8be9d551f38c
1mk4pvccw1q	045ed730fb11
1mkdokn1vqv	bf5c4c50a131
1mke7i1pawm	78a3e1dfaa35
1mkj013juut	fa906bf29c59
1mkkyglfn0x	8c9695012f79
1mkmyuhigcd	b79b9696a937
1mkri7vn65b	4b28298b78b9
1mktfcmd3u1	cb6bb89ae5eb
1ml71fx5ak0	c9838a96b2df
1ml8tzqaxu8	3922824a23e1
1mlobvc4u22	10151f9af862
1mlsjbemngj	c1d141e04cf8
1mm4vef87u7	fa30d0a6f44b
1mmjcds0so9	f4d06289b7fe
1mn65d7srhv	ee33cb5e4182
1mnaloiy154	8a1080539f24
1mnf213xz09	287941926fd7
1mngyeymi9u	203e94060c8c
1mnq8iow5i6	950b957181a4
1mo07ixrfy4	bc73f003d7c7
1mo2pkzkwdl	1d8953d4a030
1mo4vil7507	794e3fa4ac45
1mo653m4sxk	37d61322f983
1mop95lxfr0	8250c6dcaf29
1mp52g6uqlv	71876d022c35
1mp7zztgyfz	81792df15802
1mpd0rq5v3a	6f047d9acc7f
1mpdjhzz0te	fe1ad60f26ba
1mpk1qupghp	8ed7cc29c438
1mpmmd4dsxe	cacc309a96a8
1mpvz1fbfpn	4fc68b34c6e1
1mpy5dptjxz	70c79f154c42
1mpzwaq7i3s	ed7ed0299b24
1mq0sb7qc0t	a7cd0dfa7733
1mq16zjp88q	80f5106e6c68
1mqce7pq0f2	346ba1e86023
1mqfbwlsps9	ea6853064a99
1mqh6ybmq43	1456e457b8fa
1mqkp1w88va	8ae86453cd2a
1mqrfxik6ru	1a088b8ebc18
1mrfaef4fxr	cd012f71b60a
1mrycid0tn6	6315b442c4c8
1msc9q27ikl	34e251290939
1mscigxk4u5	e5415516edd9
1msngzlc4tk	59c4cb83734c
1msrlckpscc	76659d0ef9e6
1msuk5nwv97	afedf0149b2e
1mt0u3hekg0	f264b6981ce3
1mti3w8v7jo	434e5a557dce
1mtkkbob9we	ebcc1f2e85db
1mtr40gkdx7	a1caf31b8847
1mtuke2ilf5	351dba1cfe97
1mtwr3ip3xm	96ceaa757402
1mu5jbf7yv2	b569fb142a98
1mu96ghh3x4	b9fadf14292b
1mudn52cdef	b527f905d4c2
1mugmk25cnr	3c00c5b9be5c
1muiaatxek8	80f778912d82
1mujkfrl2hd	83a53d6b0d96
1mum70orxfs	907c79ab986f
1muvnbufkpk	570459e5fea7
1muy8inrqj9	892147eb2331
1muzc0brs98	0862e4642ac0
1mv2hf0sf9e	173b29312a89
1mv3s75oxh2	e29884b7ca5a
1mv8l64qzxc	64cca851f73b
1mvd1z64lfu	3f684afc8574
1mvjnhx4n44	b42960b43def
1mvti3kgbia	ef1e523fb360
1mvv17sxb3o	0d40ab6389de
1mvw4uocp0k	b3c2b44db1c9
1mw6rbfd31l	1e15b524b667
1mweo7lbjcg	93dc1ab85175
1mwo39fjpd6	7a8e30af76ba
1mwp3uqjndq	df72c3b1d85b
1mwpmlvf327	211359b0ef15
1mwseqnsve4	b6f1b3718a66
1mwwfej8nle	cb5e7c870f12
1mx0b3ogc9r	a1086be3c870
1mx1nen49tn	0be4ccb9660d
1mx1sp0e51a	61332c129f8d
1mx6l237saa	d235baa27ff1
1mx7fwtjpu4	1af78a22af1d
1mxa5ky9v1n	3d8c0aa2ef2a
1mxe3hk89ao	d9395ccd5574
1mxeof34n54	50b52f9dad93
1mxeylxl89m	d7fbd764a966
1mxgl5v2kue	221587ee36d9
1mxij43tke	d57480df8fa5
1mxptxjybhw	f7ed69062a22
1mxsb4d50e2	803779ad085f
1mxyex10awy	e781e1a6c0be
1my2r5mbr5y	bf1d9aea62dd
1my3q4wwd5i	81053e3b7e8d
1my438cohpw	66223e9adbb0
1myci77v2o0	d45a46fcd751
1myl9t63i57	1f1247df3407
1mym07pw6l7	81ea2eab51dd
1mysl98u4tz	40dd2d24b97c
1myv0dhskrx	da4c7c79dd08
1myxxi4y6ba	5b20793fae76
1mz0tdt2gyr	40d86e5cc845
1mz2bp4eo5v	3b18b47a57f4
1mzg67tp2i5	be2a825b5058
1mzugu677hx	c4aeacd02ee4
1mzuxrkzvpm	86a87af614c1
1n07f6o448u	9c8705a334fd
1n08i3rc7xk	8f0c18a78db4
1n0a3gfsl9v	a37574b255b1
1n0f8fjnx4u	923babb04075
1n0j2pe5pi0	0b0275a2c3d4
1n0kvb19eit	435b1db4a4c8
1n0muroyfkl	9f3b54a98676
1n0o90rp0xn	496c98cd39db
1n0zbwlcegh	e2ef9d684e4a
1n10tr90t5t	7dc6efe10095
1n1815s9eew	82fbc452ac40
1n1c1uo6m1e	768bee0e5ed0
1n1emzlq69u	df5f511cd9ef
1n26rsgwd0i	f81269dd05ff
1n27s6wexmm	2ee16a9171a1
1n2h1z0n8fc	69b4b7162dd3
1n2mojlqe9i	ee0a0e33977d
1n2qszczpy8	b76639325b99
1n2r2o21oaq	aecb6630f768
1n33m0jbku8	d2dc3e18f6b3
1n342pasrpd	ddecbae7d257
1n3gg2t5phc	9f5509733ae8
1n3idinjk07	e141ee5f4b34
1n3igbkomoc	6bcb59245590
1n3j0vuedb2	a53cd44422ea
1n3ouj10ijt	36b6479227ee
1n3pxf2te1h	b62217f8419a
1n3wtbhd2az	bafd4c982337
1n46t3t7wzd	3d3e5d8dfa7c
1n4998n649c	c554b32ee4b4
1n4a3260cyj	0d1d1e0814b7
1n4apw56x04	d41864965b64
1n4mg6bh73v	9c331fe81301
1n4prb8413s	3e933c44203f
1n55f731rvb	d8af4d0a0206
1n5ehgh7swi	c05fd49b593c
1n5i5hrle97	7e797edb795e
1n5q43dles	e5b9b901379a
1n5t2f38gub	04a2341ce0ed
1n5ttjzd1lj	45a830d4260a
1n62hchtm2d	e98237686c6f
1n62rsk30h7	cf3c7b79a982
1n62uqm12m6	193d0f0d7f4c
1n63kf8qv7v	19ab91957c81
1n6a0j7ugpo	4afcb910d5b3
1n6ej2y56jq	1850835b64d3
1n6jwb4w32j	c6cf16ca700b
1n6l8cfnbih	6b27c273b6f0
1n6r8wm9ant	1ae6f118e6dd
1n6t4aaihb1	da2749fa33b0
1n6ua9w0mdw	bb5fcd6929f5
1n6x93szx9q	26ef701b990e
1n72q6hd8kc	71c64ec82072
1n7453n0msl	c2cbd0fc802d
1n74qoohop4	786060d1609e
1n75igzwxrr	4111587de2b0
1n7a6yyz2iv	14239c007912
1n7aex5abxz	3a06a2130cf9
1n7d495yrce	b44336f5df15
1n7d8opf1y1	394a8a2b940a
1n7eaqff9e0	8c65d7744c28
1n7fyzwg5jm	3f4f5cecd87e
1n7hc7yl96a	4bc28a101386
1n7n99dyygw	c3bc233eb1f1
1n7pqdfclzs	aa5c7a43927a
1n7q8vg0de9	2b63086310a4
1n7rut465i1	dff37aad41d5
1n7w9b48u4l	6ab0fe252bdb
1n7xh92w0ft	1d531efc04fb
1n7zay7eaai	6abd5605798f
1n889lttq7v	848e57c08594
1n89msq46ou	2d5d4765bca5
1n8hxxwvfuy	2229ffb83f8c
1n8ixfnlybp	bcbc860a4dc0
1n8mfl5x9rk	bdc74ec8da04
1n9ao9y8voy	0eecc92dcd80
1n9ijtv6kma	8301a132d66c
1n9lg6egp1i	ffa1a794dd84
1n9pqpdsgb2	7573420b7a05
1n9q2krumpi	7c48f435a69f
1n9tx23wima	1608b83aa00e
1na6xy5d7wp	c2ef0cd2d9a1
1na6xyw1m5i	4a0301cdab08
1na87wgv3lu	61d32f988d8b
1nae2gdbh3d	fcb88b32a507
1naiy1b2idr	1b6b66ff2744
1nb307y9qws	63246cb19553
1nb3lwuarnj	ce2b8a28a800
1nb5gya9cii	f7afaa5565ee
1nbqezby2vk	0032655ef9a9
1nbwx1yker3	1adc128ddbac
1nc2n48nkw4	60d142b743fc
1nc9gxsps60	d240b99f63d0
1ncl8rpqd7i	c09088f9e8c3
1ncorgh578m	b1caab9e5cb5
1ncqfrk1ngj	890c90ec377f
1ncsbqqeic6	dfaf9b52a8e8
1ncswgnagq2	6883d20a3a8a
1ndqism4a8c	8277b21ac823
1ndryjzbjp8	a315d8e22f01
1ndya8rnagu	e64f4b57fe99
1ndzfbkurh1	06917d37a441
1ne067p5o9m	949624d02fee
1nee8s1wgfl	62e6ef1fa682
1negatx4cr3	319c7923bd02
1neh82w6apr	90569e3657e8
1nek9zt122m	9c146e090af7
1neqy9ia4of	3a39c288a115
1net1jypg6h	5853acbd6933
1nex4on97zb	34c884dc39ca
1ney8f1uote	8a29b67450d8
1nf7f6zcfbq	fbc13b3048b6
1nfat4rg6rv	a0d32608c909
1nfj7pv3y60	33beb4b6ec9e
1nfke7s8z5b	d8b0ac76d409
1nfmbogwdob	33c2a3722d75
1nfqpiyyiit	b663b0e29ba2
1nftp0apate	c68f476a1cb0
1nfunzwwpk7	2df22437ac6c
1nfyuzxz3cr	3a5db1d628db
1ng3ly23mx8	f4e52870a505
1ng4bwbqbgu	2c122d7ca038
1ngijvgycd8	27665bf41e86
1ngz1d3v08n	cde07623fce4
1nh31px2ajf	cac49332461e
1nh5ti2dtgs	9b66eab903c2
1nhabs3jhst	8010daf2d063
1nhjrhqe7fa	3ba56ca6fa9c
1nhk1n6rfx8	b23a74ab1862
1nhkuzs1pp0	8baea6b3729f
1nho4wzgnwt	3d45960f03db
1nhp6eafs27	859796cb788a
1nhr808wmn0	50fd6f9ceecb
1nhrct6y4w7	778fd6d31d69
1ni1g0sipof	e75f84217456
1ni621yxx1j	ca2089322864
1ni6xwc6a2b	5155fe8b6742
1ni9m3c3kh8	39c5d667aea8
1niagliafpo	8f798b54ddbd
1niatdd2ylz	40f3d753d1a8
1nijjuuzg1e	ed82527f2a8e
1nijlm6dpxw	9f02656bb52e
1nil2flmncr	a1e16e308515
1niptub6q9z	88a183e0da84
1nisx8375e5	7aa60b781723
1nj03b6c6is	47d0b1ae3dbd
1nj1p96w0id	a51e0423ad97
1nj340ueo8o	676ccfebd7be
1nj5yv0dp3y	53e3ef5325d3
1nj7k5arypz	08a99ed91f30
1njhrhhcbzp	0641b458fe4a
1njr40s6wix	9a77ed9cb797
1nk3reuds5r	e87be568d03e
1nk6pnwfmrd	270067b7452d
1nk88o7tsvw	bb09414440ff
1nkj5cill40	f829b3869fce
1nkkur60tie	868da640659e
1nksb163o3s	cb5fabc4d6e3
1nkt5d7svvr	121c8bbe76d8
1nkygx7no66	8b627b06f78c
1nl561gb7jw	a74113bf4059
1nl9erh1ez2	3c5855682b9f
1nld67gf3u0	7ea2dcbd6bb7
1nldoyc77y9	107bd5854ef9
1nlhqv6w55f	c89fb858791b
1nlpespolht	53ed7931c2f4
1nlvf7cz1em	d03813d1a6dd
1nm0z18ok6n	79da33e94305
1nm6bhvlshk	296d3e293aff
1nm6v5l16rz	7284c3c33d80
1nm8gpq1iy0	d5c0c0ffd439
1nm99p0kro6	ae5920088c96
1nm9ojm5790	1f62879c400f
1nmdl97j5sg	2485ed10c8dd
1nmjk9t5n55	1de23049d2bd
1nmn7l5fdls	2917e4992dc9
1nn289monxu	29254362b9ab
1nn3buk1e0h	85441fa4cd4e
1nn5xplp82x	e57a31b60b16
1nn7ae5yx2j	377f79d8389c
1nn7kd0d3kp	4703f87a5a99
1nn81pk2rjy	5f2474975a97
1nnbsvy01uo	da22fe5e453a
1nni7d4h700	4fd279dc79c1
1nnpg5pbz54	3e567de75ddf
1no6laq65i6	e203159355ab
1no8sw7xpsa	2407f329c508
1no9nx1jkcp	4186a2bb3784
1nooque7dxt	f361a7727fbf
1noto2hiw28	231b8f1a7e2e
1np0xdq44l2	98d91abf6ee9
1nplvlvdyqy	a5fc1710ef84
1npn758aa7z	7d16fa80cabf
1nq66ulaadg	cf31e3e820c8
1nqgm0qtr0f	3081bb0ba3cb
1nqn9crocwp	41cd677f4c76
1nqptkhd6bp	5512206a6be6
1nqsvukkg3l	eb773b61b011
1nqvmbgzhg4	685aaa562e2d
1nqzmv0qrjt	050ff2af2483
1nra61hdhqg	3827090312ff
1nrhyjw0uh8	67be846e4292
1nrl7jv9hko	7a755f25c44d
1nrnufieave	543bc27f0b7e
1nro58afq6k	d252ca45a614
1nryng2i5sj	fbfd64f44050
1nryuzyntdj	e03dab168769
1ns3wzsuhv7	7c484549d0e4
1ns4oiij3lt	bdf843b22f0e
1ns6rdt3ufg	ac3b2636fb98
1nsn2qnj33	4222f340aa41
1nsns1efbtq	644537df6c53
1nt0hatqoo4	e19c51d3ad73
1nt4vd57j9g	f3cdb139ce5a
1nt6h9qx8ce	48508877b05c
1nt8csjafpb	964a653c4863
1nt97i5t9eg	00733060bc4e
1ntgvd2w37c	166811406e85
1ntlfp2uo8h	436f47f5dc86
1ntou11r3f3	88763dff31d3
1ntovnhmr4c	7bc8f4566a49
1ntt9txbipc	31e836e5f1fd
1ntw5yhr3yr	3936c82b6fe1
1ntz7wjktq5	69d10e0032ac
1nu6trgk3yy	8a627ec84286
1nudqm2etxq	9ec658f9bf24
1nuhwi4iun5	8622acd6666f
1nuziwi7vg8	205d112ddcd1
1nv02cacib6	6b788ae3ceaa
1nv140jaxs7	5347c124a57d
1nvb19vhfi0	3533a800bf2b
1nvbkuklkgr	f29d80e18c1c
1nvbygqcdkm	901d8e2562b7
1nvdymlmcpd	ecf2e66ed2d5
1nvdyozr0sy	93224edcfda8
1nvekby2jm3	882b88cedc75
1nvg9iat5as	7f55716b4216
1nvmfkvnkgv	500db704c425
1nvoo161k6a	8f845e3478a8
1nvq45i2jvb	ee0c06d777ca
1nvqauzfyls	083c42023a37
1nw6uhloau8	fd595d4cea4d
1nwevs9zxdj	4b0916780ca0
1nwgeaozceq	8cc408c4f789
1nwixt6qefa	60de6cb746c7
1nwqx1nmkg9	b0d6e82780e2
1nwrwh9zu57	332837bc39e1
1nwtexsp7km	f2876d4677cc
1nwwy5up1ov	6bb19fe7e572
1nwxk5zdxz3	92ccfa0f690d
1nx2fbsblkp	b9c0b484c526
1nx3alqyo14	69e97579fc75
1nx4bqwsq1r	a11841311d1b
1nx4d1iei4n	7b82dcbd6fda
1nx50fgp8zd	96dd8decd153
1nx74z08p2z	6647f169793f
1nxbg4453vo	cf09b13941ac
1nxtghgqucd	8c63addc08f1
1ny6kzclgqd	e6ed196db88b
1nydlnr9na8	3e98e7e6d272
1nye7xron2e	f685c17b97f1
1nye91z8sk4	9f543c4f7b54
1nyhrxebib2	8eb63cc5dc32
1nynf2qspt6	051eeec33162
1nypqtqhse4	7d031ef0adee
1nyr70cx6kr	77af9d9b6934
1nyyp3vie8z	26faa4ab947b
1nz205ujmrk	e7d38acdc7fb
1nz6dqpaekt	f2f149cd7729
1nz7p8ejrck	2b33fdfe54a5
1nz9gel1eij	a92ce4e030b7
1nzdrtd5ju0	cf17b518175f
1nzjx2tt0bl	10f121ef0468
1nzomrkm1pu	2ee781ffd0dd
1nzqpji41mf	da5ad6b68b09
1nzv3twcgsv	bab6fbb62b64
1nzxzuly6rt	f34dff65cd5c
1nzyhiez8rm	f08272a9aa98
1o0b0uk3nmv	2b10acd628ae
1o0lh3i7eip	f6faa357740c
1o0w8q6nkn0	b01688f44883
1o0wzjzikcw	60346276045e
1o10yynxcrf	09e757f0f9bd
1o117k2t0ae	9ee8b7e83a62
1o164bbik0	bfd3c8bde344
1o18497c7yu	2b945b1929c2
1o186ru0c2j	d9559d28df31
1o1cv1phhpg	e4ddab2c0c6b
1o1cyl4ku3w	a889921a7470
1o1dc6ejk3	e42e16f630ec
1o1e10d05g1	b748facc0e69
1o1gnu5x6tt	bd34d109a0cc
1o1j3q0go4g	aeff0d40c004
1o1vuy4yisw	fc356fd4f986
1o1yfzo8vpe	46d598f18e1e
1o1z8xvw773	137eb12ff5bf
1o1zk6isk7t	1e0bbda7d0bb
1o2a7t9mijc	63be9339519d
1o2i9e9niu9	c93a63c7eeb5
1o2ikjoch7v	2d92d520a736
1o2m7nyen66	bd1d359ee731
1o2me739nz4	ababe16deea3
1o2saudpxs3	d55bb3fd61ac
1o30iz1hlcp	ae1fcdac070d
1o3btr3d7t6	c3be43e15b4f
1o3f22h5rrv	50b8f192bb1a
1o3jzq6rfbe	8ac9455a175b
1o3ktbbxsx9	5753cf8ea16e
1o3qnalah8m	2a5235c50a21
1o3r6r225bo	e551434e33dc
1o3u6ik13ms	66c04d77ba4f
1o3z9lo9dlw	443d4d6fcd51
1o435jaapq0	130aaf282432
1o4a7v0796h	7002ac700660
1o4bxx8la0a	66d1ce9e56b6
1o4fsiigwrs	cb214246ab7b
1o4o2um8tz	b44811ca1f34
1o4py8lg0fe	380b6ddff97a
1o4vm3ce9ht	4aeebc394add
1o4wi4uo6gd	af7f65be05d5
1o51341409u	5bb49c9f1f30
1o5fmfv2ryi	e3b0f981a595
1o5hibbrcda	8b50f17c95f3
1o5io0ycxo0	c91f05b92978
1o5nvmpbcak	6227ae754c0a
1o5q9i5xly	d9f79f18088f
1o5rr5s5rvu	bb53eed00aa9
1o5stxs5dut	e70b021febd0
1o5t0o2yitj	97a8898e95c0
1o5wncmrklu	2e24c3e1ab0f
1o60150bcnk	c7170b1b1881
1o63wbgznfq	106054003b8f
1o662koh38l	f1e4418ca218
1o667qk549w	d8c848962aa0
1o69s5egcwu	8c5dc21c6c52
1o6d0glk6or	ce97844f2f17
1o6dsbzlcej	e3ee515974c4
1o6kftwd4p5	7156529cd938
1o6qqdlih7x	29f0d6a6f3b0
1o6wiruiend	0eca193adb86
1o6zv8i4v6h	888a19561552
1o741na2mcz	f0095fdde028
1o77rdor5rt	6dfd39852c24
1o79gwoarh0	e046797a96c0
1o7l33wp3p7	7ac4427f6f34
1o7ol3dy3a9	27363af4c58a
1o7w65mftit	e09d696ae192
1o7zm4029ss	9f39d34f5c3e
1o80blqksrs	6b6d04e57144
1o80dk1575d	eab36204647c
1o81bj86c8o	288dd4e42821
1o81w8i8ru0	e29fdd44e74a
1o85mtuv7bp	1e01c67f4f02
1o8mha97iis	c38b509189f4
1o8yd86yyfw	31d3f9a2cb23
1o99nedig8x	038a060a4120
1o9b6mw3rpf	a74e681433a4
1o9er5vz42x	478066b3a5a1
1o9l209alwv	bf0a547bd67f
1o9nt9v0ep7	ccfce20d494f
1o9pwpqjk0d	37dfa05bf517
1o9rqyhg2go	e458830e1d16
1oa04ra1a7g	e0eef92c9cec
1oa4fmvtcxu	58a6a9986a54
1oa6alsha8h	488a61247964
1oah32cb61d	8fa9114659fa
1oak0a2ikiw	41848d1ffa71
1oamw5vgaah	ca8f1168abe3
1oax2pwaku3	24db2a1a4198
1ob0e7o09eh	c01d3795844d
1ob5k3e19nl	b5334797a55f
1ob8602oofx	33cee963eb2d
1obc8rxch0p	57cf204ae8df
1obcowuj28r	0686f31a5a8e
1obdqwv970g	b11b0060867c
1objg3pdt6i	27ef8d89ffde
1obn6f037us	685564e05c9e
1obpln9o00	b82dceacf158
1obri9barq1	666479ee10f9
1obrnzj2icb	991bf72a5ea0
1oc05ebpnxw	fc660daeb45b
1oc5kt8zudr	6e4314d3e261
1oc6bijgo96	e260523694bf
1ocd4akewhc	48ae75ebbdd0
1oce0un4ixs	f5d446293463
1octss9ml1d	0e8467da093f
1ocuhy851j0	76fadb97c835
1ocv40e0g75	aadd7d01c9d2
1od1kgk58n9	06ca830bcbdd
1od1ymz4t5f	de440189bf15
1oditb9ns8e	831bea817559
1odks01r21x	7d9620c30936
1odrwlj7fje	4ce7cc0d842e
1odu0hodz5r	3d39f1d827ac
1oduvpk47nv	f22ea0548e8f
1odyk1re7u8	bfe3f03cdeb6
1odzf8z804i	a6727e138515
1oe3vt519rv	b50d6ebf6dba
1oe5sh45w8c	c55c95334737
1oe9pteoj1r	9c62d22819d9
1oegkjx8rez	cc1548a3ab9c
1oehfbsb9z	eba3afe1d582
1oeofsrya6a	76a2cf6d1b6b
1of1q3npkam	92862de0b52b
1of785loovu	59eae3b3bc91
1ofsrzt2oav	102c660a1c9b
1og4ztk9rgy	ced33e00217a
1oghrbct001	46eefef41972
1ogjs9f5wjg	3998e9597456
1ogk5hmwkm9	f89447b76725
1ogl8x6ktsj	fb728d5b73c6
1ogn8czb892	0c83c7f7f8fd
1ogp6znngcs	d9f2ac1ac4fa
1ogw9nh5jws	cb70b7577cbc
1ogytsu0685	79253c23b6bb
1oh6h6iqq74	14896832bd9e
1oh9tx7s43g	9f578a40565c
1ohblrl2pga	58a0966cf95b
1ohg60lcfak	059c3ca7f5a1
1ohmedkmd69	3eed4e2d9a62
1oht0wql9oy	6ab42610564e
1ohuybqxm4	386c144403c0
1oi40umcxo9	9544ddfcfb04
1oi481uhpok	c09269114567
1oi5f4e8ctq	7f2fd1a5bb8b
1oiftcen0qy	509d3c0b4291
1oiiumohpfs	ee905bbd83f8
1oijffywu5m	5436eab9191d
1oijnv3ftyg	a63bc1712690
1oim0xms767	99117dd1d6ed
1oinyqrdl1q	a0d059b10eff
1oiyeo3u4ik	77009d3016f6
1oizrx9warg	f0fec0ec2f4d
1oj07stzpej	d3a957a3740b
1oj0tawjhcw	0fc9cc3ece1e
1oj5js3rqtw	5d74e747b5d8
1oj8rzpd8j0	285a5d65c0ea
1ojao9ua1pu	180d747946bc
1ojaz9ajalj	5839f543089f
1ojcw0om0b6	c34d78a949e6
1oji1qzxsoz	ba500cf31a28
1ojpfe2zjne	9340df076103
1ojw6sa0zoc	72e9d90033cb
1ok2mufz60j	c7673fc07280
1okbiay08pq	828647fbe38a
1okd23hrrt1	5695668b542a
1okfoat1crc	00a5ce667890
1okiwnjibe	015994ec66d9
1okt1e065it	7417ae96c72c
1okt6j2ig86	85887e8d9fb9
1ol4skipja0	0bedb45437a7
1ol6gyst7i0	5a9f6bae0a78
1ol7qzzn8og	fbe8f80965a7
1old42wb1lq	9f08afb97e9c
1olh2pcttxn	fb79f5ba0196
1olj8lu7d8u	df520ff85d61
1olki4slziz	ade7ce14d3cb
1olnfbcob70	d46cf7f98bbe
1oly4lrews	7f3a049e98bb
1om1u5xxpb8	53366d632261
1om4tdh397b	71ed29fbd98a
1om6kiy5ia9	43c0bac140c5
1omayacjw92	dbcf79a851d8
1omkjwgk4x6	76c082205c63
1omqbyzjh5c	07c0ad984c3e
1omyoy3kjdu	778fdaf9cc22
1on1h4pbzkl	7f2869dfdfae
1on1t7k3zfo	2b4c118fdaf1
1oncih66sr3	a2d8fa9e3498
1onfbv22m3h	9e0d0c5e49da
1onfmwgei0e	18d39a7af490
1onhh73dp1z	82af7be2181f
1onlo9w1dxs	7284f476ae19
1onn0470e8g	3c5f87c17cdb
1onoi3hqal6	a045e2dda7f5
1onqgzx79sj	73c5ab0c98b6
1onqwx6603s	9413fb5b6ae0
1onszwqmq8y	89807ca84f4a
1onz41s1ijq	80c8f4003f2f
1oo1wuqu65x	315c3ed18320
1oo317tmonk	475bee9dd362
1oo3fiwpscs	8435da94feea
1oomtl07w7q	c7cc83ae4f75
1ootuzcbgfs	5d2e3aab7a9e
1oovenj0anq	e0a6853da241
1opbntzds0s	6a42ab438397
1opckg7runf	e7ba3c2a55fd
1opgf8s011a	dd4d9a0fa45e
1opi4a2p9i7	83c3f93274c8
1opjaxsxs8b	0e971735a8a6
1opwwk1o8ij	a334fca15128
1opxyicxp3b	cd238d6be286
1oq25brkycn	93d5000f10d2
1oq5mogmgqw	88e66b0ecf03
1oqf1ut78df	b35d15a2b601
1oqfowmigad	5a199bcc856c
1oqid7yh61k	cbd5392b828b
1oqyrxzanmw	563c67a31690
1or9j6mr4fl	09f2ec3e0924
1orbwexebv0	911f21e6600c
1orhjeptw8h	15c56986d3a9
1orr7vl4t2g	8450d346b5a5
1os5208tjsw	f3f5d85d4675
1osdob9uhql	cfb532b68404
1oskssmy64i	d424ac22524f
1oslpbryjoh	1a28ca27762a
1osx7uhyree	54f08d03472f
1ot1rc3l5at	510753878db5
1ot3azsi3q0	52a0b897ad82
1ot43eloqe6	1f0fd054a732
1otie41v2i8	5151ee0b9c3d
1otk2xx45by	b5af1478ffaf
1otve6m1jy8	1884da6ac4f0
1otx7gcszks	6ef4d1d529c1
1otzbie08ya	e468a80b4ccd
1ou9pmw6uhm	c1072ec6f53f
1oub23fylvs	3bae37f3f003
1oubmupbu3p	d428bc26d687
1oud21m86lh	ff457c5f3921
1ouhs222xh3	a867705a77ec
1ounmtgzign	795c92f46456
1ouo6zska6m	4c6f2d3a2f82
1ouopgg497w	d8eb9cb7499b
1ouqczia9hx	f6a40d70afe0
1ours3lhuau	bd020e9fbb05
1ous3d7ubnc	0ceb3154f84e
1ouv55em4j1	04c790de99e8
1ouxt3hkw3r	8e3786d5bf86
1ouxtd7fx7f	687d11c7f915
1ouz4jtt38o	1ce4e38d924c
1ov4z3wz293	9b17adcbb2d1
1ov7so62gt3	a7e92fdf46d9
1ov7tu97jpo	c3814d6f3ca7
1ovq3cyncbf	93450ba626af
1ow5fhigip2	e52802f08383
1ow7ou1sy74	67a8f9d54a54
1owc10k8lyv	abc092674c6b
1owhdy32r9g	2ca6c3dd91d1
1owjrhcxfna	a367e6a7b277
1owlxix49l0	8cf4735bd14c
1owr4duncym	0d3063f86826
1owsrfu32yj	28c524eb2190
1owtcrs0ef6	81579966f6d9
1ox3oy58p63	1a6252eead63
1ox56bwqdxz	93299f4b928a
1oxd9zap24p	a73c850e5cab
1oxi3axx87d	182779014d09
1oxiquibban	1a21ef7e97f3
1oxw86agdto	1e07aa33140d
1oy9yggolmb	1bfeac522496
1oyc6dze5pi	752a84e26ec4
1oyo7ijua75	ab213c15765a
1oyod2txcu5	4d5f65f46c3e
1oypxw0agei	0b99f07bf972
1oyxiwik8vl	7d1e1ae53307
1oz4cc8sm07	25b89ca4d503
1ozaip45mlx	0be43ffa241f
1oztekx5lvq	1a0dba68fe9a
1ozv1hpbefu	a649275e5e25
1ozwl5agkwa	42e3447681ca
1ozywn7ytcz	b61db626f915
1p00smifssd	a6828b50e35b
1p0413saqyb	734ce0253daf
1p05yit5l82	5814417e12e8
1p05zf2j78i	d8e737db48f6
1p0j0j2kfqa	4a44e388dffd
1p0jbty590t	c8ad1335857c
1p0pu8iqi0e	49b8195542c1
1p0tdvezkwt	ce9fc87a47b1
1p0u8g3ys1	8c5d606a47be
1p0wl8xhx1o	503d89b7132a
1p0zchpjetb	5e2cbd7c917d
1p0zuhscbg1	4cc121a21bb0
1p17ymbjlw	5a7961ec425a
1p1huueufpp	9a67ae75cd0f
1p1m18fwdqa	c113875778bd
1p1qhii5nq6	1209efcdcc48
1p1sks8k9b4	47fa0970dc9c
1p202a60dno	1e424ebb0fc4
1p23h40ib80	53f3414a07bb
1p250j8cxo8	59caf0393720
1p25tu9lwmu	5a1c18b93bd2
1p2615dg39o	a2555ff6fc0c
1p2gbg7ax8g	f7e7dbe1b2a4
1p2ov33cog4	70a80ee0453d
1p2p0ydlu8e	f657cd51851e
1p2wn78bbcf	79f8b9de7139
1p2yezovdw	e614c77ed143
1p3euqw2u33	a342ffe38cb6
1p3h9fgnnbb	9cba74d009e3
1p3kcexgs1l	84f093a0fecc
1p3l8vidxcw	071e38df05f5
1p3mmsepgkv	c852860f78c5
1p3oi3lx048	db380819d2b3
1p48gqjte34	b1fb3e23a991
1p4bcw2g0b4	c865a1d84012
1p4fn6mafv5	32f9244fdfe4
1p4kaikptjr	91272a94a330
1p4kssryxlk	3a2e9e76a5ac
1p4mib869tp	5ccf7cee44bd
1p4nf6l66nv	6e04b12a6d19
1p4ov56e4qi	0e7685fa56b4
1p4uyk93utv	a89b7ce35651
1p4zh4c6by3	084fbe88a04f
1p57n15h8js	0ce6dd92088b
1p5cr0f8z7i	237da331f2c6
1p5fykebfdh	497d0591b8af
1p5ky6fmvx8	2423040aed28
1p5oxfyg1wb	a2a25e7415cb
1p5s80ysj7k	e2f2819cf2ce
1p5uzx1z7zk	ca0dc4786328
1p5wi8wkaft	a7be0136bfe8
1p5xdydqy1w	6d5a70d7ecca
1p5yyya7zqj	587e203db3e5
1p65b9yzxo4	9da70d14d7d4
1p66i1qso2p	2db7a9da3d69
1p6878wpm0f	27422197306c
1p6a70l5le9	00d82a91d6c6
1p6ehu9j1ct	cc23586a9cf7
1p6oos55vd3	3fa2f15ca9d2
1p6snhn0248	0c720bab5b9d
1p6tmycdxa0	71ccdd6e59be
1p7pu3kzhj6	957505d27035
1p7s66o77b3	ffa4b0753649
1p7yi3vojtx	1e4bfbc468d9
1p81rusm2oq	fbb70f1c9835
1p83nsvj2z3	a728e1d0dfda
1p87mxehfyg	275b3456f0fd
1p8an0ya1er	6fccfa2fc1ec
1p8azdelfdu	13e74c5a60ad
1p8j3inar93	f66cf7240280
1p8lu7ji1gu	cdede7296f92
1p8pf2ehy88	375a0639338e
1p8q4q5r60t	04bc4d3c8f3e
1p8q6p6or7j	232af4718d90
1p8rvgw2z4t	6b867f25e775
1p96hzc2glz	b3d027e6429d
1p97k2405m6	b5c73a78a4b8
1p9aizibgto	8883e902d589
1p9cfbbswsj	6e4dc5fb14b2
1p9yywxs0k2	fa2f5d8f29f3
1pa2ihl2854	661dc59ae391
1pacdenfhch	868c4dc9d475
1pad392ygmx	21d6207e4a29
1paibc5qvgq	21f428cf9367
1paibkod4m8	44d45f7869ce
1panluje6ik	f77e31aede6b
1pb4ja3u9ya	e953d3799f8b
1pb4selkv1f	3235b3f1894c
1pb5evmxtu2	7b621ebd3c24
1pb8owbuohg	458d4bcefc2d
1pbc52ppdyj	cc19e7e09fb8
1pbevtteytf	f994dd94dd11
1pbj5fqgrd4	326f68ba6bf1
1pbm538nyxn	975886233813
1pbpmkgkhhx	49665084da7e
1pbt2wonog5	ec3241f5dd58
1pbvo60d49d	800e3650a1b3
1pbxy4mkkxn	26a80be74312
1pbzxh1djis	13f396c408e4
1pc8qibxrst	bd449a967018
1pcb1e8y87a	cd1317599f59
1pcj2re4aiu	0e815db5d85f
1pcvdel0sde	cb030081e19c
1pcw5e88up7	423681a4aee1
1pd145rekb4	fbd781c155a1
1pd1j4kevgf	345ea93c1adf
1pd3jxg3eeo	42c9071f215d
1pd8tdzi9r6	cc4b633043c8
1pd8vp8ps54	05e952a870f1
1pdsf02liq5	b7288bf9e89d
1pdyn4517t0	47a0de7de99b
1pe3azkjvwh	9f78a5aebd5e
1peh6qd314h	4ee4101203e9
1pehcbz9kgi	14de51ca6647
1pekc6lxii4	730ff6c927ca
1pewlj8warh	37b859051b17
1pf2hcaaxz0	2ee862964a91
1pf4mf14ejg	e99b88ec5ee2
1pfef04vylq	f1d4c4effbc6
1pff42l81f0	4712c613c7dc
1pfgcmf86e8	a6d8341f5425
1pfjwochjc0	2a3a894d0d66
1pfkbot3t1x	342dc58dc477
1pg369i31ve	d5d647cc8e85
1pg4l05g8ud	09e830b56506
1pge044xqjd	094e119ce879
1pgt8yt2d1y	4092fa420352
1pgw1084zwy	4baefec2ece9
1ph4q0njl3e	75d51c81abec
1ph53d7y60b	6e766149c8ad
1ph80ruu3p3	c89b23cc7885
1pheud3at41	1e89aab3128d
1philw62iic	611d7af37fd9
1phj0iqtwmi	c47b53b5a222
1phmq8lg4lx	fc33415288fe
1phss3kck4u	e8344844c875
1pi12fv0osb	0a4a9a905715
1pi1k43lrt7	689d1156a5d6
1pi2pb4w5cj	2abb041c15df
1pi4vdxds4t	2d5689969cc1
1pi5gjb3bce	8f8045f49618
1piccxhjzcf	d48092b99d40
1piopf4bwep	b816c89528b6
1piz8t3w866	0683b2b81cbd
1pj2s7xw7lt	baf6895b37bd
1pj45okf47r	032809aa99bd
1pjfqzrihze	031ac570108a
1pjijdsyb7b	55e186547f17
1pjmlob17or	aebd19951950
1pjmnxgi2i5	4b897903a14d
1pjnjfgx1sp	acd51af40c8e
1pjoz2tezwg	654bd0b29aa7
1pjp68b3c40	ae28429b6c31
1pjxdujzvde	5418997c2be6
1pjyelwa01b	26068d35ba97
1pk0eioa4il	0b22100d57bf
1pkma6spij6	63bfb4e61704
1pkn0fhqtel	b1235a82e660
1pknoda7hgo	d7de3d74cfee
1pl6ovmnizm	01d7ef151dd6
1plhcz3m3g3	ede6a3430cb7
1plmwq57bah	a8238bc8094a
1plq3c4wgjy	20d0ae903ec8
1pls82h3u4e	0ee88f9bdf70
1plulsed4lx	2613505b5697
1pm852t7dup	203783b5c12e
1pmcgto295z	3a545d3efbcd
1pmesq9cotq	d55baeb19ab0
1pmlqhvec42	b9c155828004
1pmp7lc8zgf	6d52621147c7
1pms2bwvycz	e213c1c8c2d1
1pn1jg6ziuv	b618ae45a82d
1pn69pnmy4y	11f1473380c7
1pnc4a5niby	16dcc366c5d4
1pnfcqhv76i	faebae6e27e1
1pnh5jth3bc	6f7cd02015db
1pnnszkywi1	0c6dae78ca3e
1pnslfv8vhu	09259078a88f
1po2ekcp95n	4ef3d9073b93
1potgwob1ms	c3fabf77fb48
1powoq04ge8	8cf5ba17d0fc
1poywsy6ncy	c4d50273b3fd
1pp858gmwiu	ff90b924f8f4
1ppkqcy2jc3	a71aee899516
1ppx99xzu72	31d957324333
1ppz6jg8r34	6b10902ad2fb
1pq0mox17j8	b6989c494a43
1pq1v6sxspq	b9608d3c13b9
1pq3p8ikn4f	4bbe034fc833
1pq5n66qi7	101ef1643520
1pq94yvdanj	a2ff354fd01a
1pqaje3lvzg	f169587ceca5
1pqc75p6xss	23a1399b5f91
1pqde730t7q	a24c9501735e
1pqlv4282ks	59fdebfc226d
1pqti7qg7mf	034cc2bc0960
1pqvpn71p5n	283c9b53eb1c
1pqwepxkpyb	e3ebeddeaf7c
1pqyadibygh	6318191296be
1pr54h51nme	4649e14bbe49
1pr6pn952be	d64acb686404
1prcf63i1op	2ae37de20c8d
1prcog4g826	907a1d5c8c67
1proybwm8dd	f1937c690010
1prsdu45ea7	454c48b84c82
1prvpcv2hhh	ae5971eed251
1ps523hycph	f1a3599f0f72
1psmpv4nczu	bfe997594e42
1pswt3ivgxb	6d57d015855b
1pt1ay2rtr1	95435f71a96d
1ptfhj4ippg	0517c9438b81
1ptgomnluuo	9a6e5c46af8d
1ptjqkyo8h6	f70cee4e9b21
1ptks73apkm	8676255851f0
1pu4ldppmse	d190cce4871c
1pu9ku4btl9	f7ac08aef6b5
1pujrvyyvyz	8a12509b6a27
1pukln4c00g	0385c067efe5
1puo034s500	12139e61fada
1purn5pkp67	2c5c9a976a91
1puv7pcqyrc	264323e948f2
1puwfdsjk6n	bfdc2aabad2c
1puyel6dv02	0c796e5c5029
1pv0faoi949	90fe8e0e4bf3
1pv63gx5uow	e0948adde685
1pv6o2uy50f	b2e53eca6372
1pvfg2bvf6y	6c86442951fe
1pvg632r02y	0cd7255c2da5
1pvnworwr5n	1d9f5da3a84c
1pvu47ch39e	f74e38cedca5
1pw3dhlbu2r	1f7403218b39
1pw4mzc3r6r	641335972733
1pw56hufzsg	e1e23903ebc9
1pw673ylzqx	633f8a298921
1pw7mpzc6e8	485eb3d983a8
1pwc0p9oovu	1d2216d25486
1pwd5lcoi7l	599f9104b134
1pwk5f7poyu	c43065f773a8
1pwqvky7spp	8f71865bd220
1pwy6lv5wad	2e5bda78eb16
1px1tmyjrzr	7fa1f31fa983
1pxn1jq10na	827203a24a87
1pxptqdlxuq	01dd59039263
1pxvchvvv07	cd601e6b701a
1pxx4eavqr9	ccef6fa3e57a
1pxzv7ho365	cd3e00253e2d
1pyba50sa0a	dc7aea7beffa
1pyd8362hf1	21f30896d7a5
1pyd8nfio9x	7787d0d3993f
1pydmzuzet1	722a01763eda
1pyelzyobvd	df7393cb46d7
1pygdkv7ya6	bc162385270c
1pyglall5r0	59c5709bd0f1
1pyl2wjkbqz	232776de710f
1pylwsh9350	dc8185407519
1pypp4igfgq	5d5d132bccc4
1pywlsyhwo7	81a3116294c4
1pz49kt3nue	34fb7b1524d3
1pzemjswzwu	b90f43b84e36
1pzi2ego5fv	3095a5bfae52
1pzrp1o7tb0	43ae10b2af53
1pzuaqlogyx	2eba243f985d
1q05hphbp8w	a41dc85dd2a2
1q07v3pqg7n	5270418bea2c
1q0c291mbes	1974485e2754
1q0l47tugu0	6e32569d9295
1q0p0hvegnz	bb2674fc7320
1q0pj4mw4s9	fd65e14a0dd9
1q0x2ee8lmz	6efcdc1756a8
1q0xu6urefw	66552fba4f3d
1q0y4iaq8oz	0fd6d6228858
1q1as2zuzq9	be1b8190be70
1q1b2keympf	1058f977353f
1q1bsspzi4q	6f4a167e6cf0
1q1rdybaqr2	7564a64bf1a6
1q1t2g6vs9x	453cecadb438
1q231mxycep	80c1ba06d151
1q268uw29vz	2cda06d941d1
1q292r6rxl3	81d836fdebf7
1q2c9lbtuys	2b44c2bd4700
1q2f9jl4lgl	e78b5a179be2
1q2grv8gpfs	598133efe5f6
1q2kiqesp2v	f2bd3ca36412
1q2kqxqynad	dfcce36c8266
1q2pa8ofap5	30cdd55ab7b2
1q2q66xdwpm	73ee131f0356
1q2qfa7ohzm	be2606c9d497
1q2tqdr4sou	5fbed60409ef
1q30yjlhffx	d2442f4a3c5a
1q33lw675jz	06b5722bcbb2
1q351gdrk5e	45b93df7b6b1
1q3b61ii8bf	911fa515467e
1q3bwrruqqb	c41915aa7d01
1q3bz78i0oc	5c83a7dd50b0
1q3qd8kd8r2	e0bf667ca688
1q41e2evv2f	2d2abba0a70f
1q41zcw2p5z	03a0344a880f
1q43tpeqb29	6638d584c3bc
1q44ym3ocgq	01c35adbbcfb
1q4dbm6qpbz	f577b6c03279
1q4ebw6ymhk	4fc3aa803a73
1q4pcha3az6	871962309c65
1q4sdq9gj4h	e17e9972a909
1q4wgde19r7	46802db9d704
1q4xxcbdzcs	c50e6c117b3c
1q53w8krhqs	a1384fbb3e97
1q57j3hl8uu	b3da4f392b0d
1q5800uwmyw	612b8f02f890
1q5lox861i6	2420f504fe88
1q5yfugj9ik	7872db17c745
1q60cslkc23	ded8fc9027a4
1q653xdbhdg	d1d95339c60b
1q695hlgb7z	fac2785e9d44
1q6cggo5w4w	f38567bec9f9
1q6lx8mf8gb	ffc2510c49d4
1q6oewy76cx	91d0881bc439
1q6qx7pt3a0	2da4f73de83f
1q6zn93dpq1	b0fb7ca36dce
1q717aru3qh	c43ae8d5b512
1q717e6oid5	74a5443784f4
1q7ngmnykf6	ee6feb6e8769
1q7pkj3t1is	252c153f0bf9
1q7y44fc1jt	593268ff43ec
1q841ia0yxz	9e47b89021a8
1q883nhufnc	56856e6aedbb
1q8ikclqotr	25b5951d7d2c
1q8qt5f25yk	d1299f972797
1q8xkgb2qiq	3fec9a8d107d
1q8xn7tjy3o	df0c0d0be7eb
1q9e3059eg2	4cf7a28d2fd7
1q9gr4qvbci	40482139c6f8
1q9kncumajp	99d54125375c
1q9t17au23	9f0e1f369f3a
1qa0mslq9ve	f52b0c0c74c9
1qa2wfdp9fz	0466c638294e
1qaf17iakrf	4c44189ca22d
1qaic4wjppw	098cb527cb86
1qakwesfaaz	44c6aa73a18d
1qat32g5juf	b60073a34060
1qay3abgm37	3f77d112852e
1qbic8zsllu	3b579f7a2503
1qbiiwiay18	59af88a2309a
1qbp59h89v3	f8645e10d73c
1qbq5k1usir	d82202254c67
1qbtifzg3zr	3b11f7381b47
1qc6r3flbz	b4bf4abe6096
1qcamlpwnxp	3c037d947f22
1qcaxf80ajb	78b1b835da4f
1qcboxotfre	332c8c3403dc
1qccdfz81vm	69d81b658030
1qcdiohebe8	106e617a1981
1qcdlskg4xu	b6c78280258c
1qcflg66ydy	6ba6c2426c33
1qci3j3ld92	21173aaa1e52
1qcifasrwk3	9ad9ea980c45
1qcockuqw2o	1091f894cea4
1qcrxai79h7	7bfea02d4af0
1qcy93i0e80	526ad71000c1
1qd03v690r8	0e226400894e
1qd3jthy6ct	1e770ee6dc4f
1qdd8h3x12m	5da08750e00a
1qdi60fix9s	523fc98f0997
1qdj2tw7zjp	841272f9d1da
1qdjejipryo	4a428f4474ad
1qdlueg2zoh	a6f7ab955829
1qdp6e97gdj	b0b64b72fbfc
1qdth1m607v	2849369f7dc7
1qdw864bwlm	33b664d44b3f
1qdx8kvjknk	3104ad062290
1qect6plx10	1f3bcad6270e
1qee28syfuh	5fd1982f1327
1qegckfil4s	e539e0351426
1qekjrde27	a9c20c5dd1aa
1qen93w0hh5	d739f8cad1af
1qeonx4zgex	fc7b67aebe61
1qerq83tntu	070f2994a565
1qexsyhl9bv	0a76a744a177
1qf2e77cawh	44884c834418
1qf9pl7o6ut	da1f497296d2
1qfb31o1mib	700405339e25
1qff72o7gqf	a2a242431cd2
1qfi19usc10	c7df918d4a2d
1qfimadrht7	61ca4cf4bee8
1qgcu5y6ejb	9acf204cf597
1qgetzg5xjo	d2e86d733343
1qgrxgjysjj	184691017f71
1qgyrgzdv8d	822e1f61e259
1qh5c0953kn	d719f048ad9e
1qhk6p06qyk	6ae7f3209899
1qhmux0kc1s	5e0aff310d14
1qhwtxpjruw	a6293c6354b9
1qiiks0d42y	4319f52eba96
1qijckswla5	cc5dd602f972
1qimaaemp2u	38b90ece7e65
1qiok4cmy1y	d7fbe7b2da2a
1qip64xf1vs	f17894524928
1qiweojr8ce	c42ee50acd38
1qiwpoduj52	850842073170
1qj1898exmi	972ee506ba64
1qj2z1ovurc	d9e624ac68e7
1qj6c697j2i	8ea6f375b4c6
1qj7ijw5xfu	837ca8cc2107
1qjhi5yu2g8	d04dabe01027
1qjibf51i19	fb9a36e8a22c
1qjk7u8db73	6afc556136f4
1qjnqfdjcy3	8d8b0aa674f7
1qjqh2hx97a	ab4e849f30ae
1qjv89lk1ms	00599c8d87d0
1qjviu7latc	5d81eeb9a8bf
1qjz5keqcv5	b7c62ce9269a
1qk50ijl0ng	ee83b90e9e00
1qkblq27rlr	033a3bc9ad17
1qkh6ldq4vj	5e9a6958c60b
1qkqz9li7nj	5500dfd2b095
1qks9wh7ziv	6a07edba9f47
1qksmrt39hm	91a1557fb75b
1ql6fnto5tt	e6817caaa66c
1qlged9bsh8	8de3cee410ab
1qlj9594oqr	b1f4693ff153
1qlopizb884	d3c757f2f8dc
1qlsyzn98ki	fddf841f74d8
1qltwo8lwxb	21d8698dbc42
1qm42eg2td5	ca2d35134dfe
1qmiy3whrp1	73654a91ce30
1qmlvp2aepg	269641967cf9
1qmnq221l06	214b938a2bb4
1qmo8fx2y8b	ba05843bf2ed
1qmon15kupy	f41c45a5b89e
1qmq1bba4qx	6de2b0e6636f
1qn1mell6cd	94879e476b01
1qn90m3bt38	48b9e21ea88a
1qngregk1gd	6f3502f6610f
1qnkatbz2ss	eb97a6e0411d
1qnlrk1eecf	6c4c3d022c1f
1qnzyp0rn8c	dc0ca6b388a5
1qo29wa7kmc	12b7d153bed0
1qo3cnzan58	123265bfc27b
1qo9apk0amv	5db3e58f6bbe
1qo9g5ah25p	2aea62c256a2
1qoak1egrsz	c88abec5078b
1qoax877w4v	71a76fd7305f
1qobblgfeoh	e1afeeec6f09
1qoqrxxk1qy	7410d409cdac
1qou3r071y5	f690fc7b9839
1qp0i5d7prt	f509a28cc4d8
1qp2qpqukbs	e7fca6da62ff
1qp3unjn1ir	62981d0b564c
1qp6m91dzb	93f6b41e75e5
1qp92tvlfbf	fe36d896256a
1qpb4dm693s	473f64316087
1qpfd1qpp2y	095b2526ffc5
1qpvd2qnop	4322d84fc305
1qpz7pfsvnu	69561b612254
1qq2jeip4oo	7300477a51bf
1qq2rqz2ztq	ba2038f96f42
1qqan7hrnd0	9e493c58bacf
1qqc4h615sw	b5c7429b0d84
1qqf3b6mll9	c35e1c9cf57b
1qqrbrog16z	dc69740db467
1qqwjthkum2	b7850fdcaa50
1qqwuihcr4o	d2cb953b23f4
1qqybe42m9x	01167118e111
1qr3n92up8j	337af031e833
1qrf5ess8z0	a0676743a03d
1qrgcp3oytd	934879f9b2af
1qrhxctfrud	55bf2b41090a
1qrspd5jtph	91cbfa49c83c
1qrvt0kgidx	5a2a59ed3b8d
1qs817fxabo	4e0923e0b74c
1qsc4ake2li	1c10e90591be
1qsk1ykw5mn	4abc59623163
1qsndz3eaux	1003b7828ca8
1qsufggr5b6	61587e869c3f
1qsw6rcdz9z	4e4610602d6e
1qswj5hqx7i	3c362b371aa9
1qt3sv2f47a	93722189f0f7
1qt55l4dflb	a26cb54f0557
1qta70is07u	ce76417e3395
1qteqrsraty	5213c5a70328
1qu01e03l6t	40d3c88ce6e6
1qu3dpha42u	c30c1b5d7de5
1qufz2dkfph	f02706254088
1qugnrvbc2q	7d4ef119d6f2
1quo4kkl98r	6499f291f073
1qutvrdltxk	d414454a2322
1quylm484gi	7438b6841116
1qv3xmoh7b1	1df6c205a970
1qv67b3pf0z	27fe729c6f6f
1qvap3s28rv	b5b9bd84751f
1qvbgcx7ngc	b8c1a570e337
1qvbwa5kvrf	96fb4c9275d2
1qvf6hfkcdu	c16d62b269ce
1qvpc8cxv0a	792b6a4989c3
1qvqmn0k1s0	336e451b436d
1qvtyd2hdjy	4b24be9aebcb
1qvxi1xohi6	94e46168e80b
1qvzdumiou2	5d5c61e4035b
1qw7zw5akv9	d64c5579a056
1qwkxia5npg	b920c26ae69a
1qwp4doq3ra	4111b669097a
1qws0cthq5i	13d72ef8db71
1qx7ax0ik7b	b3558673e737
1qxa4eqor24	dc7982ea6907
1qxajpqbmpr	2025a16d8079
1qxerdcmmg6	210f71ed1de7
1qxjuxatvhp	7d37a4df0810
1qxnnp7dlu9	6231354ebce6
1qxsyoc3mz6	82b64e0c60fd
1qxyej6ekg4	b9bcc6e7a504
1qy546ym1d8	6fd822551cf6
1qyh962i5eh	75bf62e22c2b
1qyhzc00xvz	849ea68f839d
1qyohtd79vr	8552ef6d73d8
1qypejranr8	b7239e292320
1qyrajbnrhx	c5211b13b999
1qysd32uw0b	7484cf9e5688
1qyvu6gi941	67f6faa34e4d
1qyy34mcth9	ddfa9ec7e7d3
1qz3ju8j96z	0c961b38137b
1qz5ppjssk8	dd380a28a720
1qz9lk1jymg	9a225d0d890e
1qz9rsw0m2d	4ace6d2dc7a2
1qzgndu3e6z	d6e6d1aa6737
1qzll5faqqz	0f11acae9899
1qzr6qmpl6n	91f0ebbcacfb
1qzyvr2n2y4	940ffee947ed
1r09ud5sxyo	79fb5c298de6
1r0a0hmn71o	f63fcaab221a
1r0eu6c6j89	59965b1cef4f
1r0g4pm2bw7	777d35e8e294
1r0l4n3hwp5	80579d91c740
1r0u5vs6hq7	f87cf15fa526
1r0w35cscmu	d36bf5da669c
1r0z0fa6n7a	fd1fa2ea0368
1r1395nc9zd	cb1af3f9740e
1r13zvj9lul	bafc40e4ee30
1r1iayjmez6	ec233c00c20c
1r1n7127gv9	3232785e5502
1r1x0xqqwfc	78ab2a91ff9c
1r1zd7w6i5c	46b3a47c8fa7
1r238vfm3xs	14a4fbc1dac2
1r24yrhh86i	eb747eb0ff71
1r27brr28xh	52cc56d22fc0
1r2cy8s2aex	20de9c91629b
1r2ea6rzqhd	5b001d6ebdcf
1r2gb2ps1a4	55b93e4929b9
1r2hvfd1njq	bc9fafbdb1d0
1r2lzgk52p3	b4878d44dce3
1r2o576ygmj	8493b1ce8870
1r2qrj8blwb	9d3e4d60c74c
1r33r2gellu	b096c9780ac8
1r35hsqxoo	66df0bcbe5ff
1r389ftnrlc	fc1c5cc4aa88
1r3c0sr0uhf	2c921f8029ee
1r3gf8emvfj	06fb8f1c1038
1r3i0s5lqrj	86ea6129d826
1r3ldwrasrm	fb880884c1db
1r3o0yce440	855a48c1d656
1r3qi56bp47	011c27bc2b10
1r3txr99q7g	bc4ca0478fdf
1r3yr6hitdm	aac877e1cf4e
1r43rzl2ns0	f35218f936cb
1r49o898anf	8a1a9793ea26
1r4c0t3g8uc	3b47ba9e411b
1r4oy6tut1m	0ab750deae2b
1r4zii8nhw4	53ff9d8012a7
1r4ztugmbho	f21b5378509c
1r52ced13b7	2de83f9c0f51
1r57hw376fe	3ce3f8b7c5a4
1r5e56uxe0h	acc020946fc7
1r5lemh93b	863b659a2fab
1r5rup3os8q	2b03c135324f
1r5ws20ghzg	6430001a9b70
1r5y9m4v9yz	5bf782d544f1
1r65pnl9cyn	c458fa31901d
1r65sqioznw	5c7fdf079326
1r6el7k74rm	9feeff18c07c
1r6ga0sklhs	9b50a31d97da
1r6kw2igwqw	ebbe7d9cde00
1r6n4sb92f6	520b65f08cda
1r6sj2wltk9	a9d67fa9a3f3
1r7236qz7bx	f79360b5a9e0
1r73mfaf1g8	5aef595cf805
1r7hu9osok9	1344332e040e
1r7lj0kn1s5	16786962aa01
1r7p1ckg547	1a0e20667a68
1r7xz5y3bi0	f6c072d8bfbb
1r8cc0zm472	d290bf074563
1r8gopzcl7v	8518d76a3bda
1r8lfwyfpfo	07c7d2c514fe
1r941bwvm6u	3ccbadb3d972
1r9b6v148eb	24b72141c5eb
1r9gvetcrqm	b6c94ac93991
1r9zzsnzla6	09f8a7cb0f79
1ra2jf3zvo1	9b7ac53b1049
1ra9ebb1fm9	072b2bef37c0
1raca2vakx9	e81ae04654a2
1radzuihh9h	160fc32e5b13
1raqjdk72te	d1193e88ed08
1rarhkx2323	31e5702af73b
1rasjv7baeg	d6836b1832d5
1raz1kofl0	88a9a30c7f34
1rbbqi6iqz3	9bee98995229
1rbeys7hv3i	2cc72b37f114
1rbkm92x5k6	63699c034ad3
1rbne3sd3lw	cb541aace837
1rbnld6x6ez	ecaf49105933
1rbomnudhdu	c51c2c83516b
1rbswctszic	2e63755e699b
1rbwxlfpqdw	1ad5380088cc
1rbyb3782f1	cc7a0b677021
1rcgbyawc8o	5ed9d890e2d3
1rck4b7lvpc	bab7bc73a00a
1rdaikcir1m	b5d862a3cc42
1rdc00gmcio	f64aa855d79c
1rddnriew3c	baa6dff92aaa
1rdiubup7nw	4f15d3da8372
1rdo7pjt3x0	00f842a9edfb
1rdr8d8nyyu	2fd23fc0daee
1rdryza1ald	0088650ac726
1rdt1q8w1az	0ea2bce77ac5
1rdtc00dssd	332310e86b25
1rdv2qq5wse	366cd469e608
1reeh3hzow	33420eedfd99
1ref241bram	20105f27c9dd
1reim5wkuh5	640828b39a8b
1reosojuyt4	26021742fd0b
1rf5y7kum5o	5a4e3472164c
1rf60z1bqln	676d2c8c46df
1rf67fyf217	4bea947f0593
1rfc2j5vpcf	023eadeb338c
1rfh80tbrhq	d8a2919d35d3
1rfi841cbuo	a68c632fe9ef
1rfj8fz9h15	eae857180bda
1rfkboaenlr	f0ab19f1158b
1rfktfozc3j	809f822d0428
1rft629ujua	7894d9e018ff
1rftu0swndq	d54fc82b104c
1rfybdnnuu7	445fd65843c8
1rfymwkj6gk	b1635deeea04
1rg2umo2hin	4e8e3cd0be8e
1rg5hvdwjbq	78e8053ea1f8
1rgar28d8pk	4e8af780fad7
1rgbbs44yhu	8ccfa2022fff
1rgdwzeteiu	193217162c05
1rgeqbhfkhl	3c4e55c66697
1rgga04zqry	3bd8ec0b5f4d
1rgigjgzmsg	6d281893c60b
1rgpcjwiae5	c96e751698bf
1rguey01am8	1ce6cddde824
1rgzad7gg4y	84ab40ed0120
1rgzxim4r1k	056de2fb5416
1rh178lid12	10235433106b
1rh3qqu33ss	b0b6a4563cff
1rhv53nvvoi	e41d99c2c36e
1rhw7kjwvxw	2f2868754d24
1ric9g04jia	8676075580d3
1riqzudk021	d6b03b62a565
1rj2g5ngy8j	afb3e32ee18f
1rj6cnznvee	7ba513be5912
1rjh7kc3x5i	85c0cd7a5d0f
1rjm4mb7vl1	132666dfa258
1rjp2mnm3el	e483e056e010
1rjswxlzu5l	9c5ea79b1cc1
1rk2x4504kq	eca5ffc4aa0e
1rk3n4xxn0m	5fb5d9badebc
1rk58tk5mx4	844b24026e7c
1rkg0j8vpvo	e14e321d0224
1rkkud0ilfl	942b9d4d9454
1rkprz0wfrx	82c24501ae1b
1rlbv9yxsfd	e8aac0b2d05f
1rlip14kj1f	44de5d333c27
1rljbzo2u4r	ef36fa825b4f
1rlmmbquv8x	686b76418a65
1rlnzjb5c8y	edfcbbf2de45
1rlpointvqe	7ec62b6fa0ca
1rlrpwz359z	633852b5d012
1rlsbibeljb	ba581cf4076c
1rlzpvipfle	87e787734ab2
1rm1t8ufz98	7551b890eed6
1rmf3c91uip	813991fcc1fc
1rmk91koxob	843d3f37216f
1rmqh0em77p	0a61cb97e185
1rmu2q97orv	c4c70bb632c2
1rmu9ww6kow	74ef44efeb9d
1rmy4ntsz3r	82e3548f500a
1rn0er1rxqa	836a11cfcf0a
1rn7s59as9v	fa6a5c291ede
1rnfagswlvk	1621b2b4a511
1rnk6cx621r	28be5cf2b8ab
1rnqymichkc	db39c780b7f7
1rnwh0i50ee	b56056619aa4
1ro18ijudep	0113ee4afa04
1roaqupkfhr	06a2298f9ab0
1rog0s628bz	861fa7f65d1f
1roi0y4uguv	fceb29212b27
1roj85ja7qa	cf008455622d
1ron99kpq77	74286cafe33f
1roohm74us	e79969e1933a
1roqb688e3	c7977decf943
1rov5uxl4kk	8c1471458570
1rox7eeoktk	5a5851f920cd
1rozx50bgrc	3c932ec9c03a
1rp0ifdt47o	14051f76dde9
1rp306dg9sm	4da6be74936b
1rp3ri5egqs	0dd62442a43a
1rp4g7iyq11	604234064914
1rp7vio1qd3	80a80d2373ab
1rpe21wsb6j	390db820c20a
1rpe9lt9hz	0ebcbd0f7efc
1rpea8c7u6n	457ee2fc9579
1rpggvnnibr	a6b6fcf6ec57
1rpglhlpt9a	b9f002190d19
1rpgntejwbr	4003698414e7
1rpitto6l2x	ee9debe70cf0
1rpv37mnraq	794ae6538200
1rpvag34jtw	3c8b8e320556
1rpzx6nzvbo	75c93a5e756d
1rq01uzmv4x	2a9a5246bf48
1rqc907kkva	8015f86279c1
1rqca5iq6sc	070b9fa596e4
1rqmxn4qkgh	ffcbb8bd04ac
1rqv91zv0qb	30be2969d431
1rqvxjsw4n1	4429809b892a
1rr0pth5cfb	8c214042cde4
1rr2qzg49wn	0e020a39a9d2
1rr8ap9gh9m	cd00fa022d99
1rrd96jul52	d54bfe9e9344
1rrdh7955jy	3117e14dc5d2
1rrewvs3u7o	5d53c8ff7774
1rrkf9ntcgj	35e96b865853
1rrrk8qa2sa	644048ff9c97
1rrzcxo7et5	e203f1119464
1rrzzjhbesv	31a7f9e47e5f
1rs39u975g2	e50580f139c5
1rs3xmlb6g1	a904a6bba41e
1rsacp4gv70	cb5929a89334
1rsplub1n3	03e3e4fa3a10
1rsu3b248jl	92e7ed2f1cdc
1rsxqo4omyl	3c4764fbf8e6
1rt021ijs5z	f6dda6498356
1rt3rs3jjyo	8106f78147e5
1rt896kfgic	916699faf0e3
1rtc228fpnd	dcba7a5d1144
1rtep95qs8z	c912a7c42e2b
1rthnbkddj9	ef5cfa31523f
1rtiec9gwc0	c16bea034a51
1rtjthwzns1	8076d03dfdf2
1rtmczciuio	4f9306a2fc22
1rtsiewnvgy	07dcae2eff3c
1rtxwfrjkmf	11406adb289c
1rtzgurbh9l	74eecc288401
1ru19lthjtl	5b8591ece02f
1ru3sv7hebb	5fb7c95b56b6
1ru6fuqkzwv	e1fd6e4aa4a7
1ru98hb9qwz	c8fb197f0fdd
1ruf16zr3vb	d21e9e77b112
1rui77wvivx	e49ad40e8318
1rukcgpxjhb	0fce1f5681f0
1runw4mjdug	a34d6d0de9f5
1ruvsk0z3yg	43927d2f0a8e
1ruxsikepy1	f50486903b6f
1rv4ygpocjm	ec1a7546c2c3
1rv57jk8qqw	51f52c24f55b
1rv6tjytiy9	21c6d49fd7a0
1rv8py1mb9s	fb27ff989e15
1rvf8tykpww	8a29f7928273
1rvl8vgbyiv	84b7372c1b0a
1rvrn25hspu	e8016b22050e
1rw3uob6c30	aaeee0489147
1rw88qly73c	2157db7faefb
1rw9piwlg1t	4ed09264d185
1rwezuem3ku	df3c04604c26
1rwf6b3wx9b	50315fe9cae1
1rwha80iy5d	1d1d5d4ca192
1rwknlld5di	9bf553a947c6
1rwx3pgwvw5	0712f09a1546
1rx0fcx8ae0	41bc469b20c1
1rx97f4l9yf	530b7a0c9a4c
1rxakoamw8m	05fe62efadc6
1rxiarj4y91	a1c209c355f6
1rxmqiz0mu3	f7021b8e946a
1rxo0wkgvuo	2cbdac2f2d2f
1rxq1tgz7o	b879eedc8df6
1rxrxr25uiz	dd9d0722b4ae
1ry7acoesko	0b78b9ca022d
1ry9z3l5hx5	0b947ef3a655
1ryvsvsjimi	3d0ba33a12db
1rz7f7ri2fv	cf6e15493fc3
1rz8f6qhm0c	3025e07b749a
1rz9j1q4ptr	e4da3be492da
1rzbtxdevdk	8289bed983d1
1rzmcwoptqq	b01b36d3ab10
1rzvojs9opv	349d4550144d
1s08axqgzdi	6379161a21a2
1s0iq30u1i0	a23829de3403
1s0jxm1y2c6	03247844ee73
1s0lhqapzdb	200232ead12e
1s0vvyvwrrr	f36cd044dff4
1s0wrbifh2n	adb7916b1747
1s12k1xcwi6	072ea668643e
1s1dzrfmeiz	86c7a6078884
1s1fifglxzz	85caf90b2209
1s1g4u03c5u	3360b9e079de
1s1l3iz0lrl	9d08f3d0a1db
1s1lqrdoao5	b4058e5de4d8
1s1o7446621	5f9af4c19b67
1s1oj0580st	551eea320541
1s1ryymmzm7	52eec4872155
1s1wx8elq55	432854a1e7d6
1s21hwm32hx	a7b758bd58fe
1s22jti6y2s	4fee590cd75f
1s23lp4xqlj	278b218efdd9
1s25p0danxl	38c7e0d758c2
1s2b8v52bvs	06f298b1621c
1s2hgpgyz88	4d56f34b93d8
1s2t8i7pk2z	200aa3ae68c3
1s32987nddj	e70876ce9cbc
1s36g6nil7m	21733cfcf22a
1s3ds23t5j6	66dbb853dbad
1s3pig9ysbn	551fb4e138dd
1s3rdmd2ddp	b885867119b7
1s3rpj5wii0	8e797d612dd0
1s3sr7x4ayf	e59bd4a780f8
1s3you2hlw6	1be4b82ed792
1s40tp7j187	c8676f3277d0
1s4k35vsb18	429cf5370a1d
1s4m5bfgfal	4880b2c21de7
1s4oexlf7nf	1a6f6c418ebd
1s4upab4md5	2a97c2d46cfb
1s4ycy2epa2	8f71e473b81b
1s4zqrcst8k	0e9b1a9dcaa3
1s57ywadij5	41c0d1cfe42c
1s5j9nntpfo	69db3eea87dc
1s5okwna4on	48a0842a931f
1s6br69f5l5	6da54baba437
1s6dew784ri	29d95381311b
1s6fga3ehqe	2dc191916836
1s6gncbtj7t	6fad488279be
1s6izoeogcq	4436c318a827
1s6j391egbp	408c070e6262
1s6jrtz71d7	61e56470c51f
1s6nk9dtx84	474c125823a7
1s6p7f1u5b4	fadf3a71e1c4
1s6v4jcu2o	dedc2f28552d
1s6v9xk41vb	a4a1956d3958
1s6xorcyqfl	176a5e968d86
1s71rdnr1im	51d5563cdd85
1s73j0iiyis	eb79b451f487
1s74owh7kws	5ce1599e49ef
1s77r5owblc	19f2ae19831a
1s7czo5kn0b	e7639e0818d8
1s7fdasuyc2	686ead752b39
1s7mnc7yc3y	f88698d741f0
1s7nufo64bc	3ee25280f668
1s7vf98h6qa	fac4a3b26a5c
1s7ygnqgraq	08f32bf59c64
1s7yl6chi51	763f3ae955e8
1s83tgzoh59	b175bcc7569e
1s8fjnx3g48	91c598217407
1s8pienzxl5	e3308395d209
1s8qb8m4osd	94f686df640e
1s8ulju05hn	6ee72b95511d
1s8xt7wist7	2b47ba058183
1s8ypleketz	06b5491b7cb5
1s926dr1128	a2bd304b9191
1s93e0p3bn9	607b7d2be98e
1s950pqshoh	939b5975485e
1s9ai5ertay	8a0b8c0e1e9c
1s9gfmzm360	638a1026b872
1s9uj1p4523	f5154a16fb56
1s9vu9d9uup	1d245943bc16
1s9y4epusvj	e36e1c4f917e
1sa76hv3ua5	9e5483cb04fa
1sa7tw92kce	12417dd36ba2
1sa8qahwrpw	3c4ae3fd34bd
1sals7oqhcy	e4fd10e8daea
1sawjmk1b6g	bfc03d163b76
1sb6wl1b34b	59cfe9fc1d59
1sbem29kfv2	7bd34762b04c
1sbft795fkl	16a96c791d80
1sbocia9rsa	0592bf9691af
1sbyv2mafr6	9a3354c74149
1sc3o5cn8gi	d856c0f99dc1
1sc49efdfap	d7f52d976cdc
1sc4bel315a	cf531da8fcad
1sc4n9jowqo	8c1ddcc29b50
1sch7m9v0in	14095b1e4bf8
1scpfk92clf	bae644c75885
1sct1c36iq3	8bdb93027cf1
1scxx9qrcwd	4d675bed1ee9
1sd2jcv61ck	49b0fbfae2a7
1sdogz9nuca	76a1eb8de621
1sds26fe6g7	fa165f8f0578
1sdsy84i38k	17af9c83f1b0
1sdti21vn3	5b877cbaea82
1sduem2pqyp	d1d1e0f83019
1sdve5zwtxi	51997159f643
1sdx611mpra	876dae8d35ab
1se9lzj2kkz	022595e831df
1seapmy709e	4e6b6a7c83b2
1semxhfpza6	6b0e0766247a
1seodjvk51y	924ff0058689
1seq9c5kvzy	750ad51a3d01
1sf8sln1aoe	7c215103c30d
1sfenl06oko	c7b95a5a8e93
1sfeoeazr1n	8ce01ec6d906
1sfgqoukys5	3a6deee8ab1a
1sfhbvs15iu	9fdfa06e66ba
1sfvnnpn7jz	d95fd8c47fc9
1sgaa1iay7o	0daad14b0d06
1sh2ewa0u7m	83402f7c9f56
1sh5l08ffga	e2e709451685
1shgure21ch	60e532c94894
1shgws681ax	910fd53b8e0f
1shnepwqd8a	27539822baa6
1shs3gf7rie	e21481356096
1shx29mjicd	cc8290a71b34
1sissjpu48m	929d6ec37c3e
1sivcxppqmc	45012cf73ae0
1sj31cdji9r	f8004db64b1c
1sj4ydxvpwa	f33a2861953e
1sj8483a24v	ffce361396bc
1sj8ciwb306	7761b66a3ed5
1sj8yiy6sh7	efc3958f225b
1sji78cogpw	0ecfa2370573
1sjitw2k4k	cfcda8176c7e
1sjo0jm383z	3636b01a523e
1sjox8tkgkx	b65c4591234d
1sjson8lcy1	682fa813f991
1sju81hlqu4	6c0668db2bf1
1sk1ljtj0kn	b8af284e058d
1sk33p82j9q	03af38470c03
1sk44dcx42r	849a2e72f06e
1sk8mm4iilu	40dd4bdcc7ae
1sk9fq63plc	a941b8617cca
1skcib1m956	27776ce03e51
1skord0ii6o	1bb614ad9f72
1skqwl15smo	868f71c7ff6b
1skziwqxt65	6b24dd0da128
1sl0ektopms	f36e96a38eeb
1sl9v8797rq	6a0e7314c52b
1slhoqv2wzs	bff1fe56c83e
1slj0eemyz2	8678af57b15c
1slu3u40r7d	27197c36688f
1sly2r9gtc1	a93193dfb1ae
1sm5tmv6xqr	997f5a60d071
1sm9je3ienn	e9335096aca2
1smb6i2gjwa	c2a77b97d5ce
1smjwvz86vv	dd90968ef1a8
1smmjs616gf	09df402ef921
1smoqhfl9m9	a1ce2368a8c2
1smt9vcbf2x	3000166ba086
1smtb4jve7h	868e84ddd194
1smtdd6u7ym	84ea2d8d5907
1sn3ijskryi	d6bbfba633db
1snaaouail8	e4e7f9ef6c61
1sns5b9d8jg	4045e5234928
1snww6be2z6	7aeca07ba633
1sod4y9zyb	4ab1e66c6fb9
1sodadlb7v5	56d5fa0425be
1soi7sc2zbl	05d686c02bd2
1soii7pob05	2a74e77b9c10
1sojhxf69ik	4de011f3e37d
1som53iot6f	e4bf58543237
1soodtfvk1i	cbc61cd2f5f3
1sp0b968jld	2963c712b560
1sp0hlepmsi	a9b8ea8540a1
1spa4c6mjrz	c75d816f91ce
1spee7q6wyg	f48aef4bdd0d
1spinm5q4e7	79e3e4085ad8
1spl6mhjekn	2e0c5f72c259
1sq08ll8ogf	2c61bf9dc3af
1sq35ir4p21	4079d2a1a063
1sqdwmbckgq	2581f8e149eb
1sqenr2osyu	605b92da862f
1sqh3su01g9	6d669a2bb886
1sqml5ntf6i	182b49994393
1sqpuh69ahh	6d8303a50672
1sqqt52du20	879a251e589f
1sqtamynwt0	40905bda71d6
1sqy35n9pnn	cfe33622c15b
1sr1aor85j4	b2ea9c48b205
1sr3p5tc8bl	8b94362ccea5
1sr9r76l5b	96fee9fb5550
1sre6y87of4	dce63b5485aa
1srq10257jb	864f7584d548
1srs1jy4i1w	b0560b764f53
1ss165awg96	a523c148060f
1ss6jgppg3w	024f540cf1fd
1ss7wwecct6	1ea942db65f6
1sshi4o6w5b	c360a9906067
1ssk0rju4o0	c447084d13d9
1sskc1c06ex	92fd71c98fcf
1ssr8h4m1us	bd76b7bd2ae3
1ssw45qfh99	54bab42e7cbc
1stcxdgu4lo	0ccb2fbda14f
1std5d42n9z	5cdb5fa080be
1stfphm4mnv	f345dbc5bda8
1stl3rvnbxv	394afc58b7b0
1stn5rpbf7	00a14cafc069
1stzdlqmsx2	84a9b6147c55
1su900ovast	88f58b1dbdeb
1sud14z04fd	afcfde5f3c96
1sudagd7pn1	74c9ed36e3f7
1sujkrlx4k6	bf1d1a29f2eb
1sum8568136	b1b1cd414e08
1sumgk2fm8k	2ad4d135eaa4
1sunnirmwre	7aa6bfb0b629
1sut9t66r1p	706b89bb2e1b
1suua6uhv2t	cc067484f7c2
1sv0g8i7tji	a4d515b31193
1sv3sgc8uqx	890245035a8d
1sv5vf2uhzs	c86bb0d18aa5
1sv84jkb2al	1078dc7a6031
1sven551a8u	82be555d0e9b
1svf69lh03e	9946ee4a6353
1svfwr3tebw	f39b864128d4
1svjf4l2k20	a8c8edd905c7
1svnzsb3996	bcfb394c0551
1sw2iur0v2	81393536bb70
1sw2kw2fkd8	e5ff24b10666
1swd7lbesc5	18857fbb36ef
1swdzxnks8e	a79f96a0bc8f
1swv3dckmcr	fdeebe0a8c4b
1sww0iw13r2	d3f76d8e352e
1sxaq3ybge3	1d4f81e1f90f
1sxfvii3c24	dce97003f298
1sxow90ee9k	908e78d96422
1sxypmph1mh	1653720da39b
1sy4awa8a2i	9341bf7ac91a
1sy8f0ow3wk	42af816e7e22
1sy8oqpacfd	af144be230c0
1syegjuhcif	8b566b0efab4
1syf4m6sw3f	9f960878b65f
1syfhpifm8p	c754284c90ea
1syxdnpyj9x	cca8b1ee4f4c
1syzb4inikc	e79a13ef1864
1sz1g81i2nx	8e73811bcc71
1sz5m2hvdqr	d5052431beec
1szag6n75ga	7585ac011e5d
1szc6zp6ie5	159b510d1d58
1sze8sxktsj	0931e89d4f62
1szm0cx8exs	daffaa6e8370
1szmaw17c0a	b1bd3e034654
1sztoji16kl	3002d064b24d
1szylitwo01	881caa35d98b
1t00iy5kxtp	fd53984cfc7b
1t06xrd6fuz	3fd22e4a42df
1t0b0rke0e2	26903ca111a3
1t0k0qlg6l9	0a3e842c4166
1t0lw66xnvd	14b703b82d3e
1t0lx91jqmr	c9ef2a8557ee
1t0pj0ps45i	d96ae69c857e
1t0tcsju6jy	b4af30ed910b
1t11nxxwgw9	da4c8a9c0f08
1t1qu7w1b8t	59d78099a663
1t1ttbyh8pq	56583b1e23e9
1t1z84wy2pu	8efb85f5fee1
1t2aw6ykxkp	5873cb1c1a92
1t2pwwpgtvq	1fe0a0b2e681
1t2sc13tdc9	544de00f460a
1t2z3279ad2	b43f03df8c12
1t32icvu3g4	95024a1cb143
1t34tcpp762	101c2d402a3a
1t36xtn6x6x	2ddbe71866fc
1t372k22f9v	37d9d5a96e87
1t3jcuel6uc	4cc6178e7658
1t3ka12b5kj	b4a93eb13dd1
1t3kafhofd5	1f32015f79e3
1t3kj9x84uj	b8494bc5db09
1t3ndtvg92s	017e8746a273
1t3qsmuukv1	ec9ae2aab8e7
1t406dda3gj	9061aa39a269
1t42hrb8tuh	9974da89bac0
1t45cdj5oh2	025f91c0c041
1t46ykkv6de	6f0b57aa8bf8
1t49n3vwi4	befea26ed5c8
1t4fwliy3bu	056053c5706d
1t4gchf1cul	82b44cac5783
1t4ib32mnld	1e321e414e74
1t4icegowyi	81fe518aebda
1t4nbm4yp7h	9da3441774d8
1t4qmc2q71y	f151dc55780b
1t546aex4ss	ce73c8ac194f
1t5lssc55zh	216530afa406
1t5n5o20z3p	556203a7163d
1t5yumhg1h6	3d758c8d87a5
1t65q9tgr0n	11b7aea8ea20
1t6eglcm9u	70063e28d9f8
1t6fia75vab	e41725c446ea
1t6qfkbytfg	5b24d13ab528
1t6u34zh5lk	1c4e6bf66164
1t79jtyt304	5c5d7432e972
1t7o51xxud	525349b7fad7
1t7pkt0009x	b46fbb1ca580
1t7v5iautco	432b071cc44c
1t858tklic8	48530013f1fc
1t85qveh9li	5a9e83643580
1t8c986r2be	2a3aa70b989c
1t8obkwcgvy	3738a3596957
1t9801yoa42	430571508d8d
1t9bvwjnauc	77d3cf11a23b
1t9qntsshgw	01e064282940
1t9skr45c0x	93acef9c9f9b
1t9yd6xnuax	05064a32792c
1ta4owuxksj	04820af4a8a7
1taastp63ov	be089f37700c
1tacdq24jt5	82284a55d69d
1tae2z4hki8	41b5bd0b2834
1tatpvl6qer	542c01dd1eb1
1tawxsukbge	259f1159a3b7
1tb2ihuv7lv	fc67fa9f83ea
1tb5i9qrdtb	35b52ac837b7
1tb78z9eh99	4860dd104eb0
1tbak526th7	ea69ca8a18dd
1tbbjjc61tr	935f811b1215
1tbgprcby23	56bbbdbf1bf8
1tc6y5oz6f5	91bdae845092
1tc90dceoj4	fe024629024b
1tccvidbi8q	21e7368f4f54
1tcd0k25piv	8ec2e405320a
1tcfc13fxso	d6b2c2b27fc0
1tcjqhvaghk	bd7b063267fb
1tcmu80nptf	0c28d92a147e
1tcogtik9oj	7ca615401bcc
1tcuwkpv3f5	95440a970291
1td3pla0ny8	fbbad7275196
1tdbkyqiew8	37d4c2084dc2
1tddnkp7jvu	f32407701051
1tdepptq9i3	0070d1b34708
1tdhzkan8u3	99a0a746edf0
1tdpuap5dvi	a25e89b889cd
1tdu20dakgr	01ed12d26d8f
1tdxgsfic8v	5182bf745d10
1te1s159683	e15d8b142eaf
1te2nrwhy67	6f4602836a14
1te4qaw6if8	894f722129db
1tedx7i843t	3657681c607d
1teh8gzyqcu	c2e6650a378b
1tekypo3q80	1b950feb0be9
1tel5t3spyg	e0e13d914bcd
1teozpziyv7	d3e8b4e5e686
1teqzn4sfdr	4545b2b3c50f
1tezn9ne1u3	39f48881734b
1tf2zi0v12d	be813353721e
1tf8yfkuo2k	80fa48bc9f1b
1tfcaqqauta	fb85d9a39b9d
1tftjfh4fbi	96732d2ba3ed
1tfwntod541	cb1262b62556
1tfz42ni6iy	47764140eaef
1tg1elkq70i	1df4427d8621
1tg1ilmtbja	d2885f75916d
1tg23tsrv06	f4d329bb5569
1tg9sra9jyc	297da031a4ef
1tgb1q9d42w	5402f8917beb
1tgefe449o4	5f159252dff0
1tgem1hzncw	745cc1378b34
1tgg3hdmxk9	4d554a3c5e7c
1tgigtbes2c	aae974d258c7
1tgsea7gu3z	71be85a7a62f
1tgwaj7226f	5fd32a283258
1tgxndih38p	86ae8bbad906
1th6bzhfte0	34560c2d4d46
1th6e76twlw	6593928e4049
1th7gg3v233	85be90c37d92
1thfeucmmj6	3c406d38f6f2
1ths3vu45s9	55e9909be5ac
1ti7u7p92xz	4aa502af2555
1tiatjkaa2d	ffad9326835b
1tiboq4bh0s	4249d95bc256
1tici12oq6k	c18b3be29a51
1tid17jmfc5	eff9802b64aa
1tidrwi4chn	9a93c3995131
1tinttxbrkc	7c11a1059fe3
1tioog5a7dy	c8f75daf0fce
1tisxxeryi2	09d2b2c4de00
1tisyqmohof	c8fe290a89e2
1tiymf6pj2c	43502abf1e44
1tj0xrczq25	ca7c69a93e85
1tj7a9ex0u5	b17b649b40b3
1tj9dkw93tz	3dd8619419e4
1tjfx4gto6g	999f4b47bd80
1tjg5tx8ge5	5359aae4cd2c
1tji9oahloj	8a0841072f03
1tjl5v5wd2k	a08751578cdd
1tjvpmxou69	05644e75a036
1tjvvfkikqu	b3de50a94b8e
1tjz89tumzi	384f4e2748a0
1tk1uifjoik	e2b310e49057
1tk7e1qtj04	f0f92c8d9fdb
1tk7lf9ogvp	77518fed0059
1tkcphuyraa	feb137dc1fd2
1tklq5cpx2c	13a8a51b0b61
1tkmnqeenvn	7a8fe112279a
1tkwpmnmey1	5548d57a4a0b
1tl0b7wbd72	b9bf3141ef3e
1tl4f2n4lpc	7ec4ba53f29e
1tl75nn304e	ba135a5f2fd8
1tl8ly6x6jl	9fab7f92e970
1tl9nvetaxv	e216853bd09a
1tlduxrl7nt	d940f5da154e
1tlq61pm9hr	a4994eb6ebac
1tm2ytwgsua	3a98dbffe3d5
1tm8izd36t9	8288502bd9c1
1tmluf3rk8q	c5f97f5987a0
1tmn32e9xgj	b003ddcf52d1
1tms8n793fi	f2280cc26828
1tmzao5kgr4	76040b2069e9
1tn6e9kekjq	5349140b7100
1tn7ny3c6vi	80b98bd35ed5
1tn7w21mmbs	081ee0b4fa14
1tn8y909wof	2be2830629b0
1tn94toja50	6f219bb83d6f
1tni5s7do0g	59864f7178ca
1tnso11w2si	e1d2fff913d6
1tnyfx5i79d	4a216c102898
1to414j2kvs	d6a828ef1a48
1tochwx8dc6	a2fd41bd04d3
1tof26u1sda	a669c8e963ba
1togns3n939	c79f941f8694
1tohq14ws0n	e5ceae5d8492
1tol08668u9	37b9096f9efe
1toncijcu08	48bf698e54dc
1tou2y7k6r0	6f83a4a02324
1toyd9do5ej	0c81d97ad4f5
1tp1f0d0i6k	c8f00a270637
1tp2liudz83	d97582da09e9
1tp35d6swnw	130dcdb12069
1tp49p9u8z4	2928fba896ef
1tpcnndyqwt	4c7c8b2cbe3f
1tpffj8jkv6	a0b7cc65c178
1tpha3ihkhk	eb328d79d8d0
1tpieveinvu	c9107bbf5b95
1tpm3k11iwo	7ceef2ee339d
1tpoxahwssm	96cc0a6a2fac
1tpp04kd2il	e817a6800acf
1tpp15myhr7	2871d0957d1d
1tps4cehyfm	07e9341de6c5
1tq3xfa45d7	2590eb570913
1tq8xgbqzj6	2b929ab6ed69
1tq8xhy8jgj	06db7807b0d9
1tqbdqy78x8	91e36b54ea53
1tqf458ld1g	a267bb9911e9
1tqk1ecmhd7	47dad75c46b5
1tqkq8tw5ro	f0c2d24a8f7a
1tqow3k3dpa	9100bb702b07
1tqvdznmwn3	c1712d0779dd
1tr2wbvu93u	f64ad94975aa
1tr4u4tpb2s	c7fba2aa29bb
1tr7dmhcmhu	11b19f22c604
1trasdnntfm	54ee475eb0a9
1trd0gojkz3	1738863c4e8a
1trgge882ml	3044b95bdeaa
1triq6g7f71	b52f6db7937e
1trnlqwhynv	baf02280702f
1trt4ea6plm	6e405fb6b712
1trxopxkhf	da67d26f54ca
1trxvka93sj	6a4728da13b5
1ts5xg0kzby	a043739899b7
1tsdnksbfcl	d121d45e7b60
1tsg92scxd5	9db0b8cf71af
1tswdptwoi	ed83f331357b
1tsxwn8nl7w	e8317004e79e
1tt0u9dngz2	64254f270f70
1tt0zu0bho	6961c89d13de
1tt5dnudkhe	954b1628a9e8
1tt9y9wpxnz	01fa257dfc3f
1ttbxpu7jdh	aefc8fba8207
1ttdq4m69s3	9a4b8a28ec8d
1ttjceowkeq	1a0b524d782f
1ttkdzsxunc	5b43d0997a90
1ttq8j7ez5p	d8cf132c9555
1ttr0myivn1	d727478f7354
1ttrjr1ldx7	26fe2c6a0d2a
1tttivkbqxu	4e08cf0f51d9
1ttx9b97bjp	12dd56ebfee2
1tug2p57med	4894c4908539
1tukrt3jeeb	e7d0e59be820
1tulib3kpil	8a2064b0bf6b
1tulp6judx	bba34ee788be
1tulwgaajcl	11dc5011a82e
1tusqpanhuh	e63a8559cce3
1tv1v7br81r	eae4d3371257
1tv2jp8koc8	db27c912b5a3
1tv9ijck9tu	911744ac724e
1tvegjbrais	05f19b0a5b6c
1tvhz35h9qq	55f2f2243f60
1tvmekvz238	3bd3a68e1c8e
1tvpm7ci9hb	66c73c42455c
1tvq4gf8x3l	5d82055523bf
1tvtlby87yp	152e33f30c1e
1tvwbpi3mll	4cfdc53c5316
1tvyvnujz9a	0fd7714a5497
1tw55k0kkx4	beadc7e3b707
1twemola1px	ef3a3ff8c90f
1twrtnmtavb	e5d34b5e83a8
1twtabjyaed	b8e9151a6ed6
1twtrdx35z1	9301a925b2c8
1tx1gps5blt	56695af215b1
1tx8axq1j9v	5f4817bb21ce
1txb0sup2n9	1946a45747c8
1txex0ge9bq	d96a222f0d9e
1txrbtcfeco	ac961afa8be3
1txscnx3h9m	2a173a8d7d1f
1txwq7164gb	fc89f40a151b
1txzabfqlos	e6036bf62757
1tyll85dmut	f9ec5f3d2089
1tyuyey99to	4eb961cd368e
1tyywimzdh8	08fae3c09626
1tz334ipnx0	b19906355cef
1tz57l3sc7y	a7ef2a919fbf
1tz6cguea76	170b1c544521
1tzcg3w9mae	2c365843b698
1tzcklqsy4t	8a58e6f6201d
1tze317khnw	4c1e202b925a
1tzj4190e88	9e2162d15a89
1tzlbfvo27k	d10133101d49
1tzph4lx2fj	fb0ef7239ce6
1tzuvjsb0rw	01c5387166e0
1tzv0ivz33a	a4388628cc0e
1tzxzcjihyn	b816a75f30c3
1u009qv4cbn	c152668d81ff
1u00rl21jz1	0bc50174cb2a
1u0175uq8hw	02f2cb78d583
1u0bz2l52mw	7d3746ba515d
1u0kqhidmmv	212161e0c272
1u0m9qwplsg	d303a3a0433b
1u0qvq7txn7	8d7886fe4fbe
1u1j9xq2p59	d4333d60c581
1u1kf08ytag	a810bad80f20
1u1rj8adjn3	9bb146383631
1u1u3q8g1jz	22c4a52f9154
1u23r116lz6	8d8a23994e93
1u2adfhfm69	fefeb0980547
1u2f7w0xoks	c1e384b28c96
1u2h3gc5kz2	f094877ad26c
1u2hxvtfun0	d37f308ec801
1u2ivhbcall	cba04fcfa370
1u2jeuso5xd	71bde21a1760
1u2o9ce3m4f	5fe299277bb2
1u2pj95qsjp	b71b0a6ff67d
1u2z62exu7t	cc344347ca14
1u37b85sa0g	123a66df2b0d
1u3ae0u70ul	d671528a91e3
1u3l9fy2ch	524e71acd2d1
1u3nzgcxvow	3f3bc7e73667
1u3pyi3ic51	098e7c7e4b4e
1u3qv08lk0k	da3862a0cc1e
1u3y8ug48gs	0ebffe00dc87
1u3zkl5pe0f	8ff75a4f626b
1u4amrkkxhk	5798b913ed50
1u4h29q6mb5	0947aea66a05
1u4hyvzf5dl	6739b7433d94
1u4jlgozs2l	778d821966dd
1u4l45uwbht	3066896afe6d
1u4ru0lnjr9	78e9e6fae44a
1u4xwfbdi4j	bddcaabd3fcb
1u5ix89zyvy	6233944fc92d
1u5nv5tm6j1	66876339343e
1u5rtsi3m84	d7c9e6b1fee7
1u5s7b6jzlc	8f2fc0e4adaf
1u5urbfbxbw	9cf3f1a31d67
1u61vpxnbf6	75a97cc53118
1u66f3wegl8	1e7877cb19a1
1u6jnbm05a6	22fac31bc640
1u75brwvndy	d64dd3abc017
1u799d306qw	58e5ae8a9df2
1u79wd6vgad	ef2efbdb6475
1u7ahsbjin6	3cfd89a18c62
1u7duxsbaf4	52ab8e6107f8
1u7ls3fg7dv	c301e5e3da03
1u7m0d2lf7q	07969bd49477
1u7r8knm6dp	7e5282686ed3
1u7ruxkq283	3e8467a101e1
1u7t6r9r93o	2947efbc30e3
1u7zo4gexgx	8c9efc03024c
1u83vkhqte1	4d8fe8329e59
1u84d10isla	df252266bfa2
1u8attc3ncc	07d9c4fe9024
1u8f2y00vrz	49c43c0e6c4a
1u8g2epuavu	4354194c0537
1u8ja1s9oo9	b3c2df32be6f
1u8yp64q5bf	1a199800dd83
1u93fmod2fl	222cb3ccf66f
1u94fp50glp	4f014d5ad84c
1u958zn5m8j	eb7fadfc23af
1u95qyzg6vb	cf3392d03e0c
1u9b52bfmce	21347e926ce4
1u9lotj0u6d	3dcf70f15000
1u9lqgokv5b	6511393d94da
1u9p5bhtmm8	59d724797b20
1u9qoh4c73c	853efab34422
1u9rfh7gt6m	e0d7bc25a54c
1u9uw5c50mp	26b427e6d3b3
1u9x91rzd84	4b14b02f02a5
1u9yry10q4t	3511bc930f5c
1uairo8o07w	92cb901219c7
1uaohfruh3j	271125314e7b
1ub1otq11df	b518f59758fb
1ub4ohdkjlq	18008a4736e0
1ub9ikz0ld1	14e663ced214
1ubb0urncwf	50155472994b
1ubcmqdf5pg	2514c042ead4
1ubh948dmu	6184affc8ce8
1ubix4lqpsk	ae7eb937ff63
1ubkomdsu5d	9b30de24876a
1ublr26guxz	99062c92a18c
1ubq5y1uou0	76b509da728d
1ubvbr7gjga	c96abf5d6431
1uc0pihtk2t	c7b159e64afe
1uc3ya3o69s	d21656bab487
1uc7neabg0i	eceb57af1b0c
1uc9rsghjtn	e97c5ffa1392
1ucfrii7xd7	a069a5a94bea
1ucho80nsi8	291d175a4ef8
1ucotlv7r7h	7badf5785d8f
1ucwf9m34d5	11298ba44513
1ucxa4tnbpp	adfb5ef344fb
1ucxooih7i2	080b07d1f275
1udcflzb8r	63218bb69bb9
1udmi5aim2g	f8dfac75aee8
1udtwynpksn	12f5f883a911
1udvw6mke0e	b3c05fa34bdc
1udys6glycv	ded85041a3c7
1ue08af2jet	a551220de11a
1ue4l47mvda	b8487af92adc
1ueg22suapy	cd25a635ca49
1uep9h1c46m	1681e0aa7fa9
1ueqcst31x1	5f39897a658d
1uevm8a4asd	a6c5c3062bea
1uf44iyrhg0	272cecfdfc44
1ufbwopby4u	4c14fac4fc32
1ufglyuv063	00ff516644c5
1ufhfr9exp0	3e7f28a01284
1uflnqm51pu	7a3533a1e088
1uftlxpigwg	abb2cfc7007b
1ufvcp66361	b4bf8941b266
1ufytp3ehvq	ca7fb0f46778
1ug5htklgdu	fc0c432751a3
1ugq8m8zwup	c8963cf2b265
1ugqc17twax	b8832dac9dce
1ugv04ubmlt	b658ccb07fa7
1ugwuvd6yo4	45cacd115192
1ugwvw825c4	19e78ab507cc
1uh2qndfxgr	b13859a705e8
1uh41ezfaos	78867c10ba9e
1uh5jd1esvq	2d20fa27f246
1uh6sxwmmfw	2a7a8cc63c98
1uhg9wa1wpt	f0dcbdf11275
1uhhqot2pg2	f45edb5920e3
1uifo75icb6	cc93fe08060e
1uii0tuhyq2	c404f1102c93
1uilap224lx	8b05261fa956
1uiv52jgr17	840568d52aa6
1ujg3yl51nf	6cd0059df95f
1ujglpfqsvl	ce734ca8d470
1ujj9pheeym	043069425d7f
1ujkn9d5mub	1c1a053310de
1ujn6pianhl	f9917bedbc7f
1ujphkgzh9x	4e9c988dabbc
1ujs8m34j2x	533f8ffaac2d
1uk2oeirtry	d5b07385de23
1uk3uppxxtv	ecf5ab848f69
1uk83ekjgha	838b7f83e811
1uk8f37vuz4	49a7e3e8a346
1uk8rxt1ct1	3bb07c0c7031
1ukhmeuy0le	b0ed2ec73df1
1ukk57334te	ef8054db807d
1uknh7wzlom	7dd6266b1173
1ukt7b6bzbv	de210f19a848
1ukt80kg035	cb15b5b324ae
1ukwulekmxa	2ed1e25f6ba7
1ul0tvuf12c	ca3438d9d052
1ulbax5hz7	6f032a214eb7
1ulizgrf7r4	faf2092cd40c
1ulps73ah0t	5472f938e6e3
1ulvlklfqyb	9aac4d4f30c3
1ulxoom77yy	54f224a578f4
1um58ghjmz5	652c2c206498
1um5vkrpcod	47dfba50d0a0
1umaxw0vhd6	08044985d91d
1umdhdpf62a	b46c988a99f3
1umm13sck8v	e9c44b6429a2
1umsfssc299	0c915867ccdd
1umy3qq2pjg	44524ddcb8ca
1un79tnljz9	5c1e1d440e96
1unatukve9h	a3279a2fd0a1
1unbtvjhlfk	fd818e710a34
1unhgnbltwf	37b848af174e
1unl7sjyeh5	9c84d88e761a
1unluwinzay	7859a0b6c8d0
1unyhlyi0t4	ff83a17d2ab7
1unzznt96er	705684e8aee1
1uo185922p2	151d44bed7ad
1uo27d10nkf	7764d35ca8ca
1uo2o5v1llb	0efeae925047
1uoemswcois	a12033d53560
1uofaq84dk3	4a38e57a04df
1uokwbybo3	7d57a425a796
1uoqs7vd17a	ff9327f96b2c
1upmyajaajm	c40af6cd6479
1uq2xlzt42f	9500db382b93
1uq8fkdjvre	61d2ef4cd46e
1uqa9a538j0	0869c96bc042
1uqbgz1blbx	845af295b9dd
1uqefqh5mz1	8042942245f2
1uqfata74a	689fdae01e08
1uqh16r9p3b	ac6fc8887d25
1uqjb2okd9x	b4380bd57146
1uqkhjh8sgg	aa547476eb42
1uqrzty5x18	f5e228248ef1
1ur4ak9fsjj	16f89a667aa5
1ur4cvry3pp	974fb2e24568
1ur83bmbvs1	1d38e2617ca0
1uraxx1y7wv	780784b54cd2
1urdr1thw9b	8a34317c3da5
1urj37ikbzc	3bc9922a6e3e
1urnkqxq6k6	6af7f1b1e5c4
1urw0wjry3o	1b813ef2a50c
1urzz6vldgt	2ad547a37c34
1us58hcpnbg	28dc703ff292
1us7jgve49	2318adaf3f02
1use2wez52z	ff0c6bee8e0c
1usgy6b9o6x	c4eeb146903b
1ushxgnjzug	021afdf4cb05
1usmr6pidzk	6c954922b80d
1usonstkt42	7a9a46acd53b
1usrbyvts4o	57e91967892b
1uszm1xyitf	8553b3d4929b
1ut0zdjfamq	16d579875aa4
1ut3xjru3qs	dc19fc330f2a
1ut44hod8vu	4a8def9599c2
1ut6t6nnlw2	824305d069e6
1utag75qwi3	ea16bf60a836
1utdptt909y	cf58d7f3453d
1utiey18iul	782d3ec6fd91
1uu3pigywif	adb1ed272c70
1uudtht7b0k	2c6d38d28294
1uugbrm5v1	36bb4ddaaab8
1uui8vkiift	35737c9d3634
1uuk9oxgcwh	2e4e14cf7d22
1uulcgmmjsl	552309decdfc
1uuo7w8d8ow	6bb43260dd6c
1uuptrm8jlo	80965b0d1911
1uut2hv8176	8c94c5b1fdc1
1uv42lhe91b	cdfb48cf90af
1uvfjb86plh	68ddff7468cb
1uvjjmbm5or	0dab82f31fec
1uvrmkx1n8n	fde494a2c699
1uvsvjl0o1y	dcbc5ede3288
1uvsw8gix12	764c32199c35
1uvx43c1lhq	abe87ecb17a1
1uw5v8tloer	9a2471a9b709
1uwshyfwne8	5e70b739e888
1uwxbk32vep	e0f184480039
1ux1ejwt47b	3c8748cec99d
1ux7xnax4q9	1ce725d714be
1uxntnxjl23	aceffefe84b8
1uy0h8qekov	128c7d597893
1uy0rt066g6	477042260488
1uy1sumo13z	5f92a61e6d5e
1uym88xyt39	ec1ab65d1b35
1uysryrf5i0	fdb85ad25a96
1uywc648rph	a886d3b5907a
1uywfhvxdf9	e27733300282
1uz6xasvdz5	eedb4a824569
1uz97cgu41k	2fc5affd5caf
1uzbu93pah4	a10a29871b21
1uzi3ey9pdu	a8ac5849ebe7
1uzqbf4k9zw	e7cee61a8dd4
1uzv96sunso	e3c0148cd954
1uzzdiohaw6	a00947a419db
1v00amn7xva	d3f2d8adde84
1v046hx53j5	51eed0573ab4
1v05ys9ytmf	aa36429fba06
1v08mvw2zrs	014eaa88e83f
1v0a4l1oi28	66d7a55b093d
1v0busmf1q6	e5509c646ef9
1v0fagdju1o	f76892ca1756
1v0jhwkg1g3	cb895aa91f84
1v0kovnbsj	bc16a4383fb2
1v0nr7mj51y	a283aa309c78
1v0qtvgejnw	1596001fe2f3
1v0s2krg5uk	9f68730f4b3e
1v0y6806dvm	ddfea0a3f30e
1v124z6yli8	288ea78bb01b
1v1blr0omh9	edc536789aa1
1v1hzl3qv8u	9b3dad76a207
1v1i24wm5ms	1f4298593e8c
1v1pe29v8ph	559da7b41dd6
1v1uh1rlcmm	564e99ea2ddd
1v2efqcpui6	d53b96eba7fe
1v2il7zj3z	e3149d118a51
1v2lh3nyl3a	eba6493b775b
1v2liksmgfi	dd33ee85f668
1v2ls5x198a	b042e248b161
1v2ph9g3tfm	54ff2a4de513
1v2t6rypkaz	7a2953d3f6bd
1v2tb3z0i5	367c03a43dea
1v31861dp4q	34b8497461d5
1v3b5z4y6w9	66d1a516950f
1v3twwfbe1n	80a800be9118
1v3uzi8cv53	f1c008137cf1
1v3w9hwtd95	b756e992b57c
1v3ymr5t8tj	69bd0060f5dd
1v4ebx23c7	e9a1c51d45e1
1v4ehaumo44	08f5e18091fe
1v4htw6xkma	e75a094cfa0a
1v4q3js8roj	a8497013fa1a
1v4qbo16eqx	03935b1e7186
1v4s2v17c13	6836712d0026
1v58p8kzecv	5d13d1dbe311
1v5b6qcuyhz	e1803a2cdc4f
1v5carxnwwn	216664832cfe
1v5fk6vhj2d	ac43b0e25230
1v5me0lexmf	a238ba76fe89
1v5s0phd5ph	27e833f7ecef
1v689glhl3p	faf5d44bbfb4
1v6dohthmeo	b3e5d5a0a1cf
1v6hv8jx531	3954c3294edb
1v6w4xtlo5w	934a0076350c
1v6xcqafl9r	e56c21c138a2
1v776vy3rav	10083f5fa3e4
1v779kpcopi	f810cf83912b
1v7ccljax2w	cd655f9810b4
1v7e564zciu	be08887febd8
1v7gt45sabc	102da16ef10e
1v7lttyr0mw	5a42a3d95108
1v7mi5y4cd3	59438ae48f1e
1v7onwoq7fh	01101a17bb91
1v7py8e3pwg	23a7f9c14977
1v7uodwylsg	6b1dcdfde5ba
1v7xlui0fx2	f164543dfaaf
1v805vlllqt	4aec755abd9f
1v81gfdxfyt	5b523bd07cec
1v8ocnrf4zq	f708600dcec1
1v8pmj9nko3	6a7142d0a67f
1v8vi65vi2n	c1ade1b9e143
1v8yea663yd	3ce871d2f1fa
1v92hqwd5vo	b950990dd8c5
1v92s0mbaay	5b7c80d3f0e2
1v9731634qn	2ba4b7c71428
1v9b8fphoi2	f04b13a7cf8d
1v9h5j4wz6	7452a38cb139
1v9o94l1318	ffef6128ad04
1v9p1ecfpwh	ad16c6d977d0
1v9r7cr7nv3	8107abffb070
1v9u9sa0wdz	3520dd7b9c45
1valponksqv	10e30695a87e
1vaom3frwac	aec963d1f1a0
1vaotfzgqz4	8f7ea0f90002
1vaprf011zc	ad0e94c1beef
1vawfs21y5q	f441253eb6bb
1vb6i4jy10d	083cc5cd4b42
1vb7vf7z036	e9a93cd64832
1vb8yvczjc7	9f6c364dcf96
1vbi3lafpf6	c75c7a7130f6
1vbjebbi2en	13a3ddbbd3d5
1vbky8cvk5h	1ec6b6b03d99
1vc8ncp0rer	ea2ea5d8011f
1vc9nip5r8d	380fc5a33f84
1vcemh6z58j	c89e0ff4d7d5
1vcepwsbv0i	fbe6c8c71e99
1vcjsuxclxf	f8e45d97154a
1vcmwv4h0w	3832f1167a4b
1vcnc6u9zb5	354b08ee1727
1vcp8rpzq6g	b3ef63888b2b
1vcz8rw23rs	b292c3bf90b0
1vd4ehy6t3o	290b57c8ccc4
1vdmmii17qs	65bb5640120e
1vds4kb4nyk	774ede15fa5b
1ve7o0khbb	868c5389f6c7
1ve9vbwcbyy	12150e98e6a9
1ved9p0x3dp	96879175b918
1veguprlno7	16d53f173058
1vep6r00q2w	fa73d438de47
1veqbopzev1	412060a57f62
1veqkx7jpf0	7a5e14bc8a2a
1veshl821lc	c2c0de6fe76f
1vesl7yqula	4e8e3cd0be8e
1vespudf0ov	504fd0cf9bc4
1vetboswepx	6fa3ca575dae
1vetsz4idnk	1a1011aee647
1vf0ux4m4hf	0932eff6cafb
1vf1u1mdr12	03d308b41ba3
1vf241jk6vt	90ff25a58baf
1vfa1qzfft2	42d45bd87938
1vfgphj4vpw	6eba7b8eae19
1vfgrs5h81r	33f57f4fede7
1vfpzhk652q	04cdb6c0e65f
1vfxd7r4a38	6b8070334bc0
1vg0n7eqzvg	593f69289320
1vg2m3jfv4m	fc20637294d2
1vg72qf3a3c	d90f2ca148b1
1vgciwuqw3w	2233d9fd24ba
1vgdfkanaqk	2efea1191af4
1vgjshggt1r	255f1b63d9b7
1vgslvbwuts	4baed1ef5321
1vh9y9h7hc2	60aa28b26134
1vhb3p9bwi	28f448636aa7
1vhfe6tmucw	0a296f956b6c
1vhhrdxy9vo	6635d68d63cc
1vhj0xk2ew0	6fe5bc0e1377
1vhj930rhlj	a642d77eba3f
1vhtvookefd	bda7930c6291
1vhzrerk03b	63f7f87977d6
1vi6nt1zphh	89057c91fcca
1vi8dk08ruf	6777add6d146
1vi90a6xn4t	351bba30814c
1vi9ezgejs9	ce4a70043db7
1vicnmtx3nk	72de4baf14e6
1vil6he3ih7	fd3394a4b5d7
1viqja4fcgv	4969bd0a4779
1vj3736bymu	ca94a70aa1cf
1vj3sqjcgcb	bd175cafb0c8
1vj64tce6bg	cae9f8dcfe19
1vj7dn1es6m	80224c4f748d
1vjfytlipir	a70a7e46ac2c
1vjgezykont	f6538da073d0
1vjh4bs41ei	cb5f35413189
1vjmrnv1b4	94318d0758e7
1vjmv8tvx7o	064569d38664
1vjtg2k6d90	21116d8f7bb3
1vjyw9kwowi	dc0ca6c885e7
1vjz9earav5	03b51e3b816b
1vkbv1bbow3	0d2444df5ebb
1vkeghyekmh	e9eab46ee471
1vkkiqofzrt	83dbbd5ac81e
1vkkjolspq0	27559350e432
1vknkeg6gy8	00dd9efd3855
1vkorr62io6	039f899d091e
1vkttja2tc4	5945412a2294
1vkukreupek	b0ebaaaed487
1vkyws3yq0y	caf9749fa3a2
1vl0jvspgxs	cd1fc1c07301
1vl2arccu93	7c996391a0ce
1vl4y6p3o9m	656052f58eac
1vl73n1j9gt	22b7878da4ca
1vl8cfyx6ud	576b41d630ce
1vld9p8leep	ee44165cee4c
1vlddm88xzz	502454504e82
1vlec2v4ios	b4ed8906ca2c
1vlgqrz0fqt	dbf29daed9e4
1vlhjbqid59	e93ca0bbfdc9
1vlkc664esu	804378cce67e
1vlpjcau7ln	d172c20a67f3
1vly425qd36	175fead18c32
1vlyccj6pf3	4f12779c2770
1vm0cltk3f3	3340a144397b
1vm18q954y8	c2f85c4319b3
1vm3jk0lo0o	cfe41264359c
1vm6p4orza	9b1bb04ec067
1vm6sx5bhrs	4af7a2d4fa97
1vmb8zq71ap	93a5fab56f48
1vmipk8dve8	ffd723f071a5
1vmvf3rerlb	b5929fa688cf
1vmw6f0ee9w	4f19bdf5e283
1vn3n7ebdky	7ce9c08d388d
1vn9lqn9d8	ee68a92cd55e
1vna5y86tu1	45296bbc30ff
1vng1znzikj	191834cb257f
1vnoghmr5uz	417cbe65e24a
1vnx9r895kf	3549028735c0
1vnxuzg82ra	8bccc1598d36
1vo3p56nt6m	dc20a3d43ab8
1vo4c41f3hu	3171602737cb
1vo9k3a8tys	f8c9ff4b3c7a
1vof02bkd4v	c6a7a43dc0c7
1vohu4ib2lv	b362f90033fb
1vonqh86vi0	9005ab6d9a24
1vooydt8f2	67271b37ecf4
1vosutauuch	7eda7a62338e
1vou2pz2rkh	2523bc4bc806
1vovemwwo43	29f34ddc11ff
1vow0bojczr	026c307f6fd1
1voz45lrrp1	7bc61f2b1ac5
1vp2fk11te2	f4dba4563471
1vp9ljislys	0247ccb40f9d
1vp9w2h6jgu	fef3d132b5eb
1vpe0kimp15	5f2de236a68e
1vpk6sg8t81	e529eed17c55
1vpn3j6p3kq	d530a972c463
1vpwpeggak0	2aa6ff25dbae
1vq66f046rd	46984049829d
1vq6v66hoys	6e29d1d9aefa
1vq9imeztpm	2102b753d148
1vqali3x5oa	c4fc5d72a00f
1vqbc09nczr	b85dadbb1dbf
1vqcv6yqnvk	560378797408
1vqdc73sxl1	55112081ab67
1vqemnvxwd4	af72520fde5d
1vqi67tam3j	30805308895b
1vquq8kjnan	522e88b6285d
1vqynurud6y	6e21f5c429ce
1vr0w3oggw4	609f1f575926
1vr8omha3zl	861eaac54901
1vrdi6yuwxj	973a94ad99f3
1vrftrv9xqi	c3d8c741656f
1vrikd1u83x	0f3afaa03929
1vrrv92p4bl	683fd0218ffa
1vrud1qeil4	5e5aa9e49e13
1vs5zue8m4h	639050f66d83
1vsdp3hlx5b	14bf7e356dfd
1vsgz74huw8	29f4096cf5c7
1vsh9guhvs4	5e7d446c13b6
1vsoh5cjoud	572f79112ef0
1vsu9r9oz6u	43884b549aa5
1vt4z623sg0	97cb962bef01
1vt8vzbxl5h	68bb228ca7b4
1vtenjr850k	4c38eabdbd53
1vti88kubxe	fd0a6fe17342
1vtk7thpm91	269ae81743b0
1vttftbozrj	b8a37a7f49e2
1vtzzyu0el5	76955138b105
1vu3wduz84d	37459847d1e6
1vu77wa2ouo	5b6e8b22a658
1vuhmwueoaq	35287750527e
1vulubxa708	196c39c029ff
1vumi56moez	f9366e49b952
1vuo2vhadjt	a2041cfff84c
1vurj12pfn8	7cbfc1dc3b4b
1vuvr51wju0	f59f0b976989
1vuwlxaa6av	55714c79977f
1vv5nwthcmh	49c3e7c8ba76
1vvalxot4ur	e8e52118c2c8
1vvd9xsvod8	36fcdc603aa1
1vvebo13z0t	1a368ea263bb
1vvefgwaqgj	213cb53440ae
1vvfk923sp	d08c4ae9f89e
1vvgejqonio	96ecd1b9b9f6
1vvm6m2i2jh	d933b60ddca9
1vvp2v93ror	c4e58b29a6d9
1vvq6klwiy1	f61d16ab9e87
1vvx05fpz7r	51089dd9ee3b
1vw0ds4logs	9de4d64e4526
1vw3348jpul	ea40fab2c79e
1vw804e0nal	68ed216c439e
1vwtz8ieb7x	3a311cc6037c
1vwuln9wq6g	c8378548e171
1vww5lw21q0	d924b531fa14
1vwwoxmv7sw	89b13b7b06f5
1vxcz6ei0vz	27ebc2adab22
1vxijcnhbwk	1a303f94dc90
1vxk4akcck3	3161d057473e
1vxoqxggguq	d6dc22572b1e
1vxqb03tlhx	2e85a2f9d3af
1vxrlwf50z	c83b3b723bfd
1vxrw1i7nux	f5c0b5a03e79
1vxtnctda4e	96c012b1cd13
1vxtvxp5taw	139a18f93b5a
1vxxcd9v5ln	6e8480edfada
1vxygelb9gd	bededb8b1cd9
1vy7efu3dx8	278b17a2f188
1vyb278wyyq	b6b5c387bbd6
1vyhxo69fmm	fbaf06bcce75
1vyjf7urpdf	88e7257d00d8
1vylbx8w8tm	5bf0027266f9
1vyldxyuwed	57d8678eb7e3
1vyqlf4sety	3e487ff6254a
1vyymababdr	7ed8bb807b27
1vyzwzbs7m0	7acf7a041067
1vz11e9j7m8	49d0a34cb350
1vz2gigjosy	7e7e2b1bdc78
1vzcjr54q5u	d5135416af88
1vzg0jivtll	b1ec6e05917d
1vziubw0bap	46bd5d054a1b
1vzxms5kaqz	98a4f3b62853
1vzyaxy7qk1	cab7c801d15a
1w02xyf4ejm	a7f950fe4630
1w0fxsudal	ad836aa18bd5
1w0xhwh0e9o	1808f5ecd0cd
1w14yy7dk2h	824f3583a8d1
1w16ogrtkj3	1863b96100ee
1w1av7my7b0	dc48dae631b5
1w1cfiffpx0	0f8b18e5cf25
1w1hy39554	80c75ac4d9a4
1w1jfszxuuv	c6f198755779
1w1k9cahto6	c4ef5d00d700
1w211kvwed1	c8d4915c5cfe
1w21fdzue9a	bdb8549f4f5c
1w23m1e0rur	a0f51f599ef1
1w2ea33hxi4	5fb146f42be5
1w2eq10bg7h	74ebdf9dc77d
1w2hlzge9qp	2ce7fa96031e
1w2pdrb4s2i	9575a7b2b82f
1w2q0yw7tcx	3b91a5cc8d3c
1w2qssycn1q	bdf4ea80ae2b
1w2v5xappj4	32398fc73902
1w2xp82ao4c	96bcb816e823
1w35c101mud	6e54b8334c0b
1w38o3znsdy	6e2ebe2f1590
1w3a75rev3t	1a32daf8dc48
1w3hil570v1	c1144c0a20ad
1w3hjepgz8q	631ff6297833
1w3mb9qu6gz	0b731ac1d92c
1w3rymqkm05	07c21806ec9f
1w3s4sk6jjq	43b879fb6636
1w3twngix04	d0e6b22721c6
1w47cq36up3	4c42c44e6c11
1w4ivy1z23m	c51345b3cb16
1w4kbl02ik	f76a1fcf051a
1w4ouocnnug	dc0ce76dc87c
1w4z5bv1xbn	a405ea5869a7
1w55w1amia3	eb3b8ccbb721
1w5goovzqfw	5084c1fda408
1w5hans6z0g	2b71e5bc1f54
1w5ihmzgdtt	a5f5136e22ff
1w5trusov0l	45de673f5273
1w5u0zk0r8i	3b9516000824
1w5u5jfenau	5d00dc51f295
1w60lndzbe2	7521173767cf
1w6cikxyfnx	27e5f37a91eb
1w6de54ps3l	161246961607
1w6jmv1texe	2cc274dad134
1w6kx4wgj1l	6123e9d5f95f
1w6qml97yop	71df049fb977
1w6s88twcr7	02709d43845e
1w6wxsgyrgv	1860e449589e
1w720xzanar	be5ed19b5df3
1w73q9tan1f	db0e3cd984ed
1w7ef5ba7bp	69916d357e44
1w7l1vxhtlw	a5868e03e2f3
1w7tgh2u5rd	e12543d171ad
1w83au6zpvy	02d144d50d6e
1w85xqx2438	9fc447f0eee8
1w8e2hpwqgo	0b8942871d07
1w8fnad3zv7	7b921a7f8ab5
1w8glrofjwp	49526d7a0d1c
1w8ivqb1rig	32a7cf2f951d
1w8q7bbiwbx	ddda15ae138d
1w8r1hpyap0	829af5158242
1w8rwy1walk	21f92394ab38
1w8rxgge493	f1badbdb9577
1w8w969w6i5	b5d984ba1583
1w8yqs7khzr	8844e2da2f2a
1w8zbhyhysn	14919bd2ea8a
1w93ddskqcz	cf08a027d701
1w95b6rz0hr	36231709e272
1w9dv1rfaun	59af5c44bca5
1w9gglchv6p	c1fd4ae3f3f9
1w9jvavqxjb	55a8e8955a20
1w9s10eug5e	d3d6c5126f5c
1wa18m5itvl	ff7fa5881f96
1wa2yerw1xp	4750939a2a24
1wajfv0taf3	2dfd12c6ac4d
1wajoc4ap1h	04c448c9fc46
1warkgyt6pe	c62875c3a67a
1wasmgske0g	b63112427ffb
1waxiybgg40	6511782f8331
1wazkuofoj2	ffe5b8374c5b
1wb16ot240z	0f1c4c72aa5b
1wbaza95bdo	7cd1d723a949
1wbd9imlbp4	6ed4da0de05d
1wbmdhz52om	43ec36970e73
1wbmyzy3c51	61cc07897f8c
1wbpq32kgtw	04ea50bd3ba8
1wbqzzj1xus	bf8e758fd93d
1wbsxkdz95o	66d1085c1b76
1wc9lf4itfu	28f120431d61
1wcactqaxuy	4ba710c04093
1wccc48tn1d	5bf25c975cd6
1wcd24k807w	6647dc203b7b
1wcdtz1a8xm	36e089d01330
1wceuy4ydtn	82286acb916e
1wcfq4qo3k6	75aaeb7b0916
1wcn300wkao	e8fb121fa917
1wcn364ebtw	a7c325fe0e69
1wcxfq7zhri	b214e577e730
1wd18vzltm0	49b2c919331b
1wd9wslq3v2	e9116425d124
1wdc1dnrg2e	442ab8037d1e
1wddnymt425	77ae95fe706b
1wdgouqnl3q	e93b18d098c6
1wdnbcqmmif	9d69bdf28908
1wdo8jlj6dc	49fa4d66e847
1wdv8t1rf67	d41e45c7a1ee
1we3gkmgzro	1482d2a4e325
1we5py0t46k	a201b1cdf5e8
1we7wyp226x	97b0cbf60d19
1weaj4qd4u7	7066eb8898b2
1websgd1k0e	62da4662c90f
1wew7crq4qt	f20d10d20c4f
1wf0kvb1txg	3c5dbb6fa9e3
1wf2mv9grgx	f27fd8fa8822
1wf6axmwnb2	ef2ba5940f64
1wfin95bfz2	84a47eeb557f
1wfj64eljvz	5d3d4559aa2d
1wfnujrms1o	a429116623e2
1wfp53c2vnb	a043cf163ba4
1wgkdgvoewt	93d6eac26a31
1wgma37k7h4	de76763fd9e0
1wh442x2npk	8a9a4d756a46
1wh8p9ebd1l	52b9eca597f9
1whgwu3bxv5	52bc25703937
1whlr2nwevh	aaba23785c44
1why7khnphq	03b1e78d55b2
1wi0ky0xg37	2d2b1570af3d
1wi2enay8a9	4b4be4f82279
1wi35py9b7d	d4a1373707af
1wi4hyiphzu	7675ec1e36e5
1wi65cqmidy	772f493654c0
1wi6bi3ip5w	1fddfcb39081
1wiasm4xrn7	b86d0f6b42fe
1wiedy2nau5	19e1e729e078
1wifeokmbae	9a44d70d7951
1wikd51qd33	007f08ac1e29
1wiobpiyp7s	8b008f5dfd1f
1wiqwsydtir	29a35b279583
1wisnulinsi	ba9f025505fc
1wj032qj4j7	f7cc4b109e72
1wj4ppk89e1	58e21ee8cb53
1wj6rjpc1wz	550a043a75ef
1wj8eqopb9m	d51750caf882
1wjd05tk90z	ba8d58fea6a6
1wjesw31nye	625b99ebc339
1wjfcczq27y	d596e70b6255
1wjmk1lm2kq	24a43f8aaaed
1wjullt50wg	6089b3d69ad4
1wjx9lx1gsf	8c617c16a3ef
1wk5pcn9fzw	c98de3426a57
1wkao91rpo	265fd0827957
1wklcy6ttqs	1c37c534e176
1wkpo2auo6c	38ddf46f8439
1wlijnakop	ee223766bbb9
1wlmhwtmvwj	d9742e1ac0a5
1wlqb6mhy6r	6702585847f5
1wlzjxdpirx	197476f70a4d
1wm2vto6akv	653017c1e4bb
1wm8jcjwu1m	cfc8ac7de20d
1wm9dj57x51	c9d837640b84
1wmkt0sxmlf	a835d9284be4
1wmn3v28cig	132d5920178f
1wmo2e3ivl7	2802330a0adf
1wmuzblqpw9	3ba6410fe44a
1wmv6oqpt9w	dc4179562b97
1wn121bwk5o	6ad86c7ab0e9
1wn1vfyxo3z	9ea22355e0a1
1wn7tz4vq8x	fb02336a54ac
1wns8a0kfx	f14827c315f5
1wnvf7nmfh2	bf427c9115fe
1wnwk9ysscu	3b6604738a05
1wo4cqf5gpx	ba952b0635d5
1wocfard92z	4521070431fc
1woez1i6vhj	37e2735a353d
1wok9zkw3sq	684465139be3
1wozkqa055l	c1d12b7630d0
1wp4f460lzk	1335ddc7eb56
1wp6066te4a	f3f7488b9d36
1wp7fq3qk8q	40b32e8a9b2a
1wpf6exqikw	6cb9ca1ff374
1wpnd3mgxmi	0b5a6268435c
1wpqilsgrln	3908a6ee3910
1wpqpjqdhuj	5515f18daa09
1wptswy2pm	177fc513d4aa
1wq3vhg1eo5	08f4bf233676
1wq48g6m7ud	71b8798c3c1c
1wq69k1o1y4	c9e8254e44f1
1wq8g2pfuei	ea0552f70cf9
1wq8itx6fht	48c36572eefe
1wqjlxbb2uv	4b980e77c9ed
1wqjucnfk5o	05461eb9ba22
1wql8l8q69m	350399c8448b
1wqxmgqexfc	0f798902c551
1wr0k2vvwxx	4dc1fb6f8276
1wr2h16vqql	132a624e6ff3
1wr43wopthm	6181dc1acdfa
1wrf7cvb6p1	f6386b2a1fb0
1wriesdjisx	8667d9a4d538
1wrlxmx3f3n	16a02fb08b14
1wrnere9xsg	e8b7b546231a
1wruj7v53c8	cb549f35705e
1wruq2d812n	48a1c4bd1db7
1ws09o6jin	2e7480163eca
1wsbdxs8een	6a4938b8ec48
1wsbparnvyb	329acfdde74e
1wseb1ezzeg	80d1b06d722a
1wsm8fhipvk	ee956ab7e81e
1wst44yl135	6f6ba62e2482
1wsxqi5yieu	47418be6e7d2
1wt3jaex4yo	56fb75bb3adf
1wt5odv71w6	e87fcc118dfb
1wt7v2jpvxi	d8df02defc75
1wtbxsxkdja	cf3c912057af
1wtf772m7zz	1e370c26c320
1wtiovz6tne	5a3b894bb1f6
1wtlcuc8agq	4ea3ca1cfcc9
1wtlxzwxyks	d2c006fb2da6
1wtogdtd4fa	fc20117ae38e
1wtqv8h7137	c382226b996e
1wtr3xsoyx9	e1c2986f7fd8
1wu42hdsa7w	93a88b0fbe77
1wu4nt0y7vv	16564e45087f
1wuecoavhae	267b60a3d9f5
1wugmgw9ocu	d30f6c473f21
1wujy0g1e9i	02f2cbf20e41
1wutsipjvn9	bd60d9dfe3aa
1wv0w4ynewg	0d26d37cc2ab
1wv1s0n1c62	1be77172d92b
1wv2s1nlw	0b75495c6e53
1wv31wq67ya	c2aa22553fc1
1wv3djcg5i0	1fe3fee85fc4
1wv4og9ov6j	d1464763d069
1wv5tekgj8o	f9293863f80c
1wv9eiacjfx	134535801f57
1wvaeor0mz3	31ddabf05d91
1wvh6s17qrp	bf413a1f5fcb
1wvilvjx2m8	bfc19872707d
1wvpaxk101w	81b8e17d60f9
1wvzlp4c6x3	21f402b3613e
1ww0zq3dype	5afb1780fb47
1ww9bd4tlqs	cd3dd6cae169
1wwkpmpock6	044b05f7f759
1wx1cc6kjtn	ec1bcd749c81
1wxaxefhu8t	925819d2fa93
1wxkof5oxnq	d9ad6e10ff47
1wxladklgkz	ab4df1e8ad29
1wxtk4n2uaq	90e5f803802e
1wxulcxaaqb	90dbce90a394
1wybce4cfap	ed7e61b666bf
1wyjxfviwm6	11e9c3455c0d
1wyl0b8yygp	5761731cd06d
1wymjr7ge26	c39d1adf855b
1wyrtnhogth	5a7060068aae
1wz3y53fyyz	8c70c1322979
1wz6htcmoys	a2f05e91de9a
1wz7n3djclf	0981e3c969e7
1wzf3n7vqgh	753cdac0837d
1wzlkztapbk	37a9521109a2
1wzmognmxcu	bf9c92f4bd83
1wzp1gjqvnb	694f08136f04
1wzrftu61vi	885d6c837af7
1wzvdzz74l0	3fe093a5d668
1wzzooh4ult	aefc86b12f73
1x02pywp7d1	2c5c0bd8f9c9
1x07e6j5pyt	666a20083b38
1x07gx0jyfe	36dc1410c0be
1x0d629wcnm	467560f2e75a
1x0twjkcr2h	17502705d3fe
1x17dz87bfk	d86a9ff4b5d5
1x17rolf5mc	df956caa555b
1x1dadvfs0h	b91654ad3f9e
1x1ezwz2ah3	4c5fe8b770db
1x1gqb9016z	cf298b20d278
1x1gzngd4om	a5948c5d1f85
1x1nilmf76p	6d91df78a4e3
1x1pdhlwp4f	547fefd63c5c
1x1r0u9a7i4	1fa56fd00952
1x1rg86213o	daf99ffe7dc0
1x243bwewya	7d3c04648c33
1x24bm8kd8n	fae15963e55a
1x28yjfspvv	f922fc1a564f
1x2qb20ujr	bca5356f63a1
1x2riinikt0	5d350f695044
1x31v8821z8	0e54b74e73f9
1x39jarwhc	18f3647c3214
1x3fty0ae4y	1d9bf64726fc
1x3s0qsuvg9	1104290ebf4d
1x3sc3lawso	1fe636816d81
1x3tsvh44wm	d3c57bcec85f
1x3xk00smer	4e951ba064de
1x3yv20fljj	fd5e7c1847bd
1x40vnptw9x	6d9f63b60b6d
1x4383pdhbl	76d632b4bf17
1x4ankgkqf3	52f6c5a8e443
1x4hvjs8ue1	3fcfa41e1dc7
1x4ieejrio2	d94ce783d85b
1x4li5uppwk	628197a9159f
1x4nzjxugmt	641d0775e7ce
1x4ovt02kvw	417ebfaf4206
1x4s2nra2gr	0b7ddba04034
1x4tijmf8kf	9ed06bf1ed3c
1x4w1bdwhnb	3ca978a42120
1x53o2op9hj	9b40b3cb8f73
1x543xx9elb	9a219823d318
1x5d33bmcva	d58bcf1b191a
1x5eiter0jg	c2dadfc70415
1x5j6rugxvz	cb2cc5a8eda7
1x5ka8cmw2v	d9c27d2f1452
1x5r22ui4cv	4798c0cbe2fa
1x5v7el38f	75b798ade988
1x5ypq1tuuc	6f1b2390c551
1x61gkttdys	0e840cbb3084
1x620gknk6s	41b3683216ad
1x689co2ck4	11c8abfc25d5
1x6bwzgmz6a	bbb6ae32afcb
1x6cemwoh1x	0cf6432626e6
1x6nnwitty4	14c78813c2f6
1x6o02080fd	34ece303ff18
1x6q866dmfr	50b4406247d1
1x75wtw5uy5	f6312326b4d0
1x78pldwxyq	1bb3b59495e6
1x7czk2sby1	152597e2eebc
1x7kn181m5j	efc2c516049c
1x7kyqkdi7c	8b0339eaffdb
1x7tqpyvf4w	edab6a11b6e5
1x7vdspgx7q	2273fcfc86a5
1x82lg2sox5	a2b9d45a24d7
1x85024l75x	c08d067907fa
1x85z2esppg	40eeb2401317
1x8ozdpjvfp	f00d6cb0d014
1x8ydlqdcxw	64c05932472a
1x92iz8yf2n	0bd65fe8d51f
1x9iftjx15g	cd82726cf35d
1x9tb2jx1na	5410800e9aad
1x9tx8liwhy	1e82dbfacc3a
1x9yydqkfny	79554ffd099a
1xa5gg0b9cy	b27f13dfec92
1xa85ua9l64	38a8babbc861
1xa9p0no2vl	1f5fc174a65f
1xac9wjikby	5671c17b0392
1xaivhv7n27	a3d7b65d4236
1xaqf3rpx2d	d49c5b3bc795
1xaw42irq95	5d135971f5af
1xayrylpegl	2b7d9e704a69
1xazhmcxm7p	8f26fc7d6f93
1xb113a8qv5	df7ce76fa8c8
1xb5d064qk1	3b361cf61dc5
1xb6e69rknk	ced15f817deb
1xb6kzf9xcw	037b674bc2b9
1xb7xuea7wk	ebc7233efc09
1xbhc0odgl4	57fc23b1b803
1xbofu7lnlw	36f1d0133282
1xbu75xj7kr	ac6c960252fe
1xbx3snpone	3bdb93c4e873
1xbysbgh9e4	c40f4b85262c
1xc0n6bcelf	5ce012b92679
1xcdc3wxj53	36de6048ee89
1xcgu04q56l	b5393e475d3a
1xck3474sl4	facc668a49e9
1xckjz4baa8	ad1d6137fe5a
1xcpfnrr629	611865de1b12
1xcsudoib40	bdfbf364db5e
1xcsuy5o23f	63e29b5bab3c
1xcuki5vt0j	f0b8256a9113
1xcw5zncbya	f96168d11d31
1xd4b7w1oam	28c267680c54
1xd57wbrcz	f0f30cf84546
1xd8ergxmea	b5b39911ad0b
1xd9tl4nb0	6bd173a679ea
1xdkl5iu40j	7161993768f7
1xdupid34xy	2b77f5e52e01
1xdyzvzendz	a7a0d9babfae
1xe6sdrryx9	6cbc8833340f
1xea6s1i4vx	d4e0f7f63dc0
1xeh0vkrfdg	043c331b662c
1xeko9qkq9h	cf4271d11b36
1xesvisr2tr	e57a3871e3ba
1xfkjna2kos	7dec16020ee0
1xfp9apyl5l	b3fc82154a9f
1xfrcgrhg7u	c18a6026ad4f
1xfwqoh6ijw	33f80666ca2d
1xg11ud2cle	8b28e0783e14
1xg1s05jscz	cdd0e5f5bd96
1xg39yv8xxw	f3281e9969af
1xgcw1yny4v	ffa291d2282e
1xgfqjfeiws	e990782d3e97
1xgfyp9gwsm	b23cef47263e
1xgj5uz8lfu	b36550499dbf
1xgjmqv0mf5	e1fd3a5b5e6e
1xglqtvn5om	afa5311f53a7
1xgmgo2m7do	8061b6392e2e
1xgmjkdz9i	ca15c3f27677
1xgnemdd64v	01cabf21128c
1xgq7eaxx9g	0bc5e72e744b
1xgzlsel3or	672a52c8d82f
1xhck9g5f3t	893ee218bd62
1xhlm6ngomx	93ba67bdf4f9
1xi5d4hp1x1	7d2af4c2e69f
1xibfgweoid	83e5fc97e6dc
1xig6djetit	093358a0a61b
1xig87i8x9j	965901657364
1xihchs5q6c	f5e66b7351ee
1xij2ehmojc	34618534ba38
1xirqvltudj	0da740bcb38b
1xitki6xdav	27bec58ec9ba
1xixehfx528	ed5550b83226
1xiy1h65s2w	0d76791a6afd
1xj2axnnt3y	0cd209c88def
1xj2me4w3kz	f13935dbf69a
1xj2sjr1jwf	d4bde079f527
1xj3i6m1xvu	e822ab108a69
1xj4lo7rww5	6f6c9dd5f4a7
1xjkx255gv1	7b69d50a199f
1xjp1pefbbx	0e8b8368efec
1xjsfntzwq5	9cb92ed310a7
1xk4y51a16x	16c2ee3990cf
1xka002j2be	28919982d5c1
1xkre272y5d	62820089905b
1xl4c460iig	340875d14580
1xl6t79mtmu	b7112d07375a
1xl7rz9crq7	4aa5bf4b2b90
1xllfmmlfab	178a44c4e073
1xllk5k4nli	d5a87e595b34
1xlps4tyzj8	4630a23330c2
1xly66vjx5	e8f8038cc25c
1xm35sg9lnx	b57f6b7fef86
1xm59ketroq	ae9aada810e3
1xmbdkz8um2	aa174d85735d
1xmdewstj6z	fce2ada80a93
1xmgnfyc16o	c375f4653fb5
1xmkbt8s536	a7eb612417dc
1xmnsyn3ao0	120985032902
1xmxgujyi6k	8d81fc708eba
1xn3rww6sud	4fc8324d10b3
1xn6537afkt	cddf557b63ac
1xnfsiq0772	188213f58524
1xnvdap8nbh	66c1495cd145
1xo06fbccme	5d032bbb2d2b
1xoc6ro48p0	ea58ae5ef26d
1xoidp1pe9s	f91d74f76a34
1xomcj0o942	29deb56ae5f7
1xooea5sf26	e651fc96adaf
1xopjtila0b	6cf06977337f
1xor3qk5kwv	3078b4c2223d
1xouj84v4mi	e622c9bca908
1xp036el7j3	7b552e75a4a7
1xp3g4y112r	4cff830e0aa5
1xp5f8530v9	240851464aa3
1xp6k6lbb9x	b69db6b9250f
1xpe2jy07u5	f7bd5ffbcc98
1xpflxcca1	b338c4643759
1xpj37ovcdd	8e13a2011191
1xq53tigmyz	737f314fb1b1
1xq8icvghm4	5930b876f9e1
1xqcm0w5a61	409e51bd32d5
1xqg1nz480h	8f8ed3591582
1xqj82eoo0n	8fe450623e33
1xqvmp33e10	9e64c3444084
1xr4gp9uqhf	e56cb8fe02ce
1xr8apiwvuw	f9171306c2ee
1xrb53ci7l9	7dcb7d78fad0
1xrdx62kci8	b487684ec485
1xrhsu8qnb	eca011c8ce27
1xrjhxi3skc	9cc171359e78
1xro2kx7r39	2f14f9642532
1xrwfehhonb	730081f882f9
1xrwk11e1nd	b21b59230049
1xs8dlzlyo6	201d174ebfeb
1xs9a3ogbrh	6ae4d442ce1c
1xsmjwpkmrn	677153aca7f9
1xsno35l78	5bd3b7e87fe3
1xsp78numhv	027bf5579027
1xt0vr1ul4h	e983f03ea938
1xt42275vaj	19ecad6e5aa1
1xt4fgx0ffa	431669c458ee
1xt4mgpn78z	06fc90aef8fd
1xt5i7z5r0x	ebc11caa3ff4
1xtkcjy26ui	3afb0efb3c04
1xtq73xlvjg	d9a43dd9f2ea
1xu5g7k7s4f	57f51b6ed53b
1xu6hx7hlyu	7ab3b006844f
1xu7v5u0jfy	83092b035309
1xui8jasmx2	81ae9ee030ab
1xuo70oor1x	b31e4e17699f
1xutxeanr4m	b447bf194e6e
1xuvoujgpai	4ad19eeb2fb4
1xuvz3z0uvf	55f79deb9825
1xv0or90u4q	7b9e057aa966
1xvwfkmdkk9	f41f1e448507
1xw82iu6cki	d210d43987f8
1xwetzkapla	752c71b572f2
1xwfdb2ht2n	44ee5087a5e8
1xwgen4ysy1	8e68c41a6558
1xwgqxoiqtx	cf19c436ccf7
1xwo9bik7y2	3d5cdf8c5fdc
1xwqbejwwfk	0f32cf804aec
1xwrlq5swd6	a5c6e33cc467
1xwxcg3u2x0	3c61ebcfa12e
1xx72ln84p5	4f124eba8592
1xxbadpar4d	b41d74065323
1xxnkl1sjyq	208d3c8657f2
1xxyjnxwyda	84d4214c2086
1xy2168s7rd	20e681c5c584
1xy8qfmg43f	ffe113513a4b
1xyc9v5pto7	41755250ee7d
1xycllt7hu0	3a306295db62
1xymmr69yds	513b45406db7
1xyns6ed6i	6d7667d5da5c
1xyrv6honco	5a7cc2208fc5
1xyvqyiparz	7b216f0d0096
1xyx6dcr9mi	e52b735b2525
1xyx6pa1v3f	59e4fcdaf42f
1xz5jfpdzow	b573682dfdad
1xzfegi4ec5	9af832dd937e
1xzhiknttbg	620c0b96426c
1xzia70iz9l	042b6d3f40f8
1xzioi5tkgw	8953fc005120
1xztcccdtbs	c8da969f687b
1xzx1eha3pr	f3282e789727
1y015vvqkmn	fbb881f2184d
1y0486osnqz	356096128227
1y06qvyrkvi	c3756fef8185
1y09c7mmjoq	a7aea5ec6497
1y0ft01h096	4e662280b1c0
1y10prwb9v7	61ee72c4b307
1y13c4r28xc	7bc08bd279cb
1y1ciflpd7g	4a1d946921a8
1y1jh6hnikj	d212f1b6c405
1y1mbi6zei0	2287ffb50292
1y1sirx8cg6	a762c94b7057
1y23l582b4	a9757b5976c9
1y23pvf7ajz	e07b94a2274c
1y2fk2xoxxx	3afe170b15ac
1y2fk3f0rdg	75f40f7bc0d1
1y2hq0cder	416b89e42a70
1y2il37fqct	398c4d87ffd8
1y2jliegbfc	c7e851234d6d
1y2ll26pj6x	4d3c21743e0a
1y2vi842he4	5d3dc0c25269
1y2vo5mieao	65205e39e5b0
1y2vrrgpoa2	59e7c886b686
1y2vtho8rqe	a433bec5a919
1y2z2e1czoi	476e28245ef0
1y36e2mtw85	a0ae4ef2661e
1y38mibwjf5	ace0d3d998c3
1y398f0nv2l	ad910001c2fa
1y3f4fve35p	7e07f4a25b3b
1y3p0ii5d5x	8530b1ead62c
1y3tf3lavid	b93abe94c09b
1y3wies155p	4586f6301d11
1y3xoybc2xk	4c06dc6e8e53
1y43vf4xc87	eaa465184a40
1y4abnj8oi	f5d99f8717d5
1y4ackstxf1	9c410bfc2306
1y4jsrtfx4m	d1dc4431e53d
1y4qmodm58f	3e3713b8d699
1y4tfowwyuq	e7405d081595
1y4wilg4hrv	02475131c873
1y4y4uqkb1j	3377d3d11587
1y55yhj7vjo	d8dacce768f3
1y5bz3vvibq	24521777f2ec
1y5e1z6gukl	c6c00eeaae3d
1y667hnehyv	8e8388f389d4
1y6a8vualfg	768893a90300
1y6aitszadl	fdfb3585b4dc
1y6b4ezleld	a4409fc4fe0f
1y6dgxe0z94	6c5327afc31b
1y6iquvmcvc	43481d1ca344
1y6njcpikua	8df6938f0aa6
1y6rmsjl6qw	691627f905c8
1y7ba5ius75	697e4a91dc24
1y7c6gybkxf	aba855da01ea
1y7dzg6rdcr	e8dc637b5c31
1y7fdatumab	6d2d4b5c551b
1y7z9bcokry	00d27addc924
1y81vo3bwag	40b066c49169
1y8doopvzkq	ee0f62df7b2a
1y8ez40nn4p	281bcd5e31f7
1y8hjixl842	1351fb1df08b
1y8ohz4kuf1	b74a3e2c964f
1y8qpkzdrne	3098b6ace96f
1y90gf5oxsw	c5c4baf44285
1y99npimqpm	c2bdaf3ff9b1
1y9fpw7czj8	c260f933c7f9
1y9i2xyzcmr	547e75847160
1y9reh7j3b0	744f8728cf09
1y9stakn67n	baa40af9b700
1y9wj1ap31e	5ffb238eacc0
1ya3jl2wlps	d598fab4fb98
1ya4yysz6sj	30b968934818
1ya6e2byw2n	ead144188ac3
1yamnq9lcz1	54a350eacbc9
1yat7ceg47t	c08488d85ce4
1yat9cj0yt5	7f3a58b54e41
1yatrggjs1g	0e92a54022f1
1yay8k4h7iw	257b7828b08b
1yayk6y8w4y	813bfdeefbb9
1yaze8acvic	65beb7f624dd
1yazyk6bd0t	f4820e0bd1d8
1yb7oo72ddw	e9dbe7f37dee
1ybdgsvryj1	8700996f3351
1ybooc18iou	dd1b0e9be9a7
1yc0prf4ybp	d9849b782dde
1yc6wujz1fr	6a00b8c09ba8
1yc9q7br94t	d7236e4fd4c3
1yckf9892km	02fa478d2071
1ycw4uw2o9c	b96a8c32083c
1yd1l4nlmws	1a544a954e29
1yd56laxvic	0b9f5e9c3ecb
1yd6rbu7eh1	5bed3f3f26e0
1yd8330i4mj	3073d84e1814
1yd9mfpsq0h	2099df97dc1c
1ydfdhfh1zt	5f78f6a280d1
1ydfjpg7kk9	24b706f9ecc8
1yds79rl0lg	433e47b01e93
1yduzsyvdx6	141820188e3f
1ydv6sryjmn	2f2cdc24b258
1ydy9qm2l11	fa030d49696d
1ydznz4b6o0	00548ca578e0
1ye4jbe224i	776d9db3a419
1yem8x2v1q3	96a8269d5747
1yeo7lk2okq	de2cacd8b03c
1yepvka955a	9f1ed12ad869
1yety4liwjb	8d0dcd5fafe6
1yf1kwcozj2	4b0bb94e7f65
1yf340zeav0	bc76c4ca9448
1yf514c9wtf	00d9dc349f08
1yfisui4nqk	5526b5c50cef
1yfwl2oecvy	4c64b767287e
1yfwobnptw9	e65db0d44089
1yfyvfohfgf	4927ab3a0fd3
1yfzvtgtys	542fba0d3d31
1yg5lhfig18	475c69d6b710
1yghtn12odn	e88899d2cb32
1ygl1gcadfu	6c17ceb0ea62
1ygm5yusjnf	5314af18b816
1ygv5rjjaca	6666d3a970b9
1ygy2ie3uv5	dda34048e207
1ygzwe21zkc	7391c2c8496f
1yh2bh1ryjx	30e978e37dca
1yh2qt6zfkd	6561d983faed
1yh4bofaylc	e3cb9dd328f9
1yh5ulos43x	a4982e05655f
1yh61pi8z3f	7c7d264c26f0
1yh73kkgbdk	8a6c973d3a75
1yheyo5amh4	70ce02de78c4
1yhkpjc3mev	d621ea2c213c
1yhu2cgzhqa	7980af1651a2
1yi3poqmdbs	a2281f1b1e0c
1yiakbhx2ns	c71e96274928
1yie1ggpmvp	2efbbb9d2c06
1yihqu5wlfk	ae3d5fb7f3fa
1yikxuwl8ws	3f334b16197f
1yio9zk83o5	1137f404df51
1yiqf1cmst3	c2470bc54977
1yivvn5mic6	f748fd72def9
1yiykd14n57	1d35c253a8a2
1yj7ca3yer1	3be0fc2c9e56
1yja4mrqhpl	27bfd7846278
1yjf593f4a3	cac5ea6641b4
1yjoeduj6wh	18006f9c2dcb
1yjox6ow7o	788e13288ca6
1yjt8aweyru	4a84636a61a1
1yjuirhczhc	7d6fdb6228b7
1yjzh1qw8yd	32c85692e79c
1yk26onsqyl	6fe9ad21cda0
1yk4v6y2l2c	7f4db9f8077c
1ykctikja6c	f72f576b3cc6
1ykd8cyxptr	f09dfd327787
1yke5n2e5tw	ffb9ce98763d
1ykjiv7pnb8	bcdc8b075dca
1yklfx6teks	30be7cebe49c
1yl4ulrnpki	706a5f4862fe
1yl92e9ksps	2ee79dd67d38
1ylasz0n34l	9f0d1d8abafc
1ylbl6ijki9	954b889cb750
1yldkl1wvhk	09e5905c3564
1ylhjqng0r	5ba6f8a5954f
1ylj12ya556	b8343f8f92dc
1yllum0ucy4	be60775dd2db
1ylveygun0a	ed05cfe22d73
1ylyp1jddnd	34568a06ebb7
1ylz8pa6i2j	51d3fabd917d
1ym11t1wu95	0c734f885e18
1ym1k0thwpu	ad1ab467a24c
1ym3rtsyqm5	9544e23c9edd
1ym8kxc38tz	a01e88bccd7e
1ymabcvmwqj	8ee2007dbfaa
1ymbtn8s2ua	d5501b82a2e1
1ymjm6dl4ga	da75bbe51bc5
1ymkanpfair	78debf5a1acd
1yms0tuzw1r	ad21879cac0c
1ymuqnr8b65	51cc64fffea6
1ymvlbitngn	ec2c9f01002a
1ymzpf3gekj	44cfcc3a5a4c
1yn0hq8g82x	3c89fb5be052
1yn14a6m9x2	30f6eaf1b221
1yn2bpj14uv	69b2a1abc360
1yn5razhz24	cc24c41b47a2
1yn99qpmlmp	da8594ae1a79
1yn9nkavjs4	7448373b4051
1ync04zk5ce	3c88c56d42c4
1yno1cy96ku	c3fa74bd0d8e
1ynogukozxm	32a90c12d072
1ynqd9d1vro	4941fbf0a01c
1ynrwkw9yua	73d04ad2d9e9
1yo0r0q39cs	121d26da97d5
1yo10he4qmr	04c156ed743a
1yo1ozuv02e	f995b53abe99
1yo5nt1cwqe	926a1006b12d
1yo83x43a4t	e6e17d96a580
1yoay87n3ap	edbf6cd79e26
1yobj5xe367	0c6663b25e7d
1yod16wefy2	0890b016f77f
1yof8x5s9zy	863d1f153dc5
1yok140ttps	63063545ad49
1yom2u8g0ys	2d9b907c45c0
1younl1so94	45d240dad6da
1yp10xzoub2	ae428e9e7941
1yp5whz8m0g	01e383dabafe
1yplwab4tge	bb770994b40e
1yptvofo4xz	8cd9175dc621
1yq1uo2wl8a	c963e160ffc9
1yqjnwsd7n9	394088d133b0
1yqk8x2e4o4	4ef7bd10eefc
1yqmhnqoszq	31e434a5d610
1yqmsoub1ru	8e43f6d5e507
1yqn61rawah	a9edb22e074a
1yquw3tdn0a	2657834b0343
1yqx9i6nayz	6065e52d5846
1yr0isa4k34	572c280f4fcc
1yr4baadc5m	e8460b6cc4d7
1yr4z8x0ztb	4df363d1c0c8
1yret4q4npa	6336400d40ce
1yrkef7vvlk	661dfdcd4f59
1yrkgte1j7e	daf9725b9e99
1yrw7d3or5o	7f98b5bd487d
1ys2zee4j9z	c4aeacd02ee4
1ys8so8mehq	2357ccca8e5b
1ysg6i1nq7e	3c9bba1c71b4
1yskpsd0184	8b89e7f39e09
1ysm5t0dto0	673bcb49095c
1ysn4cncodq	6047780093b7
1ysp98ovbht	b4cc9be9635e
1ysqyla225w	44e4112d79cd
1yst2oz4krn	782d601a35ae
1ysw0v0lder	bbbe2d06a2e3
1ysxpjgt4h4	dcc4615c3129
1yt24wrjbdq	f3d8e040f182
1yt99eudqs6	cbffdf8e1263
1ytbjr8j74y	dd5d6ac6d5f9
1yterdv1r9f	af5ff3ff926a
1ytf51r7trg	19770bb22f2f
1ytfrcdvja5	32bd112f4f58
1ytra6kwsu5	caf158cf8886
1ytuhzvhvb2	87d410754914
1ytzluxdc0v	677657011c58
1yu0oe67mu2	58e4fb0ea3be
1yu6mt1h2i0	972e50bf581b
1yu9s42039k	d73f01ee8001
1yuaebi27mh	b8b5470514ad
1yucyv6dpab	0afad3aad8ab
1yujlqel0pa	1ec3edd887a4
1yulalzqp3v	dfd1afffa33d
1yupo3qcas8	eac252f14444
1yuqoahhgsj	05f81312c03a
1yuu1xbdbiq	cc5b53c96608
1yuy3xkhjzh	3541e1c2cead
1yuygzt9v83	5aa8614cece6
1yv1w8pn7so	9a05d53c45d2
1yv53glyagc	912e3212933a
1yvboqo3cew	2363765c4886
1yvj7m295up	1fd3948352e3
1yvkz5prx00	2f6c50938c6a
1yvlhsm49hs	a93998a0c80c
1yvm3kdrxwd	89cc1591f5d6
1yvmj9g0glb	02c7453bd3b0
1yvn2oabbds	d7ec16448868
1yvqbiq2vuu	99bf8730f8fe
1yw6vsbce6a	d0fe4cc386d0
1ywa3xqco4z	69d6168686eb
1ywdgn759jh	c36ca0d95698
1ywg16q11b1	a9263f40413b
1ywgha04rua	44c6f637b339
1ywicgsr6hi	fdf353125670
1ywnbgl4h2c	5651a72c227b
1ywqluy507f	ef897070bbda
1ywqmk1v4m2	5a049e9decd0
1ywsm71mxer	87af546199c5
1ywt4klxozm	bf85cb199b73
1yx978x9mfl	37ff9f84ec6c
1yxbbuuwc27	788b5360f205
1yxc91uzklz	a4695fc6226b
1yxetf4l9vz	868646a16526
1yxf90cdk4y	888353f6cefd
1yxfbr0znac	edb6e8e30721
1yxli4434lg	abdf5f2a5830
1yxlitjqx6h	4d78d068131c
1yxlwoz3rou	796566a34631
1yxmabtsuse	67c591d7118a
1yxpbcfsqgb	a1d2d52b43c7
1yxxwdaai2y	774d4650decc
1yyi7ur2wf0	ca9b69f87347
1yyqpiaby3u	bdde9d0801b6
1yytmqzlfe	4d73bda46ca4
1yytw8b7ozy	4b688ba7fbd6
1yyx6df1sy	d132c3236e33
1yz23zxzytw	4a018de4f83a
1yz6226hyk4	c12f364e1d98
1yzb49dllia	42782ceb901e
1yzfcqlsrue	2a838a45b0c6
1yzhvh76fyi	b1a1d936791f
1yzi1lft9pr	f56a6dbd7883
1yzk5lacm6w	cc5c0496c36f
1yzmhfzlga0	94b1f43e4f7e
1yzpf8tkg93	7d8b3aad8892
1yztor5ulom	d0e46d9c0888
1z01klegkt5	43f2de02192c
1z01z5nkzua	5a9e03592c61
1z02l5la6am	ce1c9cfb92ee
1z06636813h	8ad9408e8e7f
1z08ov4b0r6	42e92ed14e16
1z0go5rgtsw	870b69c3c524
1z0gy8pu7fr	75bfe80fca79
1z0mi8hpqq1	a53e57d8f64e
1z0u2h8gaei	6eb63ec7652c
1z0u5b8j18k	ab6962c2865b
1z0uac57qci	77d4fb3d2eaa
1z0wi8r2x7f	5a8ab2d253d4
1z0xd5j04mc	cf299de43000
1z1fg41vuev	9e0ee6bd61b3
1z1kgnq1v9	0a6ad7258ff9
1z1olr18zwp	f83f5a91583a
1z1zmxjlxo2	08fed701c589
1z24nolie0r	c3dcbc719f9d
1z27rlepfl	60338b1ea9d7
1z2jbnu9m2k	83e2fa3c996f
1z2re6u1xdh	6cbbb4636083
1z2tnrhvnx1	86ac8eaf7592
1z2uerwcbu7	81594c3d6ea9
1z2vgt1gwq	d50dfe6a5d80
1z30f46939	f110935ae807
1z32r409l77	e019fbf7b85b
1z32xf94h9k	b54448383c38
1z334ufa2cm	3a6b86498f4f
1z3fav8fzn4	b9f5f864cffd
1z3ft19qkyv	a0ab9addfbaf
1z3ibxvj41t	3962486c9953
1z3je58yqzw	cff505641b65
1z3kloigxjh	3e3a133fed7d
1z3v1ayfeut	3c845f25b2aa
1z3vzhapktc	c3a94c0511f8
1z41n8wpbee	b52938bd7592
1z44sz174by	61a768748bfa
1z488wefwb	6b98894bf197
1z4cfies5b2	fc74c41b3f11
1z4jlvn4sf8	4467c798406a
1z4jraphu03	626f0dc28d8a
1z4tr5u4z44	2221116b8631
1z4uo80ui8c	599f567e2366
1z4y3f8eqec	9965ae78d975
1z57h6uurcr	2c9d2e208fd9
1z58gjoe5xz	2bbbeda0d61f
1z5dsbts9r	d469c1782aef
1z5eaoi029y	28a3911ac00b
1z5gfn1dz9d	f3c81db60cb1
1z5gzeqkocr	a58a5c90e4c9
1z5i6xxblva	b4d26fec3f21
1z5sw48o56i	5cd5c330f346
1z5t80lebs8	16772c8a32f1
1z5v5d7cwhv	39ef78558b36
1z5zxfwpxcx	5359cd97bfb6
1z6368nw6l2	1f9b6cc1a9d0
1z6b0s9qx8i	2cab171b2322
1z6dx0lce6b	b78213fdef46
1z6gmw9l3a3	1a9f2f3a169d
1z6hu8hso99	0f6d0705efb5
1z6m58fer0b	0b0f1b5753da
1z6mmh0w0wg	1469574fc8e9
1z6q87q76nh	d9940030b523
1z6vr5ipwtd	9299b5614bcb
1z6zlznu0cu	aaea86e31a5b
1z72h1pptl0	6196ec1cf2d1
1z7dzu4cs4y	ca98d3295e0f
1z7nm02u9t4	ec48685ce4b0
1z7wrb1mifk	0b00c3413dd7
1z85f3au0ve	af9dbf049ce6
1z884nkbpf8	18d98b30d1d8
1z8diartgmo	7d6d49c41313
1z8efx4jqfj	22467fb96c1e
1z8lzcvsk3u	a36671a3d23b
1z8pvsm6fj3	853c7c2bd336
1z8vjrdp9e1	3b71fe6cba79
1z8x78vgtlg	71dd86aa3854
1z90p0w4kms	5db81ffc5083
1z9lp3av8ju	fa35138a35f3
1z9op1keauu	576830355e04
1z9p8ai0jtj	3c67e81135df
1zacpvd770v	0563c37f55de
1zad5e3dyud	df825d3c3fd7
1zap9ws3t80	78d9715530f3
1zaqnkt8s6b	4e171b05859b
1zar080gpwq	f936580fa766
1zar3d9izje	00495b1b7b98
1zavx5jsuef	7050a1f86e97
1zawlhzzy22	470c58fbf4a8
1zb93tmzx1m	dd792ce4f9a4
1zbfbpx2jfw	17fa306e9ff9
1zbhc9u6oob	45abf1211585
1zbmx10vr8o	cd3a4982d049
1zbpagjsjqs	9ece00175a72
1zbyxikvq58	51de7d2b0ea6
1zc31wg4c7z	18e55bb36f53
1zc40qvwmfs	461336c22f0a
1zcbrsonjgg	a6d336911b3e
1zch0ypl0y5	3f8f946f8020
1zcmzlko0b4	dc0547e71551
1zcp8bu5lo0	ff06f8d99d29
1zcur9cwjwo	ff29211e760b
1zcwzo4yp8s	d373c5058d98
1zcxj63no49	ed4f10bb00ba
1zdgeubuxtu	a85a61f5bc31
1zdo3smqp8h	361de9faefa0
1zdqaijxrk3	f2bbddf26e95
1zdt016ocsj	a4109ea3d56e
1ze33utopt0	239e982bc55d
1zedzzs5jbv	63f109c1d194
1zeefn28j6d	6248948b736a
1zej8v90f3j	717cc3913340
1zep64ut3ej	3e40808a222e
1zey50o727t	d72d231050b6
1zez3zts3t2	366af6d9c6d0
1zf2wgj5nco	9489e2fbd5ee
1zf3qv3hfff	54b9bba7ed93
1zf7i6zsp5p	62b40be38ea1
1zfkvorb0a6	a6df77892562
1zfmlvvr72g	d130d3d7ee2f
1zfr9i6uqkm	b6b2a9ef8aec
1zft2iayuu5	12a6fdd9fbdb
1zfudlyms88	532884a34c34
1zg1nr2gjxo	6eb47315bb70
1zg5kbuophm	798836f15268
1zg67rm292w	124dc1ac5626
1zg79ig6902	d06d9c3ff9c0
1zgakxrdyyo	368cfe814df7
1zgaqbajj9o	0d60c5324704
1zgowf97kcu	d81b58e92c1d
1zgs51bo2a8	ae7f6c6518f8
1zgu07ht9rg	e0010ea7cc71
1zgurzjoefe	51ba92504343
1zh1o182yuw	a500ac0f9147
1zh4pgnb9m1	670d23408854
1zh6j57d4am	369dd0da4ae8
1zh73zmkkk5	6c4252fedc14
1zhkiuri4pd	44f323fc45e3
1zhrduew77o	b51c2d5374cb
1zhs7isidsb	a024d8548ff6
1zi0spg2zkk	94acfe33d8c9
1zi9z08hmdd	efa7f0791a7a
1zic6w67loc	3d6bad4b274d
1zifvrqou2z	aa363686d97f
1zihgjxclmw	9029b83b00bb
1zinkn8s463	dc018dc4cea2
1ziwxnrb670	27079b328d4d
1zj36afgkc0	1e042dc67db1
1zj4s01ymq3	b7d4f6d8d482
1zj8j18azi5	92ea8d29a52f
1zjbfwafe45	263bc8aba380
1zjglxjyttl	228a08a1f811
1zjmcyrvqzk	2a02641c215c
1zjv5mmokk3	a2906623f432
1zjw64ngxsc	645582562e92
1zjzmf8xa6r	527cf65d587f
1zk5bq4tmue	7b98f000500f
1zk5jsn5sn7	d10bed2f1f18
1zknlu9nayk	e1a8e42c30f3
1zkr0tinh8w	5780f12f925b
1zkxlzknj6z	5b76416cedec
1zlhy3hjncy	017c3b91be33
1zlmhb5oia7	10b421575126
1zlqdf09hy6	d0bb4fc4bdc5
1zlqw6p7aap	3ef3c1a31efd
1zmaootkuu5	321845321123
1zmh24ek0wi	6f9bd411cebe
1zmj66t1h4u	ae94d796a700
1zmn4viw7l1	6545d616a88b
1zmrzayqywt	243f05a6f1cb
1zn3lmwru8n	3f273e61f358
1zn58l3opyt	035a7775943c
1zn86pwptw0	1cc6484bb7ed
1znan8geny5	0b31c210421d
1znb8cgvxnx	98e6e1b4833e
1znjbpay3v	fbf4c1303836
1znjy9hfwxm	234bf92d3263
1znv4xut2tw	c2b279cc70a5
1znw4djvxsw	d4de09e6e833
1zo5zp50jjc	ce0591f2f9b9
1zo7wa9xlwt	a46a970fc297
1zo7xu1quje	53ae9ee19488
1zoi6l9bqo9	9a2ee1b5ea40
1zoicgmb0eb	d31e41569af7
1zoipizzrlo	dff54f7fd846
1zoon4dl89	db10ae7fc215
1zozm418qai	3d7d7e6f6933
1zozvxidozk	69b8f59d4fcd
1zp3f8mu4ze	032bfed520a5
1zp5fdbesp2	ba9390e6b900
1zpf5ouya7f	58095ac56aca
1zphx697w41	8d96f74f3953
1zpkrlf2i19	cf3bd6422470
1zpkyc7cp50	56b4daa428eb
1zpqs5ax71q	aa5a444271c2
1zpsn0rlxkh	fb9a470df80d
1zpv5g1k51f	bfcfaa43e050
1zpxsygb9t6	e6d58719011c
1zpybbdfp8k	3eb4ca90b316
1zq3h942vqi	7d89e0f26d04
1zq96mmp2os	a280ee680ef8
1zqce9u0d1o	ebfe66c2e899
1zqfsv5cqrj	488028fe48dc
1zr1royfktb	df715deb584e
1zr8czozx0q	1e0588c56c33
1zrcymv3h2g	d06f517784d4
1zrj9wmij51	5bcceb07fe57
1zrl0wctpat	d63fac11c7fc
1zrlj85v802	8aa40ae13985
1zrod14azmd	c513f97934be
1zrp5bqb3u3	26f3adc3c024
1zrvxhff4ue	6914823e8013
1zs6pqkt3jh	529a7499bd4a
1zs98y3mnkb	c0ce787c7730
1zsgf093yw1	dbec61de492b
1zsh6pnbkip	f4175572270f
1zshlkp4c5t	07cb7ee6387b
1zskx38s97d	e76314d2d10d
1zsmfabmyx2	984f9f1e3eb4
1zspqf60cp0	934c1b45e344
1zsucb54xai	d627b17c1d5d
1zsw7hq2n6a	74ad61f78c39
1zt93qjv05b	ceb97427a677
1ztbps5bjy0	db4159bff73e
1ztfx871gl2	b6b23902a283
1ztfzmxp9uu	29e914563e38
1ztkxjanx5t	ae0931b02667
1ztmai97zoh	4c69313e17c0
1ztn4u5wxxz	35c8a1423518
1ztnjds0pr4	2a8f0cc7fae9
1ztsim4ptdw	8ed329cc792d
1zu0muqnqvz	093aa6b4e44a
1zu3ur54d2d	348afc88124d
1zuj4m6wg4b	7c343a75862d
1zupyebuamu	fc3bb656afbd
1zusvupbx2	a0f5ce869a00
1zv0ggfimch	675a8503e48c
1zv0p2w6phz	90b6601ada99
1zv6nff2rov	50e18e2a4441
1zv6uyr0vfl	7e09bfee4a2e
1zv90f2xxbi	1416f684cb00
1zvi5j4rlyw	b577c02da586
1zvkyqlc8pt	4ec2bd7159ad
1zvkz8km3tx	976dd4183b7f
1zvqcqdi8w9	fcd2cba52845
1zvz79pqv2o	6614b702fd52
1zw09aquxoy	73e043e4f98f
1zw31d3qzpi	657863805c54
1zwcq41mt5k	b6465a3c1170
1zwkhn3l3rh	601bfa1a2604
1zwtgzo2vcf	d5ba7be21062
1zwvcuqqy0b	b8cf28151766
1zwy4jjohtm	bef935767d7b
1zx04go2axy	f7f090cfc677
1zx6bt7jo5c	660301f03f65
1zxd9i9bbir	a4d96af2e3c7
1zy1ggc3nom	488aafc306a6
1zyimr5kz4o	b915e65f29db
1zyl8m2vr12	ca310565504b
1zyswn22nsx	f58be3ab4e9c
1zyyzffowmr	af542e7f168e
1zz0innomvz	7038392198d0
1zz51t40vaj	fdc483b484ff
1zzazy0eui6	8dec03489843
1zzc31dbgbv	8a7091d2c155
1zze5hwfq9j	3b20406e252d
1zznway748y	fc4930bad5db
1zzy53dzeh5	4e531794735b
1zzz9f4ot2r	1a2421b90ad9
2005pa57go0	940372e1ac30
2006l854f7q	371c26fe25a2
200d43wkgyo	27e3c6ed1a02
200etn1sv9b	aeffa75dcfc1
200ffiz6s9o	a7d7b6057761
200sgtm50qg	d9f96ece507f
200slsun4c1	ce6e49c952ae
2012zcg4lsx	b6f63a1b9f82
2015wc8l4xx	a7cbc2ff1f83
201g69niwvc	a97e75f5b962
201q03zqt9y	9cb5678362dd
201xzxj73xy	84614fe3ed32
20224821lf1	558b74638443
2022m4n2bxq	195b0269fbac
2028ej5nydp	09229dc862c7
2028s0xjets	0b65c7ce6029
202dsqq14fh	73c3a0f2ae1d
202eg1risj9	7f76a40ca34c
202hyo0jhqg	61e24e30c02c
202pnqedjll	aaca3bc0f6c5
202wva48e46	92008b7c7771
202x9e0ssj6	0b10ff336fd0
20360q2ckk8	4407eac9c934
2036laaaa0i	c2c73d13374c
203e4n0o9kk	05d48dddbf67
203l83dtvbp	21ace162667d
203pabt6f6u	1fb688dae5f0
203rtwakxtl	d5e29a554cb5
203vc8proc9	7f8cd3f91c37
203w2ly752s	13c1cd41bd89
20407cbeh5x	19e6270612c3
2042di98gpa	bdf95764414a
204cerlytke	af8644afae5a
204ch8xw1wz	ed341022fcf1
204m9jn2xne	acedc46fedad
204tl5ymc94	f4f4e943a2e6
204yibwm773	ef42380393be
20539udafdc	02c2ead2476d
205fm7yyypv	7969963e3372
205goasstjx	3a91490d16d9
205rx0ewdr9	3737e514b919
205wgyukaik	97f7a64c1a20
205wy3be1s6	fc4e059a3381
206832cb8dc	7dc815cab68d
2068k4nyg9h	a64d21e2af1b
206nv3y9jhx	c586f5413ce8
206r6ngnpu7	3460ce5e6e95
206t5sg23s5	1f4977feedae
206u7x9iu6b	9e8251a4f55d
206w6wqv3j5	cc96737a8326
2073tsi3uh8	e944fb8ad9ac
2075iq4t4r0	94b7c728c166
207eviqfhww	a56bf8ba72a4
207fkdjvykr	2ad158fc7184
207g6l3h4d9	6aad9934f30d
207rtvj3lp7	e2a291bfacde
207ucicybru	8a74f18fcba9
2084nncjy38	bc6782e98c6e
20872vc0z6t	1199fafec3bd
208bkhi3mcl	04605cab37ea
208cpnlw3l	b0c38888458f
208k0cbg1sb	71b6672161f2
2091qx7thou	98f6a7de4412
20953n24jse	6381da7cc175
2095w7ye9ei	d5c3bc37fc74
209c9dngvy0	06bb308f9c2a
209enf7jfo	f9dc5f95ba54
209eq8ybgdn	0318f9a271c6
209huah6ur1	a9de8a17b62d
209mic1n6q6	f74212a91a7f
209oyrtutnv	78308b63a9cf
20a25ligypv	485f516d2a77
20a6fqgrcb9	9dd5b633495a
20a9rdzyhsk	0059b5442d03
20aa8iu1pd9	88b1df4981db
20bkytjzlay	1bcd28381e86
20bvnilunam	1d7a4e0d06b3
20bymopegjr	475f83bc86b9
20c10uje7xr	d0301f0465cb
20c5d3zh5xz	59c52ce3a5ae
20c5s2gm291	2eaf0312f8f5
20cdteyk14p	39d187b37a08
20cidf1n9d	d50db2fc290b
20csu471js9	7e3108774bf2
20cv3lf7lxj	e74f6f4b664d
20d6t09zkl9	8ae8957f2512
20ddx14xofe	17059f6bb43e
20di3nzk3fx	5cbc522c7844
20dtyxu7fwv	edae29888ff1
20e2g6unet7	6d18069ff190
20e7vljo4nk	409f794be065
20e99lbxmr2	c8cf8c7629d3
20ebv6j37vq	1bd573a45ea4
20erueifxsc	74ab02182033
20etx7lns35	0640701638b0
20evknkm75p	ffd340de6763
20ewu8c25vc	4b0572c97a10
20f7fj26wdr	b360323488d7
20f8ci3rj7m	952a37da07b7
20fcgq5jsqt	fe85b2b6548d
20fh3ix4e22	e565478866fd
20fl1235gh9	44d02a6a62de
20fo7isse5v	e03a298c7253
20fpzk9p278	12e623144083
20fqwvelvfe	b20b65be97b0
20g4ng4hoor	95a7a5041866
20g5ot3zxo0	0e95c5874b93
20g8lqaclgb	0d5730829736
20gai1dj7g3	4a5c78faa7ed
20gqshr9nmi	be786be2c32e
20gr4mcmzyk	096a789f3e21
20gs5qkqz02	825df81a5bd3
20h5rcxupz8	e38e0ff2f98b
20h5x6jpg9p	02bd01ca5316
20h7h7rge4i	c1e180ef7650
20hbn7gixhj	3754d436beb4
20hdm0r4wk8	c4bae2403e2e
20hhwsc6ec0	8a4465133ca5
20hiu3621uf	ba28cd911944
20hjbq8zw8b	6a1283f69510
20hnvau0vvx	c7bd92f20e11
20hwv0xove2	d16932a9caca
20hzav9mtqh	e795f358426d
20i1zts2u26	8b4ca7bba8ba
20i8yhsybgm	849641495173
20ide9aihli	0a07f2d2146a
20imap5xpr1	3e54a52b9524
20ip9mktjrt	a2f5620d1e5f
20iug4odni	cb8a6c5af9a1
20jd56guuym	9739b0aaa450
20jh1m6lag3	8e0577d40595
20jjkof0phr	59b50a602e63
20jqd3prwhs	f6f29e3ded72
20jyix3jqxf	7f2793fcf998
20k6v9fa7tj	d1cc64d09ee5
20k7x0qoy06	7cc637859c84
20k870k1wix	e5c7467b42f0
20kka7l02ta	1815d047de2f
20kqeuiwv03	fd355b8ed5cb
20kvb4jeof6	76bf35645bc2
20kvnq12lk0	22a99c7b427d
20ky4ahpe8x	5dbeb57ab6f7
20kyy2m2psa	422db32ebfde
20l2meh9i95	452f81ce66cb
20l4c5f892r	06a63670c3d9
20l4ctsqdz7	3a39b8b8663d
20l5ztbnbzl	92fa6fb13895
20l8pm44k2v	da04eecd248f
20l9kthxpsq	501f2aac031f
20ljl0blyxl	b1e4aebbc46e
20lz5jjzw1y	e1889e759722
20m5cs4s9sv	d4420ca55f0d
20m9o14i78e	0bd90789c8d1
20mar7vy791	7bdc8c099aff
20mdh4cdnbh	faa0a75b4f35
20mj4rqf23q	ba99b487b793
20mqqrrkbgd	e426b9fee96f
20mz903slnv	1a882fab7ad2
20n13wyfjtb	75e21ff6df7b
20n5xo47ln5	3b6c541418f2
20nbjonsz9	12cac698b352
20nr1vpihj0	7e5ad4834cc5
20nr7ckubnn	cc9b39fca4d4
20nvu3r2sdm	1b706145ee73
20nxfoclcxa	0891e5c303a2
20nygrxkkk5	3db21eea36df
20nymyjmto8	4c03339da352
20nzhy5map3	c3b3c48039ec
20o0qmhdx	f177ce6102fc
20o8k8wl1ec	60bc334ac0ac
20omtbiftxt	bd7970b4fc9f
20oojsxg2s9	d8b1bc85f433
20ozdua26r9	4cf90abc84ba
20p04gkng3f	d8c1670e9096
20p64tr7w4c	566bbc62219c
20pae2x3y44	858e70106749
20pcsyk4tqx	c13641506d7e
20q03fsog82	ba75175c4a50
20q1dko1aha	cdf775f70904
20q2gpc5w8v	9fa486a547c8
20q6wpyi89s	d2e3400a4bfd
20ql18usg6x	7d51108aa5c3
20qmawmw26p	29ed699e0bee
20qpwacst03	f8a942cc9722
20qrs0q4oim	800ed7064ec0
20qrwmu65b3	ec13ef8d4020
20qtqnl0xoa	c759518f7917
20qviwhpavj	e51e6020248e
20qwta87s1t	2e8072790cf1
20qx3fmhx9r	ce35a808341f
20qzcoblo9p	6dfc3652a655
20r1nk3aisn	2b8138daf47d
20r2mxgmoj	25a360baf9c3
20r8zjanlm8	0626f57ee533
20rfpc8w7p6	4f7278aea5f1
20rxa9ke9lf	bb3429b022ad
20rxlczhqiq	a0ce9966339e
20s7mvsntvr	52463af5a895
20sezhrpfgy	2ce1db6fe12f
20sf881cr6w	3830c3a044a2
20sfs0eeln5	07eff695b433
20si08uarjx	2d94f34bd7f6
20sl500zbqi	377a4bee90d4
20svvf3li3e	abb82bca39c7
20sy3voux1m	d4565853b3c6
20syu1hjxa3	b58b61ae12e4
20t0u8iiat6	345e2b155805
20t5s5s8o8u	888378973bac
20t7z4z2sn0	bf068d2ac987
20tg5ugu8cv	ea49f2075ba8
20tiau2lqtk	3602d1675e87
20tnlexiiyj	93c89bb17ba8
20ttou34sdz	b6b55005500f
20tvktnt18r	7f3f309e5f3b
20u034ldumk	d008859c85dc
20u4pnt90ww	9b4f04dd9ab8
20ucloshn4m	896b0e3de2ad
20udypywy6z	5b3b92622364
20ufrmfxs8q	60aa0217ce89
20ui7s22yhr	cc56e74d2293
20ukld6l7dl	382c8aee0a05
20vca061dnd	7a3d2ced242d
20vdhr1csw6	8951785ec191
20vfa3nv3iu	0534b08a0b34
20vm3sqcy9d	0246f072f76c
20vob8ekqoa	29012a98d851
20vvrcg16kz	ab467d780831
20w38uci5e9	17e5c7a52a73
20w7hsppa0r	06ae3e3a3ed7
20wk1sw8l0h	dd247f37ebe4
20woy5rhxjg	53a03ea78737
20wuky22whv	03e47aa1ae59
20wzemizhzj	966f32dfe058
20x5aizp6eh	053c2dfc1e13
20x73p5j00p	f8046b972702
20x932ba2w6	dfc08f88e277
20xznojp8gc	324bf97cc89f
20xzx5wrbe7	5bfe69d8a182
20y0mbmzt89	5a032df41e54
20ybhai7pmw	ebe38280d7b4
20ye1scgt1y	e5ab6ee6ef19
20yevx50igc	862067173890
20ykh0b8r87	fcc7ba793d36
20ymxhh8uxs	2286b9888506
20zam96hbu4	ada0aace5d26
20zb240za1t	4aa253de51b1
20zgtwf11yv	ef6eb378b3e8
20zigvvwavu	4171e45ef2f4
20zlundxqeh	baae21cb3093
20zooi6q3gj	0c3993a2c6e9
20zs5vql5uc	8e654ed0b7de
20zy4q8536e	75afb779dbfa
20zzu9p7z7w	15dbb0ccf10a
21008d5jzq0	42ad1782bd36
2106ah7gxdm	20549a8b9b58
2106z7l3sn6	9954c58cc2a4
2108jtq5k89	9a0876a608d0
210kf1r9jl4	8166376d7368
210kvcbclea	326f4a0468d4
210oytydad1	a04ee55e709f
210pb79ro6f	2a21d1eef267
210rw55yzfa	1fdc485bf7b2
210vcg293e	2d32259ec6e5
2113c4enhqh	484d55415bc0
21168kvqt7r	e12ff19a1d33
2116jbunu7p	fcea6ca0e48c
211asur9o9d	ea397b69edde
211cetsb9zt	eaba9580341d
211fylx2cxs	e85c62a2940b
211v0mb7871	aaab41a21b98
211wgt7954l	06deaf65c1f6
211wi9v7ewh	fd7e0777dea3
2124dmbrt1y	4094ac2e4338
212mri7nand	cffe00ec4044
212ojtaq1tg	7943252128ef
212taxw2n2t	d3ddc4315543
2135b1wqep1	eb0a0b83738e
2138s36nty0	a79c61d81869
213mpmfw0cb	4c36db56e745
213ps23qk5z	c5ae50466735
213qtzraofu	cd7d4a9ad7f4
213uzvsvlbb	8abe5d6e0964
213vsym9i73	4cfd2696a845
213wjp25ryd	2d91f8cb8a5c
2143ztf1x7m	ec18a71e0b72
2146z5sojaz	8820c99476f2
2147ksulifd	4cfdbb3e9cc7
214p7y1g4qo	31dd84a1e214
214q5maa1bx	ce95399835cf
214shghrkl6	6c0b99e19a73
214u7jmfeq9	75c61769fddd
214viffeuu6	c0064a8e9ca5
2153lm8xi8r	651e76d520a1
2154uvdbi1o	c1f25769fc72
215aewkp7x5	e1a69ad0d369
215dew7t8f7	7c5de24c53e7
215m35iuym1	a4a2a0f22c3b
215s33my7cd	f0220f693fac
215u6w4xafv	0b0dd0b9464c
2164faucmiz	7b6d87f819a6
2168775kvkm	2d825af0b4ec
2168hahjrtw	9b2bfecd7819
216e2pfenhq	eaf7eef4bf7d
216faxhse3x	006ace38907a
216gbvb5k0c	ce7e972e5ff6
216l6yszns3	9decdf7923a0
216si75dtqu	a5899adb71b7
216wqjjouq6	2dcc344142a0
2171pu7ek0o	1f5e79c1ba9a
2173ud5lec9	8b3fefd46e00
2174gnn5di1	a13a315e94a0
217e3fenyl8	eb29c268088b
217ul4mhk73	3fe792134101
217wruwm7rd	ef7aa8cc6bc2
2184weovql1	0cf188546c3b
21872765gy1	964eb2d29f2e
218lvq7o712	677f0cb81f2f
218madaodfg	946485467ae2
218os15aq13	ce6465c818bb
218q2msmcrj	07553607e9ea
218r8row2s4	09c2c1ce3dd0
218seps1fo	8ca40c63c18b
218uou6ucon	cedfed734ee2
218wvjcint8	ed11d495d9cf
218y75eq9z2	92ee4ca6ca1e
218yyaxcrum	e0706f8283ab
218zok0azyh	ea5e3b096bb4
219403fymsp	2a58a23495c7
2194gf56sj3	8b73c56dce65
2194ktyjkyy	ce6baa20b843
2194uuo1qn6	e4a7e123793c
2195axga555	5564f1f847e1
219apkn2o9q	b617984374b7
219btiavwe0	4a4cff6c5875
219e9xvd0do	f15c6b1ade5e
219ekhdcut8	88b6a8657fb2
219msc7tuwn	97b118f58c9e
219rpb6wr9s	6e544a34bee6
219tow7i6vb	09ca90c51140
21a2cy53cgk	b2b2719f2b62
21a5v19fbuw	c77a5eb83349
21a843xlp21	e6dbdd534de1
21abvtca453	d311b5831548
21acrwskosq	da420b7c45f6
21ahzdpe2bo	fb83f32507a9
21as5osn5hr	e1ecde8aca6f
21aty1lh648	ef44ebd1f5d4
21avruql1py	259c07ede245
21axc08prqa	639c6ca8bd05
21b5721ixvm	11a8fc9a31fb
21b6wt2mv27	a6222be42b73
21bbfsv9aj7	72a3b52b62d0
21bhcwerv74	04578829ba16
21bhe2xbbz5	046add3f684d
21bmh7tq55	b8745c2382d1
21bn6wa78ox	42c5e505054a
21bp132ty2f	5989f529c72c
21bzbwqhiv2	1c98f13a76cb
21bzynux1d0	d767f33f8d14
21c4ukxg8w6	d8028094e1e6
21clljw09nx	9794d642b7db
21cwvvlo335	9052cce863ce
21d06nxwwyh	8ff31fa6b190
21d57r9cwya	2ae16732bfd4
21derkab0tv	b92408554f23
21drz3v0hjz	6ebec078ac60
21dsb2h9kng	b7fad9a097d5
21dto7hi3ax	7ed72a160664
21duhgc4ml1	340670893372
21duv5n4g4r	103af95ec4ec
21dv98sgyfi	d6687bfaceec
21e1aobul5g	b73a6cd26b6e
21e2enqv5b8	8882e98935bc
21e5zsw255k	951fd3f43e8e
21eda7yclgz	243f911500da
21ejqsoajaj	ee674c74ba89
21eo280o5um	e041723a3fbb
21es71x3rc	0787febbaba7
21f4m9gqab8	1970e9737c13
21f9gxz2c0p	0b773455780c
21fc69t7aj	fdd4c1974f22
21fgdajevs6	7cd417605256
21fhqjx8z5t	db50caef80e2
21fyx3bi6oz	d6b8a127b4db
21fzvvcq11q	d7ce15db3a82
21g3wjm3dyi	f1278b433b44
21g4z2m1se6	ed7c895a6880
21g6yy7hham	38a98bd2373b
21g734zwgvg	567540d116f1
21g9y9w1ziz	5c62e6ca348c
21gp4pfwsdm	19982000d44c
21gunhsu7y2	ec3515f2e900
21gzfrytw0j	126a9a1c47fe
21h1vq2epqg	d01083c7fcaf
21h9kr29346	dc78b996e6fb
21hdjuclqu1	f9b54b9627b2
21he54w97rm	8ac0492711a3
21hf2nyrttt	f08288dafa78
21hicwtjvb2	ee00baf48aa7
21hk9hopdk7	6e6f6a39691d
21hqpg6tcob	168e08b2bcf7
21hseeb7m02	81a49a276ed8
21hu11xv1q3	15dedaec0896
21i4brrqjbd	b2ffc4a7b848
21iiwzvl2a4	13e22bdd88e8
21ir64pah54	63214720b720
21iyy2e5g70	652d8d8f66ae
21j0esgjbgr	74b9d0a87ea4
21j985oimmm	399fc73081b1
21jao5k397p	078e1d48fac0
21jcsaxp6zb	0a61d7b42890
21jf5vo4jwb	483693a157c7
21jsl9z29eo	7f0fe404a930
21jt68yz5b	c39ae3c44580
21jtfovrwix	aaba74c4b23d
21jxzjeziva	a5aa02e8793c
21k0tnkyhmg	68be067bd25a
21k1eainjzo	5dad122f3d14
21k4vulybnx	81908abfe846
21k8s52ezfa	5da1c9a6788c
21kas1l12dx	b1c09515e859
21kcnaiwqwi	ac64558e46d5
21kebwe84j0	4aa135fb9abf
21klnvfkt7g	375a4a949cee
21ktud1745y	38fedd958120
21kubtuo5sb	faea6f0c7a4f
21kydso0nt6	2c2092b74764
21l2eqfohyb	7da0d8cfc14a
21laiah3j0y	5924308ef7c3
21lcdgqjied	d6d5518ba6f8
21lgsdzbw20	f28a27221132
21lk9e2bqiz	3e497a467421
21lljnob9yk	f61eb4db6abb
21llqbm9eml	a1f5501749bc
21lqnk47159	390103e111df
21lqtcoh3p8	c29fc0716dd7
21lrrkat1vs	5e8bc914f3f4
21m4l2e4sus	d6cbed68c64c
21m5p0rhvfy	55a294983088
21m5wmulfee	2c50233d963d
21m6eat310e	49de74a7c1db
21mmf4si5or	0cadeaa9b4a8
21mpn0f9q7g	bdf46ea0ece3
21n28c61fn0	885bbe551a0a
21n52fgwcyw	6c32a1805089
21n5cl41awp	a3ef14068b7a
21n97ycij2y	2a80feff74fc
21nbgh1vi32	3b19b3f7d970
21ndumgz12s	977613539ca8
21nkx8372vv	1e17adadf002
21nnrgejuur	fa21f268f1fd
21ns7d9u5xr	16e9bfa65110
21nvk2vzdmo	170cbcb321ad
21nxx9s9t68	8e8b07a822c4
21o10iooa82	65322870b015
21o44l8sthp	a0da59f44c6e
21oixyl6749	de8ddc1b9fd5
21okj6cn6dk	b7e32ba8c5e6
21on7pjvf5n	a0d03d667eb1
21or1ud069e	6550b552dbdd
21os4oze3t6	d5313eb7a88b
21ou6q035v4	79cd4a6dce58
21ow5fzbujh	a4d723bbaacf
21p09klbex4	1b654f1fdd31
21p4y70w4aa	2ae21c7fbe02
21p66hc00xh	60a5879c4185
21pfrmpj9eh	6b60ad5ecf0e
21poeru6uot	328c52aa3557
21pqqf31vn	c59725e67fb4
21prksot9rm	a4bf57bee4f4
21pwn13nl5t	884e05c19d53
21pxlhm3edo	f71d6c954a1f
21q30abqqj0	af22c26cf2c0
21q4s26dwdh	047d0b75547f
21qcm8lwj19	db1d0b0ced8a
21qihos1m6g	c5df84e3bae4
21qqgfylvkc	879980ef22fb
21qtkvrqdx2	9861003b7630
21qwwohipbp	0a37f8eff3c0
21qx6rr2kib	0e8601a7fa9b
21r0yhgt6ip	13015892c5d4
21r4xbbth5x	1df5adafe95e
21r8y4ye0ve	e1d715148855
21r9u3ck9h9	b3a17b952b7a
21s57e0xmx	9a779b9901d4
21s8c4bxsc0	a59846501475
21sd51fpsxb	0ab40be52f99
21sohlc738z	7d83112b7318
21sxr5i1upx	9a82fb0cfc76
21t0ic4lij7	e5a727e912dd
21t244m0h60	0742837daabb
21t37twoxcv	9881ce477746
21tgn7vm607	fe0a042a4e67
21tm0y7dgvl	f312fe131054
21tpg10h0do	a94d72694b65
21txgzovz82	0d7e8e586f7a
21tzzyr7wur	64f0c571a5b7
21u2l26ooi7	e43a0afe2fca
21u2p7rnzyx	3b0bf7a56e12
21u3ugcglcn	fc6b54bdeb29
21u41qljjc3	fc42935e6abe
21u4ft56seb	66bb610a8058
21ufhhgjn97	c5ece007c9e0
21ufv38wqla	8f3e8f6508d1
21uhuy7zh5r	3d94eb8dc6a3
21ul9kxgi17	7504a6317db9
21umxx5if2n	b1aa3ec301cd
21uoiqfp9pe	091d3d19b83e
21up1ixvgbg	36ef11235cb8
21uqown4r5v	4a42bed2057e
21ureylgzr6	783337f38744
21urhle21ol	1638563e8d49
21uulmlbkpe	ef6ce2f618f9
21v3wi1mpp	689d431112fe
21v4ad45pr0	ab81e5367d05
21vc03qtzcv	b2b67982f4e9
21vczx67fgz	7dd0fa7a79f0
21vfovkcb9y	21468a2dc915
21vigree3i2	162d96a2364f
21vm60d4ogr	e298c87b1b29
21vncrs868k	0b97fc2efb7c
21vtovj8mol	3dc270b26a63
21vwtowxpyj	af0b01129438
21vxt5qnr9h	f37ecf0ff2fa
21w2t1gdkqx	c4c900c53a1c
21w35zf4cay	8e168c84a017
21wcxxxj28u	32eea70270d6
21whe2cy5v9	8e2f47f3ef54
21wko6bqytp	031527a40ac4
21wm2gexfn0	4ca6f9d54283
21wv1q53u86	bfe443539758
21wv8jvrkgj	6e9ae8d9c76c
21xcvg3jzzn	fab0675ff5ab
21xjd6dpawl	c577067b6413
21xp8kpq3dm	74767b064e3c
21xxilwh7i0	b7c6ae61559a
21y3rhsk8vq	6c32fda0fceb
21y512ay0d3	2076009c4c9a
21y6d6tdsoe	27e63dd94af7
21y72xi4z37	7b1ebcb7807f
21yg6q55trf	a12febbfa2bd
21yrfrhrika	54fbf0c05f55
21zb3ot1zlv	2dbc448b2f54
21zfn5oo01g	7c7a1103cf4b
21ziiqqmi1r	4cb95fea3082
21zk4e8t913	70eca9416114
21zmf7kjz33	4e18295d2388
21zochn1nm9	5a1f1923992f
21zr2ol70ja	77900ecd5d17
21zrxrowgdk	6294efb5b71f
21zu61dq4lw	bb197a6faa84
21zyfgswmcm	ffba0584627c
2202mo5xoht	0b7fab2419fc
22044e0s88r	1bc78979688f
2207dhgsmv0	c67dbf4c3d67
220cdpqjiv	a757db74b936
220k0fl7dau	52ba4629a8f6
220kiuk288w	652f2929b5a7
220s2tbjrdc	610465610503
22146iqgruk	4e754425b65b
2217iklefqm	cbe71daaef70
22191sgvvi2	8507df6fa85d
221eensn2cp	30eb7d18003b
221fukqvh2c	2620308da70f
221kuqqxs41	57fd15d9cde9
221q7i5udv3	bab327750831
221qd9fgk03	e19e22dcc2b7
221raa374ga	c666caeb8ab3
221uugee5yu	f1fe0cd7f79a
2224aon136k	914c2e4e53d7
222p3j4qrzc	9839e2aeb989
222reklmdv2	01e028aa147e
22339wsa33e	e5a35d42524d
2238pw3bztw	36b58b45c366
223jt4wgq9n	c154cfad93f0
223qpu24vrf	0b3a6b995b44
223re4mxh7v	6dccd8aa9476
223wmxm3i9z	5efee7bed45e
223x3ks9wh7	7b5cf2cdded0
223x4pzny28	234e4ba79f69
2246cg3m2dh	09eab8a27f89
2246hmeprxm	e5d6c7da11df
2249viscafk	cdeb6ea507f9
224bx9w7hz1	9c2c95b6e957
224f6jhnoiy	752a84e26ec4
224m6f6ohj2	ff539f3086c2
224uy10rsmz	56071350cab0
224x3pxq0i7	375a7e805899
224x9msi52	de014454c73b
224xmde6b3j	dc678bc252cb
22515zco76b	6b71b8a38aca
22539e3g8it	0fd13bcc61e5
225iojl2d0w	099739097a69
225j0uedypa	23c45980f68c
225q60qad5n	e96be8f1d0c6
225qdh5l37u	58af8821ee85
225yieqll0s	1691b32e6f3b
2265d0fyktt	fae86b616625
2269s31ddd2	b9fd09878793
226bk33gp36	cdf959e4e702
226eezixlls	8433116f076f
226few1y3r9	17f546dc29ee
226isr7r0vu	fae801f3fae4
226lfszgpxi	2d13c21c23f2
226xuq7l9ob	f8ed119d2fe8
226yzbgwqfu	9fb0cc684472
22701hteaeg	153c9193e421
2270wclsjds	eb6a92e2f997
227hqhylyhj	9cfbbdcbb3e0
227ito3s49r	6a7a469362bf
227jn15iicu	36ae51626d60
227kji3gvkr	c56019d5b2f2
228356zdyde	ec7b02f39282
2283rgenf9m	950539c79727
228a20jns8a	0283527372fc
228akq9iu5a	6a8e79747cf2
228drrzsdre	047288fb45eb
228l1w2xtc9	791775234655
228m0aqaarq	8c1e80dff16f
228m4bhmfr6	7a94aaec0b38
228vb5nyf3y	7ed5cf82d48e
228wgt4wjam	0d955a9dcb21
228y8ykag40	6819b397d6cd
2290w8967hl	b172158d0e2d
22978564i5d	7f3a28b3b47b
229bl7wv8a8	a8108ec7fcda
229i33ed5uk	73ac12f4cd5f
229isg9688f	1226a7d5b8e8
229nn4bxtij	2ad21dbc271a
229o841httu	04e0eb0356f5
229olxzi48y	055630490eb1
229qpopbzey	385f1079edeb
229tehakkud	47ab99492733
229w18pqp2y	4584798c1560
22a6b85l8aa	0426309dfd7f
22an8cutcdx	bf9d87b6bcc6
22avxhgl5bi	be98e63248f5
22axn4hg3xt	787e5f29abc0
22ayj3576nv	fb5da2e3b425
22b6o5qnsg8	a8c684605271
22b6q66l9yn	759fdee75084
22b7g4psu5z	b06bcbc83034
22b82q4mm8	98b19abf5f55
22be9qoh40i	a5a61f02025b
22bi4et8jk1	b70c4082efd3
22bmdasixi3	a08580decdbd
22bq5qngxcv	9284038f198a
22buu6vlej5	b5cbff3f14bf
22byael10ix	8b25a5c40f83
22bywuk3i0b	b468e8c41345
22cai1rnfb4	f6066887d2dc
22chyf1rlqs	c1d6974e8eca
22cjaak2c0l	8e15654f9479
22couiz6tan	0dac68dce46f
22crjbu2ncl	c5cc838c1abb
22cyqxp77ro	f77f00b3acb4
22d2igsm6d5	0696472c98c1
22d5euedi4y	adda3d5f7899
22dateg5qvf	d7f491799adb
22dcp2qw115	ee3401bfec34
22dgas0zy5y	dd3d455a987e
22dggy3uja6	1c53f7eca810
22dkulbi640	4324c4ebc893
22dn0og39uo	185e9aa8c820
22dolk78w39	fb7b1b01b978
22dx4o8gh51	8106d293ab02
22e2vk4b3y	0f0d9f91a6f6
22e7pyhnc0x	caf05f51aec2
22e8ie10hte	1a986c3f4e0a
22ecnuut8ye	3cf3b7b9944f
22egv8kh9tn	472a75f9affc
22ehq5gcnxw	c6e8114ae3a1
22ek9on0ql	74f7032de785
22eleru8h80	e897834c6fe2
22ex5fhfxdu	6583e888b20b
22f0tqsgv3n	ad8d548092f5
22f228lkn5s	4efccd9e3fe9
22fhbm5v423	4c18c8ec8a52
22fhkn5e1nz	feacf2ee15b5
22footqg56p	af38df5aa66a
22g8111e1if	5ab2f469fc51
22g8njbf3gy	215139f9b31d
22ggnje8544	4e5a4485a517
22glmqyblnj	e2a83db13d51
22gm885whzs	a8a52bc33f5a
22gn9ltrj68	ed33976c4290
22gw0gt8xxw	5833898abc70
22gz87bgnnk	c5d53f8f1fa6
22h2q4cq4pl	ded09cbf5cc2
22h91q77yhb	2b7bd9f05115
22hag4gg34c	b7c2c64ad605
22hdd0i824f	9c06cec9309b
22hdurr05mi	b73e441a8d81
22hf9gcmg79	fe80a4e94aa8
22hnytavsrj	f308b6197173
22hpjt4l9on	3e9803df1566
22htmcjco2t	dc717fce4db0
22hyd3sgppq	65fc79ce8bb7
22i7bm4a370	8174c34d0e4d
22icxazpla	8134f863b186
22iktni3jfm	b67c9bec8e7d
22iofgwk1ge	0d05de3df9c9
22iu80kp07p	555ad507601d
22j26kqd2pd	d7b92d60efba
22j2yrx4bjy	fa9f8895813a
22jhtjn6qws	0d1b9b5b74c1
22jrnwesnah	69a3af077196
22jxmbpmyp8	f1591414bac8
22jxwura7mo	e68c7b16994b
22jxwzi7qrk	2b04338f230d
22jyhevmt6t	198fff091c4a
22k3h2p9mj4	80333fb2399a
22k5dh1czij	c30148ddc22f
22ka828e144	b14548ad0e41
22kf5w1ox9n	c1f9c70d5002
22kjdwii4pe	78b21fc9d6d0
22kmk694903	469eedb05bc6
22kq0ht38hx	20e60593ea3d
22ksfus7lcf	b908936c3a7a
22ktfn4eia	30cd31bca252
22kw8ydoo71	4e4cf1e3aea5
22kysujtc2a	b68f1bea1535
22l63ey847h	9f53e8077606
22lctjp7ftl	1c1db26a0ae3
22ldhsdu3e8	154ac9e186f2
22lu5dyue0d	210781c6ea12
22lvvc687d1	222ca628ab8d
22lw2lxjq2	0e0bc8095636
22lwxo4ipay	185ac6db6bcf
22m2l2bs49x	3f2be087796a
22mbb2bw6ye	61ffa8c553c9
22mijhtyzjp	c8a194a2d4d0
22mjvi18y7i	8ef8dcf166e6
22mn4j1sbj7	711ef4b80499
22mt7gzqnp	a78dfc465020
22mttwka1r1	7e90df037174
22mwejnmh4a	739f1a7db413
22mwl1uerg7	bcd7a85751fe
22mynaiuk4j	70b61d87582d
22mz0lisqdy	3d749f108156
22n6oouaqmv	77ea60413fb2
22nbdign1jq	b9992ada9c92
22nfk2lr3p6	57572d659462
22nho36rl8i	5a07e5c82cf5
22nifx1vgu4	12315d48acb5
22nl8gtdve	f91503f972d3
22nrwu9ab7e	4c200fdf2573
22nvmx1zl7i	493a852c578e
22nw3lv9avd	d3d1daac9399
22ocpin0omj	38001400b980
22ojcw2gf4b	c8e5ec50a5f8
22ok9t1c7b9	eb265202e132
22okm1lu31c	614b15ed0706
22oo09zqoru	38d856621995
22oqx7t9xna	155a34edd843
22orc0llowa	1d433da8a9c5
22p0nnmmuna	12df9a16a3e8
22p3n018rce	cb5391be467d
22pg1psjaql	d01c250fad28
22pholnn9xi	14590b248054
22ptswvl0wt	f80464b37ec3
22pxrp7o7ct	1ef3b3433dcc
22py01i4rlz	1edeae89af7a
22py7hz260e	9026d678f688
22q9m21tkcr	e3de00473b84
22qm4wrkrqz	7893277ef771
22qwru73mpy	c311a4f23b59
22qxin9ma90	a67389ef84c8
22r1mwl74cl	fdd70f525b32
22r3yvthko0	f28e208a3721
22r7q6zz6uz	35ab37f5b669
22raqm0eivq	d0c9012fe1ff
22rc4e7ivsm	e5472f27ed4f
22rfohvrwbn	0e9399f87b7e
22rmndnf7il	993915ec239c
22rntolz3lx	e02f911357aa
22rpgqhaptt	384293bf376b
22rqmane034	050b9f6c3f98
22rrw8p2yba	ec6772260a92
22ryy5ojz7e	8608b2e8aad0
22s1q16tnl7	adc0d62c69f0
22sbowoud6a	06e4c38e2eed
22sd1w6glz7	ce396db91117
22sejs7oo81	830480de43d5
22sm106m8i8	7fc3b491bb7b
22t2omtthio	5b3f1c48bd28
22t40qwdfk8	2289875f7fe9
22tcip7hisg	cf218d1864fc
22tni427rao	0e23e9c204ed
22txt2s72ue	539596800840
22u9l3v47ue	394d81cad039
22uaa2pe930	bc087addc7e4
22uk5kwfs3d	e918a4ea3cf4
22upc0j4vxv	842275464eec
22uper1gvn	cd43187fa2fd
22uq7i10rbb	1969433c8a0a
22us3tvexh2	ff0fdce84a53
22ut927ciqu	cb7da2e37f7d
22uxf5f6e4z	acef1eed02f8
22v2qx6kjn8	c78dbe0e9209
22v2w78o8u7	d0e827d9b681
22v6sgogamj	9b9de8936a1c
22v8lhpayqw	b171fe566bd1
22vd6l9142w	3432fc38ea0b
22vda74ybxr	fb8568faaa5f
22vfqv70b81	4e7ccf28bcbb
22vk0bhjisx	96574099f6ca
22vkgj6e1j7	e6c61072469c
22vr5vopbnj	9a95edda6e3d
22vt1smwgyz	f2e167bcc7f6
22vyh8ks7fk	8441a1d1b907
22wdjl4otoj	7f4c9ef9f533
22weu6r3q17	bc723f9460fc
22wl04xfakq	6d68571f4f82
22wqsf5dega	80f2c2be79b8
22wqtp82hsd	dc93d8812a1b
22x27ay8mxx	da4b405728d5
22x5b6asmij	130700e1edea
22xduzguegx	ed5ac7044ae5
22xh0cx3kf6	0750bb32ca6f
22xpdccglk4	ec332f216951
22xuudv1ylg	8a5f231eed45
22ybmwj7gyh	8855d667f47b
22yc42qzhmb	eacae6d40cf1
22ye1kk69bo	c71056e7699a
22ye9f7ukss	5ee46767350f
22yegynrsok	95ab03ee64c7
22ykk6lw2bv	2178ee4cdc7e
22yl6fac7ta	07b4d2500197
22yn8ocmwgk	16d329deb671
22ynm5y2jln	e974037cf791
22yrx42ox8h	9955e530b25d
22z2j2ukars	28e8e89b80ff
22zdxozdz9d	56ac5b7c9019
22zeqs2bp49	7728cf823c58
22zfgfkencf	c7bea08b2f5b
22zo7vsiai1	5f3fcf958828
22zssukc2ne	362c9f3a99ff
22zuiobzzbz	9192128d8008
22zukqwam8a	890cdfaad3fe
22zwv3ngb6i	a8cc70f679f1
2302wazczvs	025042b4597a
23047wi4o8w	9757445e2398
23062vu1h6s	6b1e933d9f5f
230ftnianzf	862cdffd43f7
230k37xu0qu	71c6ecfed091
230svrss9gq	7c2e2984b6ee
230zwmalaj8	dc49023dfa1c
230zzhhcnxv	0210a6b44866
2313os0nf2x	82395db3efb1
2314su08iyk	9ada98fafd75
2317smol3oj	701e30f6d3d7
231ho9wlcf6	f5ba32bd0dc0
231kw44uunj	a3e506d099fc
231ml6femeq	892b89e3aa1e
231mwo9s94i	b3d5a7183cda
231v9vhi03v	c4f75f04fb6f
231whx4c868	b9cbf9403b64
231y2uyxokx	7f5e756678ab
2329i32bqdj	2c7c3406687d
232cxg1n3bo	e33ac6571a8c
232dx0s7jw	d3b831043bf4
232e6xw8ist	d5b081121498
232isi805l2	c27931577b79
232l4b77su6	7ca223f9c88b
232l9hgv2d6	ef0ffe4e82c3
232pby9zbh1	3426a20d4e64
232uw15tiob	3ae50fd5b6a2
2338935fzun	bc617ee6aed0
233b2skb8le	8f0fcee948d8
233c1q6w3f	a2bf971b3a8b
233eu2fmuka	8a85bc81a2d9
233lmno2mwc	8f69702700df
233qrn4ub24	b83ebc640410
233uxfab348	5fc395629189
233zwav6qxs	5e3d4b720f5d
234kefliup	e1548ea18627
234qeg8weo4	dcf967a28fc1
234qkn05xvx	06d516fd42b4
234s1bkn5jy	33dc87d7469e
234sk1uzodb	7ad5e7d86b3f
2352ddwnzry	e1d6b516720b
2354fdiig4g	d3f8328417ac
2356hu8xbo2	4037dd62d5be
2359h03pcrk	e7ea2cd1e37b
235e9ljz2i6	fbc8df212a76
235i9ko718q	cf6a2d72cf07
235krpm3jjp	8e146517cc52
235q7j06nx	a0bd833ec642
235r7rx11c	9dbc90995844
235ry6oqhr7	9cfd74f55382
235uxsgg4h3	4aeb5253d692
23631p51ay2	f673c0c269b9
236q47ozyb8	06d2ade39adf
236zri9ev4x	b53ea5fdb753
2370etbttsf	615b950439f6
2376rg4qm2	fa277cc33b2d
237lztyi0cq	5630d29674f0
237mg6nyc78	d64c429ef8c5
237mxyitump	f1d1540ec6fc
237xi7b09qj	e7736389f84a
2383ju3mghb	bedb3144f803
2385oi5oqfu	25e0821c2c70
2386ge1asyo	05ac47186b1b
238artxpsuq	fe7a530d9fb7
238s8mttcby	3e90a20af81b
23922zg8wji	86a588e0477a
239bl8m1eam	563835832bf7
239h1vqivh9	1824a129d7c7
239kc1atwhz	09b8ebbeb0a3
239kgokb945	55253596eb12
239sqagcjry	cb57561cd6d2
239stce89p4	3671e7a8cc71
239x8yfvzbb	527fcae046ea
23a8hjchwoj	d4f5e0354acd
23a9v7rmxea	80245a8d343a
23aei6sf6an	2cef60eca4e9
23an2pdn5g	b61b6d70d895
23auyglkrrh	5ed3e4527b6a
23avb9mth53	1e5a322e4a6a
23b2tfmdn7y	343ea2803fd2
23be8g033oj	fcb4d50ee40b
23bi5xwnkgx	28b08932b6ae
23bvsqxlklb	f75a5583ce4a
23byi18z0qb	0c58e97b9211
23bzdnrzqsh	b5abe0d6c260
23c17prodoy	529c65e0063f
23cap1xgyzs	37df5253473f
23cbkb6g7y4	91e73c13c1d5
23cbm7m1dh1	a2df92856c36
23chon7tdu3	152cdd38a673
23co3dsgb4v	6a1b600dcb98
23d4q0rtvks	f18d089bfabd
23dcpssbdnp	f9c8d61f2816
23dcqv0dww8	879e5397f25d
23dl4uj4jn6	81990fd19884
23dpb6d54g6	623f8727f34f
23dr89pcr2	4abaa0f5054c
23dumf395uy	b4226aec925a
23dvqi98v7i	0035da742b5f
23e4xnznjop	72801a4fde9f
23eck392l60	be7c257cea28
23edjoub3e9	8309bec84180
23ef7yg0nep	92a4e2e8851a
23elbs2p9dw	6ba3686caca5
23enz0kppj7	a2ca326bf7f4
23es002g7xc	97fa98561409
23euqmk5dd3	d7db2a7aa1fc
23eydhy0d4l	0e023605d3e9
23f2w1f5qt7	0e7506d912fd
23f893hyzkx	34c39622119d
23ff49i9oe4	f8b9e9d9c714
23ffl6mvlr8	586da2e8c821
23fg5qzef6q	85665a8d5a33
23fhmkaxx2d	abaad7a3a24d
23fhzje8vo3	563bc1e72505
23fjhz2zrb	5041a34425d2
23fts4j2mdn	2d21bcf991a7
23fvllm80bw	d2bc75fe7414
23g4f30h19j	2dda2213eb99
23g8z05kg31	7fdb1819ab65
23gd13lf9ey	ec1f7ec8cd3d
23gf1xr26wf	2e929daa8f78
23gob4mlgmm	ea9908459de6
23gwga0ps3t	72de7cdc730c
23h0nx52lse	ef71791f0bd1
23h3vgrh1q2	c52f9bbcd615
23h77r01926	f91954181f88
23hjuue0bwo	9d15e91ab9e9
23hnlc1pzjk	c264dfa46468
23hp8fyjkx9	2a4757099aa6
23hxovouelj	8ed5c7a07ca1
23hyssypc5j	a8970b88acbd
23i1t08vxrj	aa1378589b3f
23i59zamimp	eb09eccd23f1
23i7p0k9pki	17d36226d240
23i8z3pl9ic	e0bfcff9a1a7
23ibyei3yii	6702b8b0ce1b
23idfsfl678	e7438de98efa
23ig814jdkt	505c150b0d33
23igk320act	184ead08fc54
23iklgb9r7	3a0884a9d46e
23io15qrs1u	23dd58f65888
23iq87wzv4k	8dd959a48f84
23iqjpvodyx	5822828cea23
23itdhk3fdn	1f0d956b80f2
23iwmwh0cj5	0c79a3df1ed5
23iyltegrcv	6ba732fab76a
23j127gawl9	0a7f598a956d
23j37xqgmux	86666fdc6ce0
23jbho8p9lq	63032eb4e451
23jnkxuhsgd	7eb9f8920585
23jsux01bhk	4455a025b52f
23jw4q1rrb	b77fd4f44ad4
23k17k6ckd	6515d63b45f5
23k54pjm9kq	c8f496dae5f1
23kap17eep3	92ea1ec0a08a
23kc047g396	9b317a96758b
23kd8a76uiy	6868df87ba8e
23kd9tqpde1	837a48447c8a
23kk0r94e3a	d10de3e3910a
23kmdx9pwi6	28059aa54748
23kp8y4n1se	0b66032a023e
23ktep1ncp4	600ca61065ae
23kzplq63o8	c182d1dc1e6b
23l1tcodvq	bd95a6775fc0
23l5gnx0dr	d606e66ff560
23lj5de9b8q	a58ae6bf0c24
23ll7tfqc33	37fd04100d36
23lrjuxmvk0	b94b92363374
23lvel28ipv	aa8b504968a1
23lwx0xrkyp	667ab839dfd0
23lz40d4gex	a566af307a27
23m492mtyho	993c92b26a50
23m6k5hbjvl	ad87fb01d3e5
23m82j42dsg	5672278e34a8
23mayyonw37	f886d61c18fd
23mmb0zhl2v	ead7a18c91d0
23mpfj3e6xf	43ba8ff38a90
23mq8a27gpu	28ec9304f64a
23mxgiut0d0	a185dc697153
23nf1g5swn0	fd653e96eaf8
23nh1pnmwt6	23ad87c1f824
23ntzhc831x	409508c7ca19
23o0xgzvw9x	7754f3ef2e3b
23o2kc2pv1	dc8b0e9cc633
23okpcl069v	0b4664e8808c
23oqtplrr	c825c3f904e2
23osor5hukv	268493ba27f4
23p0q6v165a	b582c358c8fb
23p21didi2o	aeddb7ff8290
23pf8wtdajb	ecc4260de18f
23pffcl9u1s	08b371adfbc4
23pida9hzot	541d8b879675
23pkixir6rw	62101a939323
23pmckn2b74	f22adc241cb5
23psxx7t1mt	c0a3fcfd512e
23py1kx47po	fa5ff7cfcbbf
23pyr93yemz	3a71f04f1345
23q8692owot	bec0f4373384
23q9nca12kj	4f93783acc7d
23qodzstijp	3a27a340796b
23qqqq4ys45	17200f8b3072
23qs67mai8x	d6abe3f17502
23qt7dca3yp	2eb5e88a3cf7
23qvgfe6tz9	d368276e3ba9
23qyfcfc63x	54c45b8ffe83
23qytgnsdds	612e78a34f9e
23r2fibax5o	c2184949a460
23r4k792mqs	eaea0ce37da1
23r82zzfe09	e1975a564eae
23redx3soxp	6014ffd5c533
23rnirtcu4b	4c80e34dab9c
23rqt4d2h8w	0424504911ca
23s20x9belx	2edf750f1716
23s49y59zk8	b368971209de
23sa1bedsu8	b550de30e152
23scnfdrodu	2c56b681b9c2
23sdmxjkfv4	2720c97c8ca7
23shm9hurj4	5eb44a56e1e8
23sk1sv63q	da283f38a4f1
23ss482ghvx	01fbb46ad82a
23ss6rs3c2p	058744cfd533
23sskldnpua	f5d34a95cb0b
23svbggyyr1	50e554cee2c7
23t3pia1v9a	fd2a54c6aec4
23t7hipp3yb	5da9102ebbf4
23t9h62188y	7d4ea491b4a5
23t9pwcevpg	436c7072986a
23temws4v1o	c65d80eb7c85
23tj4hmb0pw	51a6afe428f8
23tj6cub9bz	6cc10aaad129
23tos93oh3h	ffd319be1b48
23tq52ll5j8	776efc60f55c
23u30281q7w	4c29b55bad58
23u3izd8ki9	65dc28d72eb8
23ub654rzg4	2eaac9472ad7
23uhuxkohtn	636b52188552
23ujyrq4oam	ff0442637d91
23uktd8sjou	41cd21088c00
23umw2pl0qt	9a9d83622b09
23uqqb3njux	003bb1381027
23utbta4ehw	1b6f1c59d344
23v528nnems	78e3020438e7
23v5dicm45t	f0fd0d58d451
23v7751mtmo	65bfdc7a260e
23va87mnji6	7229f48ce002
23vavnghvna	3c546ce39b2d
23vbvn4uisc	d40b007d9b24
23vg6zl6zfh	5ff50528c82a
23vouyk4idx	a9a68ef714cf
23vtzvo0zv7	465432bfde02
23w4gkzbzj4	d6b4d010d484
23wai7mdw6g	b8edb7d69f26
23wb4fwxmlu	b4a07e3db74a
23wkrvilwiy	11b35238d5df
23wpxfc22hq	674e13ceee5d
23wtu2kmh8y	07a0baf9802d
23x0rdn7e1c	4fd286b47ca3
23x3qhwgi6l	79d4bbfd27c6
23x6dsbjp65	d105d82311ab
23xe8w0glnt	f98d8329b0f3
23xkamsi4uq	c2e17765ce83
23xq6cdq473	b0cd2d96f9b1
23xtw9i48rm	50515f36e67f
23xwchgntmh	2e4f71b9fd45
23xxvt2d2wi	88953fd8f2c2
23y3bm87jqu	b632322aa1a6
23y3l02vuj7	14342bb07501
23y7qoajced	932ff0539b6d
23yagt6l2dm	8380d24a4cfa
23yq5yxnqib	0900bb67c5b6
23ystyy9l9	86114063d867
23yvfqhqjw8	8a0d36b27d07
23yya5fr6s2	f9afd4a906ad
23yzkkat7k8	0e5516ad8911
23z0h2ypre6	dfb2be513737
23z4fum280k	0e2c4fad0213
23z6ikiv4ck	a85d8b9e231e
23zh9ua3l0i	902840d98fe8
23zq2fvtwrq	4fca9adaf12a
2403sytn2c5	43f3ef8b0e3a
2407nzemzsh	2e8fff56ce86
240jh912r6g	45c33edacb3b
240kd650iyb	9d52f2778646
240vqrdexlh	03d54c709daf
2414d84vnk2	9f558792a4d3
2416srgm705	73c6b9e7ea1e
24197qmjti9	f4ffe478a171
241af3oa32e	385d8fef1e41
241gm7e1koj	a70f7d55a0f1
241nx4936a8	33282a510a60
241vt8ecwit	f2f4e4a69fc5
241vuekw8sh	8a9ed7608634
241y9lk3us4	c8069b9b982b
2422y4013z5	fca4aea96125
24238fbhypb	50738a19553b
242dlpalubr	df6020a1a9ca
242hyw6l0bj	9bc6929dee7b
242s383q09t	43421031fff0
242wcn24q8v	cdd398e931f8
242zpc3syoq	8380200da4ea
2430a8e3d7b	b7f7099fbfdf
24345bzi2vx	36e5785278ec
2437ljcamag	b40e8d8aead7
243b31p10ul	79db044dbd9d
243c91w7ldq	96cc0a26735d
243dan6kchs	3c5f3f936003
243f7fu34pu	27fddb9d1571
243jaepkyzi	ab72cb914f62
243mcai038g	7876ecb600be
243rl9sq5z	221a0eb17b61
243swj8lgha	8aa0fef8d95e
243w788ilu3	14f29726e0f9
2446ij3ywkg	3eacfd5b01e5
244a45814n8	6aa39a672db7
244fbagzy68	3ee23d9b9689
244nwdqts4n	6c55867bfe53
244qch3mi56	3055a9a37630
244w17sid9r	ec655e31ade6
244w48hmiwe	44ff2c14bd54
2452y0b0mdh	270c7a67cc06
24552fh1y81	042f7b870855
245crwebuvk	26576e6d2122
245eh1p7f53	174854d28ca1
245fwiharqo	3f3b6a10d11e
245jm0iguqz	c6133260d458
245snz3107u	dc21bf6925fa
245tc5nt4hl	05857074c58a
245tkh46b7b	54d39d8e2925
245ydjyb35w	1064d9dfd043
2460h4ken56	19c0d875ce57
2460t7kwzvy	1f2071976bc6
2464k5y6xau	f0b86cd75861
246dfc746jl	f0874144a60a
246flhyf2hy	94f1a561ec32
246p9w9c43i	d9bacfa4a565
246qznhm8k4	ac9d2f5a3999
246r5em4b1s	4a3067da4430
246s6sykfrp	2159c7b23a23
246v05tk751	efb6eee3e588
246x8mikgxj	e0e0f0781697
246yn8pi4cd	693956e8801c
246yzds1sin	71d8d7c99e52
24707axle1t	b85f8653a865
2470cnisw64	5259a11a375b
2471d8hya60	ba4d1dd010e9
2478cbrgxx2	010d9d5e1ae1
247eyfnhgrd	37782524191f
247hx783zo3	7f6b3d33e027
247o54mdmd4	19616efe9e62
247pov2c3o2	fb1731d8aa88
247qjretsq	f3d090907931
2489r0owsvy	9dc673ff7243
248bsqiunbu	52dbc55a52df
248e6szpio0	a14f45726702
248gipy1wj0	6b2ced8d1c6b
248k2rh9knx	75327dc8f09e
248lxm25def	5c5cd48782d1
248nl29fsnu	bfdcf9f78e68
248zm9chzfj	7dffe4d78a1c
2492hizrs6m	09ae10631fcf
2497k2p0g6p	46ed57463583
249fktiunai	c8db02fb011d
249wkbo2ina	b31445c981b3
249ywti6qbd	5fd8704617c4
24atrc5s2ao	5e9a45f8343c
24aws47iqzg	e41386d9f9fa
24ax2ibwctj	a1555796c96b
24azao6z4ik	9e7f745b06dc
24b40pelt5v	22b1dd34e47b
24b4e9t62ov	f9e0094924a4
24b6d6241bi	5e1af5b40076
24blhl4q04o	112c1dd6d80b
24bovnhryt3	e2ff16a5bdd7
24bxihehx7i	2ca4bd6bb763
24c37pbv2e5	c15602050675
24c44zc8hgo	dbb6143df112
24c73st6k9f	740fc190be27
24cft763mqj	b4d38cf61298
24cieqy0r9l	95743a6f145d
24cihar7tka	2711c7738241
24cknrgue07	b53a63a43ea5
24cl2v3y6fv	4c4498566d05
24co8tw82nc	f04c5fb54759
24cpsflbdrk	43c697368db3
24cwbj0sqxc	b14a218121fc
24d1vfue77b	e140229a5089
24d2d95shxp	a400efbd993d
24d2tw214wg	da3ee862daa9
24d3htftsme	b357df90ec38
24d514w7hbu	6d86ac640979
24d9c4vpmt0	81c21100bc6c
24duxo4e1kh	0f7e681c5eed
24dxq7uz43s	89d258f19384
24dzjudq1n9	46b4b0b501cb
24e041xrs0i	d6a8c2382ace
24e3yjh9req	60d9fa25ed30
24ectjbwezp	ad25efee8c69
24ege5b8dt0	224e0e7c8dc6
24ehhz0twju	5f6a53023de8
24eq2p9x5wr	a75842ff8dd2
24f0f0cvg97	47bffd69e40c
24f1cj5dcab	c58d2eac4d7d
24f4xfzv52n	f7fbe440efa2
24fca2y2bgk	36365a87a207
24fg07dfeq0	ac97381c3729
24fntyh3py9	689ddc93b365
24fskb1ffwg	3f156755d877
24g5hxasb10	d38ecd40e056
24gcbpqj30m	93eedeacf8e5
24gdq6xv0v7	4a09234a192b
24gicbx219n	493a3592c0b3
24glg50yw4p	eaf49c3506c7
24gmg9rbs8z	1b05a391e458
24h1kr3eji8	1a4754c8af0a
24h1x16r47e	1d91e2950689
24ha98kji9s	a414049f144a
24hmewemrzw	7e907c65f74e
24hn2qj7ri	90b4da5936f5
24hnsi65j0h	75439c455b75
24i21tv1m2f	e4ad492e1fe7
24i2ceawgnf	ccc4ef4510ef
24i4frif13u	6ea2831ca7c8
24i7dfxoiyk	e979c0e8bb23
24i843iixf7	5dd1e9c5b479
24ii58tsyph	0a5c87885eb4
24iocges16n	63d04fcc83ba
24it6jszy96	fbc486844b1e
24ivs0th08p	54b0b7d6ad86
24iw8ypa49e	e8f7fc73bb2d
24iwcrl7ox1	5e02303c5fda
24iwsvyakjl	1361748e4289
24ix2ah7o4n	c81c83f87711
24j0xpey09g	5f635a4cebfd
24j321z6vx3	8ab285adce88
24j4tff6p2z	67e3344f1658
24j5os3t8d7	86d75e4605fb
24j7it87c8x	a938bcbe41fe
24j8bm5va1n	329c3a12a807
24j8pe1ng9u	0f6075584907
24j94ny32z6	2964bbd56cc5
24jbh8tuzzh	f38f984befc5
24jbn2zuaio	e1cda688ba1c
24jci1xd5oc	5ad8e2463b89
24jn088x2kw	17525db5ed4d
24jrs3h1suv	4203090498ec
24jzn143rp7	95413e723991
24k1frsxfrz	937409cc6ec3
24k50j1sl7k	2b3a25a083fc
24kh9yvigqg	4410a54eded4
24khnvuoqzw	6cbb8e73cab8
24kv8m9ecdz	ef56ed82d9e8
24kvwziewm	dd4e665683f5
24kzmhdbice	05957d8f2f47
24l5zzd356n	d4fc9c8ded06
24l727nmhwx	2ddb02bddd55
24l7d5xwoz9	3ca1ff36a0df
24lduznkv3r	30b7d6ec653c
24liyearmwe	1bb26e1c23b2
24lnq592tcm	0b11ba1ec679
24lo3450ikv	9167889ac5a9
24lsifwok8o	75fa03c8fa2e
24ltnr6ckb2	aa57efd56fad
24ltzubr9z2	3de5250161dd
24lvpubcmzb	2f2d27c24bcd
24m08ngutk3	2194912fd455
24nbwrdscvf	a22574a18d59
24njtt3fad3	6b26a714cc47
24nof27wnja	3e8a51b2329f
24nvdl92zzl	d8e9b6783af6
24nwcvwaf63	a1d728df83de
24o3o6u76mh	de79bf5ab888
24o93y8xzto	15304f39fd2c
24ohyx8ycgv	6970238e95b6
24olh7d77nl	718a2487a88b
24olpcssci1	6011774bfe05
24ord61wmyr	6dfe5d38458e
24osalvtiui	11c30e3ca22c
24p4rx90j2j	04f3819804b0
24pe16periu	9b925e9278f2
24pri3zfvyd	1c7a72f02f05
24psd4edfnf	863960d49164
24pyew5rlcp	fecba8f8b681
24pzpnuqnzy	d96d96742201
24q4dxnduc8	6f62c986eaba
24qcopy7stp	ef75bd9c840e
24qghvyaz0w	a61e1aa10575
24que2774x0	cfd4d58eb2a6
24quha4n1v0	320350428f6e
24r4zp37tli	ba9544afc0a3
24r5zf0pblk	7da52c5920bf
24r6nekrhtb	f233bef80459
24r6x12qlla	e752f20dbbd1
24r75kqgih4	9294b361e559
24r7zdk5gqx	7549a235593a
24rcgs5kq3e	8fd467b9752f
24rkb3ows5j	fd87680ed9a7
24rnfy40ve6	30a421fdb0c9
24rwo0ubl4d	a92df228aff7
24s75xw7vez	8366fa0309b7
24s9tkqz7wx	fb9a14b2c66f
24sbn19gzpr	27ecaedfcc71
24sgbru3jb8	c96d8b288365
24siv1v27o1	1281b5e34fa5
24sj5gf4g2y	8e3af7d0553d
24sqp5pvidl	121b02b449bb
24t0oa72uxs	3a5a07c57b56
24t2fz9utgj	5e9b47de4ce2
24t9acejf4t	c07e39ae4416
24t9v8gqg92	b615ddf64211
24tcx98laa1	d0b086afce19
24tpxezhzlt	2ba2138e2b68
24tu89w76vu	5b80c7abc79f
24twj2pin1x	18a99f805955
24u328009y7	edfd3f6d6342
24u7ast410g	99237fcb5630
24u8y03m551	fecc57f4df50
24ufadkqa68	d4242405769b
24uhz1txe31	cbe7cd3a25d0
24v1mhabzky	b7645b88df44
24vc7r1de74	ff75cc0790d1
24vf8255ux8	2fcbcd7b6ddc
24vmjqt650y	6563ed9e4e4b
24vq1uvh5is	003838202d72
24vq5eaxddh	b74c25654916
24vwzhg8xmk	14d35dd64a07
24vxyyvoemd	f7ae8fc9c645
24w3lixwys1	b3dc041b8b00
24wkxb6zbm3	6ee93b836161
24wvqd1a4tr	35a821b26919
24wzfq51rzb	f430f6085e27
24x1gbu03d5	6f3996b24cdf
24x4313b8z3	6ce38f046409
24x5d5o5btc	061095615f2b
24x5dgrnhv1	a517f1c3be42
24x6c4aqrz3	9583ed9238c6
24xd9jnzyo9	bd9958d500c3
24xg4qwgb99	d6c350187631
24xk5yik2a4	9de46b910820
24xl7c6fulf	f8119721e6ed
24xnn3tho93	9be6e459f523
24xpqft92ge	1ee4492021d5
24xuxntju8v	06137d718e45
24xwacqhfz6	28aca62777a6
24xy0ujg8oh	a9a8e9d17818
24yjrt46w3n	6119d4f4b580
24yqfkmm870	dc1a699a265e
24zbkmylsj3	5218d134fcc4
24zo3dxmjsk	0062a7b9a511
24zpgu5ge55	84b9328af1d8
24ztnf6mn24	8eb046179403
24zyvup0rwq	bfc61423b129
25003ruia56	7741249be946
2500au383bc	09c240175072
2503it7uh7m	f8e609698fb8
250c0lfa784	aebedb4e846d
250mr0vb5oc	187ddbede191
250x1q00bgj	2ba10977ea83
25132dyr3bt	548f1aebf458
2516p6rb9po	c7e0b591b248
2518g7ogpo8	1ace561bc70f
25193tw8puj	34a1675b2073
251gupnpb9d	2cb28d9a2b90
251jbdsg50c	4eb265d38aff
251rjta147w	d96d1bf2c041
251sv3rp5ot	e618235168dd
251u4mwi6ky	95481b3b73f5
251xntpo7um	2de5e4a52778
25257n1me20	45d2480f928d
2528ybdb4eu	3c464d88d565
252eoz304ym	1e3257b3f6af
252v58a96q	6345671f495f
252wtcgng2e	ad174c4831c7
252xnzv668f	047c84d409a9
252xq6666tp	5f29f498a42f
253262z3h12	62e53982862d
2533hznt0ce	f7c85ac885c3
25381h2mogf	70f8c3bb2814
253s66vn6wz	e568a5a7f827
253wjyk2mfi	5186c3e3fed5
2540h5hu9pz	a8a3dc63a9cc
25445jwr56q	7b7a9055eb3f
254d63l0bco	638400b71e54
254kjkt6auo	5720d795d5d6
254kxlznzp0	3c7cdb8e9182
254oucs26ue	0e044601e3b1
254pnrytmlb	56df8988a2d5
254qavpfvz7	61704530774b
254wxpyt4q0	09687a6da6f1
255gwv2gn5d	f5c0ffd7578c
255h2o5paq3	355863ed24a1
255kp9fnpeq	4119c1f14641
255ofug39y1	4f3f7ff37d43
2563mdg0sps	b2ad58a7e738
2565bg2msf0	09403a984aff
2565oz715nz	8ab9b78c2c5f
2569dj4s6wm	52b6de40a5c1
256ibv04mv8	33f3204040f5
256k9640pc9	f5fcbe06f415
256u40y3vp2	5c025153e0ac
2571xl120ww	5afd1fd4bb9e
2572r29k05b	18ab25668aa7
257dp82h2of	79ced112cdc9
257dr9n0yk8	200ba39f3888
257eet265na	62c922c919a3
257m47pk5rt	c89f7fa8f5d3
257qix97ze5	808dd32330c0
258cj5hai0e	1ae35ce2e906
258drquhnj8	05072ab19099
258kvqhgvte	84b9606566ac
258l8ekr0wn	cc10e63a0466
258lfb3dopt	b5a4af16b07a
258lz0omlcn	b90f72a916b8
258rbs8nlgr	6b964124810c
258vrewsdjc	e4d93ce5fbdf
25955o8hyj2	3a3f14d40e51
259cvskixx6	988d1d490d76
259faeap610	574e3f43ea1e
259g4bn2on	c2b7859b1622
259gtq8mtnq	fe45f241f649
259h9awo1ds	d81174020587
259ot32f0f2	a776171ceda1
259wrhihcgk	69ff44493771
25a3ha6iieb	c4d921cbd722
25a4c825cda	69eb45727acc
25aa6sugd6k	93ca7fedbdb2
25acriaor9q	16b35259f505
25adjd6g8xc	10dac695716e
25aecfc01bs	ca40256ac595
25aiwceg8cc	a3f54108679f
25aqy674l8z	3c70290907ce
25azd54k82z	980385abe827
25b548ro9p	841931ae4d2d
25b7qzyljv6	4cc08fc75715
25b9yivkht2	628e45ead89a
25bb7e45vxh	b36927fa49cb
25bfy1hs8sp	1eecae50475d
25blbwkrjg	85e6f031f669
25bmztjhtuz	fa31e3588be1
25buiol2a5u	97cfc40f611c
25ce916ebgg	835e4a6103e2
25cf9c76kv9	9a7206dcd0e3
25cg3vgztv	7e1e66fccd0d
25ch5dwywzg	bf64d8fa8c97
25ckj2z72a1	f96661607d48
25cli9b88cl	fc4b0140f99f
25clys9eymc	a7ca1308ac9b
25d08seqwev	2eb93e986630
25d0ozxp6pw	3311d5489edd
25d19dn349j	46220cc5834b
25d8671vgqi	bdfe737ce6b1
25dd2dzf5bi	80e0b9c9961a
25dimm34w0u	e7b731a41462
25dk6tkw6kl	59a986874dc9
25dw10tiiwh	1181aa67ea97
25e0z2c62h2	1a4117abd999
25ecadifo3w	d6632d631dee
25eovk7mcxr	8d209c94201b
25evhyd06jn	a99d7b685cfb
25f06903wu0	566cfa659e54
25f2jzebzng	27fdb5aaf0c6
25fdycpp09g	e1df39413fe1
25fesfsl09e	c26684adef23
25fgatp31g2	52caedb4af18
25fip5i2c2o	5b91c41f3485
25fo52997b	6d9c143ea297
25fuhkjfgo6	f7f24f9e5c01
25fuo5x3jwh	37a57f6dae10
25fvbnjxe8c	e46fcb22cefc
25gd54ga8al	16ecc97603bc
25gf1y9iwk8	f968b4fa3370
25gnh2vdu7h	a2442cd05470
25gp9urbcgg	8f4f26ae1419
25gzk2mtd3c	64655f594e81
25hbdsrcmnn	fa8691254c3d
25hdxttdjk0	09f1659dd456
25hexj8096a	df194dcfa0f5
25hj7nxwbma	6731351c14e4
25hjd82yfcx	48f0096fb807
25hmwbsg53s	f55ecb31d557
25hnmx4a502	ed8f42789f1d
25hw63sxaix	67e2afa66d32
25i0oqvlmrp	4eefd962cd8f
25i3tt8g2ng	897e06d6fe3b
25i5zilkpl9	97e34f486bdb
25i8zplv59j	89e140161bfc
25ia4lx0qoj	6d41f7db57aa
25iq544auip	f176315937a0
25ity8uueau	8924211afecb
25ivlcvo5qy	74c8d2eafcac
25iy3ebqz7e	2d7a24ff9bf5
25j2u236nkn	8e776a4c4278
25jaxpwsk7p	619b4390a368
25jikg3tymv	0139e72b927f
25k2riw7f26	4f9ca01d8daa
25k3bye0qn3	e2fedfbce106
25k7rdmhkmj	a9469e6407c3
25kbff0jgo0	9d9f33ed04d2
25kj01rvcir	8a01b9fc61b6
25kj50ojt7m	b09fd75a5b2c
25klj3jsiyn	cbdef2e195a8
25kr5brk80m	e5f1a4464bc5
25ksa5a8b1i	73c225b5a96d
25kso85ru8r	58982007f256
25kzg4cf0zn	469a1c81bc03
25l2xhlyx7e	381ec7057c47
25l5hilqe0n	d7d4e9b84333
25l6g0a7i3w	c20f2fff25b4
25lgfo1f913	2f927098d140
25lqqtud8ws	25e7e851833f
25lv52hzvtb	ba6b8094c4fe
25m4cb0iy41	679cf4971a8c
25m6tjvsk42	78c499fe944f
25mea95vxvn	f7c601dc6dee
25mgt7w1yhu	9c62cac7b05d
25mli0o80v3	d599a65f5c56
25muz8vce2c	3cdd39815122
25mwo77xoth	652457ba9efe
25mxw52bgat	0d9c3af2af94
25n3k7uda8s	56fcc96c1593
25n562t4k9r	c974441c58b7
25na8yt04nd	5eb2df647e07
25nn7d5k68e	f3986d201fbb
25nqb5nl4uf	1bcce614a94c
25nxmyoitr3	47116c4e3352
25o1t1gqhru	430a5d45d77a
25o678s90fb	7b00e24f2813
25o86rwwms4	8a94a57ab933
25oirznwu5c	508fb97ba02f
25os7p9ed9o	ef3b97643219
25oyhq206vy	8951e23baafa
25p4hngcanl	94566476ec73
25p7ymq5jrh	ffe7b89b6b92
25pbx82e1ak	1e92e1201946
25pedpq6l0	259dbabfc9ac
25peho0t59f	c38fa00bd2a8
25plwu1mmj0	61cdb20c4b9f
25po256rj3t	16db3a28d675
25ptbvhkfh1	f838ccc07c22
25pubegpef0	1e96f8fd151e
25pw43d9t1q	ed6119bba5a5
25pyt1xe1aj	ec123998b89f
25q565kxiyi	57068e4ccd12
25q5ithnbr6	57d09643f498
25qfx7b4pic	4100bd286359
25qfy6kilut	cf36c7c72a66
25qsy2na11n	1da9fc71eacf
25qx8v22oe	70edc878d07d
25r4x8qvv4r	59f50dd46178
25rjq5nssas	8fe82ede609b
25rki5y17sk	898e3d1f63d4
25rkv3wysu7	ec56259c7a39
25rmfebcqcx	e25a7375fca0
25rq08sb0nj	041dc2966b7b
25ru408r571	52020ca72eb5
25soxp8dmj9	5037b1670228
25svgdqwbix	deed4deb0890
25sxsu88wfu	2be2873e47f8
25t25frpv4n	8e1346977fef
25t3p2frva7	4839d700d9ba
25t9ywnx6m7	5cce70b270b9
25tmot7y8bm	ebd5c3a42bcf
25tnci52wnw	f0ee4eeb01d3
25tpqh151us	d65e9de9a274
25ttwy17kg3	6665e5fcfa11
25tuv1f8fy4	8e2c941b5ebf
25tv7yxx6gs	e3186b97e6ef
25tvld6ubxs	c6898d235c9f
25twv81kkmf	6923c15cd668
25u1epic4tm	4e023e6e05ff
25ucpshr0z4	88f525fb43db
25ug0wibgs8	12bd8987dc97
25ukdij9tt	c9255a3a909b
25ul92p49	7c8e8c5c94ea
25une26aaio	f4ebf269857e
25upkkz8bok	f8ee6fe5fc8a
25urpbpbgnf	a19b4f9d9980
25v8awq23qh	91a7b64471ae
25vdlzdbuzb	f335ac07c4ef
25vkd9ucifn	639ff6e2c1bf
25vos4gn1bz	d53b73665da0
25vpvkquqa8	1bdf827ba471
25vs63zui6t	cfd59714dd35
25w4rftqd17	53af6f0675f7
25w89wq73sm	e31b5823d9a1
25wdzhkzhrw	6b1c477d17ca
25wepr4240z	84a5a4e71016
25wlqrhnmo7	adb103485872
25wneoig5qu	292e65765ddf
25x692u93ue	2941d7941ffc
25xa18f57lc	8c4f55348c96
25xm4c4tpww	f9f9c62934e5
25xnpxsoe6y	d297e447ff6a
25xoaqj5yab	5bff1b4f89bc
25xqcn1rzmf	90cca7c9108d
25xyz7o9e01	ac480760fed4
25y21krcwd7	c0e2c9f134c0
25ya9hcxpuo	ba54c6b15693
25ybrgps62t	97866e228b99
25ycq0x4fnp	9d24ee2a72dd
25yd6763c4l	b2f6514afaf4
25yh2h1wsuk	f7dc0aae98de
25yjhk5p8yq	ef2da1993148
25z8w3vj5ks	c4077965f025
25zfq7p4dmi	247007d63ed2
260dsfq66q8	ffe907524478
260iaq4bkt5	8e21e76e07c4
260l687r8x0	f7af0e6567ca
2610z6kl3je	4c8207a8a1fe
261512q7n7u	17169d0f10cf
2619iv0e3hg	a119e39d7353
261af7zsa8b	81b6451909cd
261aoh451ss	616aeb3b8d72
261czg30v5i	023f4f9ccb10
261h6bu565t	a76e036de10e
262411mro26	48d4b461edb0
26249fy69cl	cc08bb7f67d5
2626rauisk6	3679239e1cb3
262mnika9sr	1e2a52b423c9
262yed8adnw	f8bb818c2e10
262zb12j34b	8245fccc1ad0
263219gwzq5	62dde159ff70
263eciptkgh	e1eb047d62a4
263rg264tp1	5d0e63f5025a
263w7m70tca	ab3bb4540f57
264a726n7bj	11ff6b8e56b9
264af6xapxl	31495d7eb04b
264m51ulya1	bc48eaa8d51f
264mjiy1fh4	32b56bc71a94
264pgf5q2gw	a9a35c936b16
264q5vmt4vl	bdbb310d2273
264qn820anp	2db9bfa13398
264vby91vk2	88133f462982
264wjnhmbet	fe9c249d25e2
264wlad4p41	84f769815e9a
265bll8i94r	8e8848f53da1
265em8pxvro	026608adb28c
265het5o95a	01bdb24bdd44
265yh2mhkhy	a2ff563ea040
2661qgmvool	12dd7bfc3e37
2665l04zm5f	0987dca3bd6d
2667sb0qgqx	29e74a90c96b
266gw2dtfjf	27ed1863b8c1
266khwyqsa8	d2bc68b0d74e
266nazdovo3	a2fcb68397e9
267700rkmk5	e4d57b1628ab
2679m52uscp	8fcbc0a70e19
2679tque14	f5eb14cb0ee8
2679zehqfs5	2c11e546f200
267ocjqkqs2	d77d0e592419
267yax7q5gk	ab615f1d3089
2682ow8z2u	252b454ee6e9
2682x9i3uo9	681e320285b2
2685paw0my5	3e8dea9ddf30
26865002fb1	bb287cdf6fb6
2686u2avb4r	8c30b9e36034
268a8s0fjzt	53ed8e3abdaf
268bjilcsdv	2fe17a7b7c63
268flfvdmhq	d8b63d9cba33
268h51cd5e	833a24b0fcf5
268ncbjlzzl	156b6fe21cbf
268nlu3hnr7	cb345819b370
268s8lb8rc1	80d8e8074029
268t7b7rll	cfef3e329a6a
268wanaqoiq	20bef3a2b072
268zhema862	8100549e1d74
2698fst30wt	4e2908e2e5bd
269eu4ijw1n	a9b9eed927be
269syfo5ega	14e776b860fe
269v0ysl997	be80a71375bc
269xl6xamui	401910318a51
269zbyozn96	bd6e219ad7ab
269zh5193tp	69807fd28e9d
26a730ry5iq	6e83d6ed1e32
26abke6hmi5	7279be304668
26ag6x3lfru	81af599186e0
26aoiigvyto	3592ddc3c5a3
26apwix79ua	bb23e8001941
26aq3t3gs8y	794361fcd11e
26arrgl7ues	cae6510159dc
26asz5ju2pj	38cef5df155b
26au99aq4yo	fdb89c1c7cd1
26b0j0byl7a	7ad014539e6d
26b3qq38pqo	0acfbc541d3c
26b6frityer	7f1668511387
26b8o7pgi3l	3504fe1a6e90
26b97dfchww	8608523006bf
26b9fnhse3s	e29683d44daf
26bafcl95cm	92f16ae15b20
26bbuxzt47z	57064e6db2d3
26bhg17pt3z	41102fe836d2
26bhs6nn6pc	a9d7fcc950f1
26bnnumagym	2a7a194fd751
26br2h82jcg	f8cb250c7599
26bz7pavhyx	b7cbacfc5e1c
26c0zma3t36	76232e832f93
26citdb74z1	c71a1a19791d
26cquzingn0	47df21c3c264
26cyrnxyx0q	6725b6af04f5
26d3t5f2isj	eb8e70507675
26d8d6ww0wp	b30023db7db9
26d9gkp4icp	e078cde6b419
26dap2n3rle	1cac880b2985
26dbp49ku1g	bdd8e3024e3e
26dmfnsruxl	d38d0080c185
26dn8rbw1xh	e1a57d27d23e
26dwu0vp5lh	649f8e034bb0
26dybwqbnc2	b81013ace5d3
26e0gdf43ps	5fdb352229a4
26eogbkfz0w	6f315e1cacbd
26ev8nww80e	fcaf1be7d738
26f0fq8ugqw	39185912d657
26f7i9egc0w	2e54dc2da4c5
26fhaoqx7qh	b0760999239d
26fl9sv2wcl	041903e342f6
26fm4cv8mkb	f48e8dab43c8
26fp5ed1e6z	e3ecc143acb3
26fs0oe5998	e8b1d7235553
26g29tnasce	a39e4eecd346
26g4iso044a	b163129bf153
26gbbp40vmd	7a1a73f4e1d6
26gc7i6o67q	ebb795de0b7b
26ggrjffud2	df179e0e8df7
26gjehxicm1	b3da5f860e33
26gn79kcsu5	6cc44ebbb09a
26h6ezjgc3c	df52ab1ff23b
26h7i9jz7nv	0756d55d57c3
26h9kgwzpkx	19b593380935
26hfe5ot028	c02890155383
26hfem7t2wc	26c83170bf83
26hlj08cszn	eb622d485939
26hnnzv7phk	921a5d4e8d45
26hovywbuai	dc20e8b0f14f
26hr2naxjb8	5a952811b922
26hx9xjb957	6aa5bbb119ea
26hzvx1j6nv	6b0767cfafe1
26ic0l2i1ui	57bbcfe5000d
26ihjetf90n	e996a50f8f11
26iqyudm86f	44e44969b64c
26izzf9b5kk	225add59d0b3
26j20uhanam	d21a0a6248a7
26j7gy4gs3i	6c8481eddd18
26je3djikdz	8541fa2e57d2
26jmp2m4ja7	5ff59aaa7c21
26jo9gl1djc	a3079c182c5b
26joem498hd	0805d8fc5de9
26jp2ybijxy	a4ad71ad2aa8
26jr95q9yz9	851241c355f1
26jv4rsqqp8	e54a520c485e
26jwmv0ac28	c07a3fa4fd42
26krcsad7uj	259960cdf97c
26kt70lgc1v	28f838613154
26kx1gaz9ou	de3bc96f0910
26l99mv8qg1	b990e3b985bf
26l9io22au5	8e54c1319f4e
26lel3e1omt	f4bf7c51dd12
26lhcv4hp5z	e3b59bf58662
26lqt7te39o	570bd8ff7cb2
26lsfa0igp7	a744e6612acf
26lu4ht3rn	5b3ea0891c6a
26lwc9ttkkp	f554479f5754
26mh05b1r60	da01a8419aae
26mk2bh1a17	a45f5a63a429
26mkb3ogwen	a87dd521d72b
26mmtp8mnks	50f58fce494e
26mnp6j0vcc	140277e35b2f
26mwqhd68to	aa4edbcf5a1f
26mwyb6cbvs	47769cfee884
26n041unb69	e3a64bfbc836
26n22kh467o	cc22c5deebe8
26n78e9enhn	a455bec4c35a
26nanoe2dt4	96589d782d38
26nwjb3kdku	35539099a0bd
26nxk67rw2i	5075e4f2078f
26o31ccyiqz	e9f208b0251b
26of4enehrn	8197d2844f89
26og76w678r	c86d3a49c154
26om2n2stgr	b23ba8d1b0af
26ool1z8rxg	fe2c9efe7040
26ov3x5n3eh	e654a1b6627c
26ovqy1hzi5	7dcf1f5e3a07
26owv5b11zv	c112cdb84aec
26ox3199fbu	83d686485391
26ozjz58xxa	1c1d9c66f98c
26p96kw11bs	b6602d566548
26pjyk1yrfc	87bb1202654a
26pyvg3iw5l	faed64c9c4a0
26q247rwbtt	b4633d4f544d
26q70tqc4d3	75b84aad4ea4
26qdwmoh8tx	11246bee6669
26qojudzm5l	dd227d7118d8
26qq7fh87w8	30a2b02f5859
26qtnup3kpt	564bcef8fb0b
26r0bthflwo	32c2f2e83202
26r3e9qn7qo	5066eaef5b11
26r6in9d3sb	1fbce805cbb4
26r77ql3ypl	0019cb553281
26rm4agku6v	a41f81717ed9
26rq0mw9pzf	8a231624ef33
26rqrfu8xyj	9a01d553d00d
26rtl12hz28	9da497db99c7
26ruuc3mie	55ae8fa71ffa
26s5njdvax3	92f0e749a463
26s7ja0mswm	6336b6c3c1a9
26s8h14cyyk	7af3c28f92b4
26sn3o7afg6	c887fe9824c0
26st8nkuqb7	cce2eb18569f
26stea44mjq	3cbf9c7a4577
26stjb1s9s	a93dccc1b3b8
26sz3f92944	553fbd999852
26t08pk0lgd	33da0b978398
26t6zw3b2d4	beaccc6c5337
26tal69dsff	77e34a6292bc
26tf5496mga	08b459cc5bdf
26thd1akgi	944f163025d8
26tkeqbwakg	d8f6bdf7658d
26tkrdtm9de	965c1ae3da7e
26tpaovtz52	9479679b321c
26u1c1jvgo1	4ae6f1d0e5df
26u1ky8tf7f	ef09fe71a65a
26u597p8rl5	144381e1dde7
26ujb44rwbg	41fe0e25824d
26uk1ajubnw	24e1cb8e4cbc
26uk43bdaay	9ba6df51639a
26up5o1whmn	618a9a5e5137
26v4h94ckoc	2909941334cf
26v6wsg5d3i	5f097da96e56
26vg9nx8s0x	b0e207ab5c1a
26vi2necltk	825e07ff6dc9
26vr9ad4xwf	a6a3f3b79d52
26vrscytb5l	3693b12f1a6a
26vye7rlcn8	6035a04daf79
26w1fdh6eni	78bf22a0ffb0
26w29ksnhbx	718b5a4cc086
26wgx52yn5s	19c35854fe58
26wkn1yxsvv	071aa3983385
26x4tv2z43i	ac78070153eb
26xigx9669s	60ec7556a75b
26xvjgnaycq	db2471d8afda
26y06vozejg	4f70bf140951
26y67or1hoa	6f3b10af788f
26ycjisyqyj	af5042fea4f8
26ygm9abudl	0ed941171c4b
26yk60mijpk	6dae4fd92e08
26yudoimduy	3d34d2d63a2d
26yuih7x5zy	ae0dba522ea9
26yum9x6v8r	cf28e5863361
26yuu4vwkcx	3dab68ee3976
26yx2rkhmij	f5275ce3f037
26z5y7re8iy	95f46359836f
26zezt4hnc	1bc2c9ef5563
26zmlyw1b6s	618a92585760
26zptkc7l8f	ddadf8d003de
26ztmer4p0m	ee5b6fb9c20e
26zvl7wgvsi	70bcfae42108
27070gj1r4w	0b95e23454ee
270b2i4bv1f	603128c4d651
270ek9uai0t	8c2b20a99ee8
270jqgo3ekn	4c524e2faa7f
270s7jqjzfl	ea8149c9cb67
2710iipqx18	f88ffd66a200
2712l4nhavl	49457a967738
271bkchwzi9	dc0d50e67b76
271exm09oct	537a09e084a0
271oi1quhdd	03f388dcf7fa
271rxs56d4d	dd36977d7922
271uybuyovw	ad491b102199
27272dsjril	43a9ea7852cc
272ljokwge4	0b21e95fef60
272lli3ny7a	394abfb07e7a
272xaholle7	cd94c9b0cdd5
272y1fni5hr	c68073167a6e
272y7zyijzu	b8c07fded5b6
273bx3femwk	55dc38f6174e
273djsvzzxa	57eafafafc23
273dwhh6f9l	5ef8009b5d1e
273lgl8yqi	a7c61b2dfbec
273lmzy7mr2	f7e8a2e65263
273phvmomql	30b58d70e55f
273svfr4xqv	0d3aa1485312
27437pxgmi2	a25a6519cff3
2748fwmi4sf	af00c9eae1ea
274fttrfxwr	aeefe93fb117
274h52ktztx	464e75e73c8b
274ht8or1qn	00597c6a9c9f
274rmh4k4ng	04173e600517
274t8yern8d	7e5c24e8d69c
274y4o5dq9s	a57ebc5bf37f
2750sdnoo3c	327e5d4248e1
2756uq7pkp6	da0668f6683c
275dhrcry0i	d0d647156d2c
275gpcwb1bu	897f5308ec74
275hzrm3eaw	8c7c5473bfd5
275pnytpdgb	1f50a7f69432
275qsb2wrme	d57d7edf8fd5
2767c6xki67	366b431ae8fa
27695jumtld	8aee5d59e0a7
276drc37086	6454a98b96b0
276jikomrk0	b922d54ae978
276ks8f7ar1	7a9bb639a2cd
276ooz26nah	814a32a0ddb7
276r1u3xi7j	4508491876b3
276vfxmgqo4	4c5596d9ce96
276yoyz2n89	9462ce0d76c0
2773pckktlb	7c76294bc0d2
27778930v7b	2a45ed1710c6
277afeco06w	d32c0c0b2530
277cgpfu1es	b255e964898d
277clm4by90	e5817fdd6152
277cvewjlbh	40cf635b8235
277mrm8dcd1	835a08db610a
277pm7kwrcc	b7aa7bce2f21
277rndrevbm	6b8e8f30fb40
2780agitaxi	b5cd7fc15255
2786g0oidiw	a1fa753866be
2786ht0ifk1	b4b79bf0c69d
27892lqa9si	d0186830cec4
278fjyt4rco	9f27facbfca8
278ks5fx09p	5348450c3bc0
2791u4dhs9d	21e6bb96d4e8
2795joxucr1	af08c25384ae
2796eqtqa7c	7bba6dc5756a
279fxy25fnv	d8267cd194ef
279nfemcual	0a67eefd3a74
279pzvdxbmr	f8a907337c3c
279s123baui	ad875acd97f1
27a1wacu7ao	844798641842
27a2pt0cma3	da64ec09b790
27a38f41af5	68841b57240d
27a43hzxrhb	fdfe6056f5aa
27a55ft4xla	eb7e8cb900aa
27adddxxhvi	a68a6129ee01
27ade8jvegf	333e5c22804b
27ahbsjsxs9	556f843f7ddb
27ahf6fcnim	cfc3334d8bb7
27amf36snyl	7ff9fd8fe0b2
27aurvp3bzw	4fbc53ca21d2
27awtc9935u	182932034c1f
27ays10s1yr	060bed287035
27az7vi5jvv	df17230d74d2
27azg3vx90c	04aa8cb5d56b
27b2rb5y7hp	b0dddf281f42
27b4f6z5y4y	896eb08468e1
27b6koxemvp	277a6a92cd2b
27bl60pdrnb	725394d9d84d
27bm7o69r6b	f96e8117063c
27bswxe43i6	3ddba568d175
27bv053tvqt	59cc5db972dc
27c0muahea1	ebfcf91bfd64
27c3jj7p2uu	060a56743926
27c761t8ncl	afeb009f9bc8
27cf2flk9nz	2786154942d5
27cj863oiha	0f58fdba4cc3
27d5lt5snz4	61ec028538da
27d5sb14fgz	08cbc39c5ab0
27d7blyg4jp	8883da31c856
27db0rbgsrx	25dced5b36d4
27dcfn5xcbl	788f885c6d3a
27dcrzc3xxl	f0dce34bd4c0
27dfmluu4rx	93b2d412f612
27dg8t3r8b0	0e2c6c0fedb2
27dmr2bmiqz	881ec46860ea
27dq8uu9gpy	70e0e04794f3
27dujrxwmuw	471ea3ae2e52
27dvaaqem84	fe1ce63288bb
27dvmyt5vfw	18cfaf513eed
27dxwnpunkk	f277854dea78
27dykepe0i4	125b6d4b0115
27e8h5g0xu2	d223082c887a
27eiskw9p8e	c755cb24a853
27enqicg37o	f5de1c2c75c2
27eoyor4b5d	e06f7f0d2c0a
27et36o85ig	8b7a4997b25e
27eu44y4ox3	e8df5c0304ce
27ey3cyf2iq	479936640dfe
27f1h7wudhm	8a828d943b14
27f5knws9dd	0e07922ea667
27f5r0dtlb5	a38de5388619
27fbg5qzzl7	3c36d79c629e
27fkjg2hvz9	fb8ff398e7ca
27fmr8ojh9p	e8bbdfc10588
27fve12qom1	543032e6a9fd
27g36917gxd	e5255f0a4f4e
27g8s0fht5e	2f0e05eb2f34
27geb0ewbj5	49072fec9986
27gi9kustqh	1c46784b5106
27glwlibq3h	777f4394327c
27gp12lix0c	7920a37a0d42
27gwoo2p8zs	82fc3cae569f
27h8zuxcgzf	89b9be13087e
27hg4vuy6uo	98c079d53398
27hr5fxperq	5b774fe0797f
27ht8ti8equ	51f9dd99c61e
27hx3ctq80f	f32696f02f53
27hzpwsfcwf	47a04f335187
27ihm5eihgs	5f3464052dc4
27in0yx3ikp	dcb3f316b5ec
27iuqmoqb1x	25a7c45fc79d
27ivghfvszk	8c606777b56d
27ixcd2o0eu	4231c5702539
27je5iyzg82	fdd5744ce5be
27jplkm7xdd	db4a5dc868be
27jr4io9qym	513b377f051c
27k1ccoj1so	d4831f82545b
27k3jtbiuq2	a15f242eeb2d
27k83165d6y	c5285b6e602a
27kaa40mqgr	2b7cb6b6d90a
27kb77rzfhh	155adcb6b103
27kdr6ph2h9	a5a2b3b5693a
27kftdunadx	719f44c04b1a
27kmlji4o9h	4ec1f5a37428
27kpdhyw3tr	6833f1756a1b
27kr2toktw	1664ad0ce5b3
27kxetw4jpf	19930b885dfc
27l9nkn5vue	4fb33de0193f
27lesl66vwo	945371f85969
27lh51qr4ic	4edcec67d236
27liv7avwb7	446c6fefe1bd
27m187094oc	4359008e0daa
27m2uk7kgxt	f4175c468c79
27m3qyi4r8p	c157357ea0a2
27m6d942n98	455c2829a6df
27mepy8zmzm	47973e3dec01
27mjljed7ff	e834d470249a
27ml3tn2t0z	6023dbd214b2
27moxxdd6do	ac0d1de283ef
27ms3lro6pb	d99bc34a19bd
27mwdo68qim	b93d79d360ab
27mxjip3how	637b8a136415
27n0i7oln44	55c01b64db52
27n39zgihrb	38cd35f526dc
27n3q0yiihr	d0353e37c7b2
27n3uf4wbod	36499c83d350
27nm0e2tvjr	fe4dae1521da
27nqc3ex7wd	aa8195193621
27nqef1j3k3	54ade2604e2f
27nsigr9hjj	5c7c0fdcc651
27ntygsvj24	fbcd4b4bda2c
27nx3dv4wpz	d55125febebc
27o0pcpej9v	578b2c456d0e
27o1hz8spak	69376b548444
27o1ufgpxdn	d161a92944ac
27o1wvxb4w6	161a0d9c5a6d
27o796hhw7p	e1e53f03edae
27o8l5857c7	725001e1ce55
27o96kfj1n0	54953b9be7aa
27ockstvzuk	d42bd810b994
27odfbjdlnx	63e10c94f0f0
27odx9xmemn	f8d36e1a4310
27ofhmh69ka	7a476f1eb376
27ohve6ogem	6d507778c452
27ojq99cviy	eff55216ca38
27ojzgk7ory	9f3da3490f4a
27otu81jr19	52cded80bdc7
27p3li5p1fl	caa684720cf4
27pbloe2xdb	84110eaa0146
27pdijium8e	7c240ece6812
27phw09xksf	e7a75e63d593
27pmk5ln0d2	43c6eda207fc
27pqbs112ur	133e8ef1e680
27psizyksfy	fdc523f6c2eb
27pur5mkcgx	098c1e6b7d1f
27pzkp2kwah	46e8fa6f9819
27q02vm8js4	a371e63105cf
27q8aifn3h8	dad645b1a02b
27qnf0vabhk	9cf8beb810c8
27r2he6hefh	01f5c8869f78
27r9g9ix5h9	b21f3d08e691
27rd09jo1ld	4d61246fef9e
27rdyxt61s3	505dfe6f3a1e
27rlbp0guav	76e945703061
27rojlkey0p	96348521427d
27ruptxctq2	f94eb92a7d48
27rwue85358	9a2b5129802c
27rxa8k6piw	db0a605c7fd0
27s0brs7oe5	a693e68cc62d
27s6l9jjxx2	a48c466cbdd8
27s98wv6tg4	d4648e478d88
27scozbvvbe	3eaddc159ec2
27sk5y3jydk	51457afb7941
27sutyq70a	5073d4a7e20c
27sxzyoijyc	be1aeff1b948
27sy3aos1ak	b9218e5c0947
27szwtu412w	79c3de06389b
27t2q8eir7w	57a34e58fd14
27t5ybjr36m	694c98669e7c
27tp10l5gmi	d5a104750714
27u2kxjuufq	9675ce7d7f0f
27uadzl96om	796fc4b3f95e
27ufkz03oy9	c89e44fa0bb6
27utvfqzhfc	5f6a2d74f2e2
27uuxqv0syt	eeb6b8c2fbc1
27uvalqwwuz	e227db8bef13
27uvm42rxic	fe1b8e5de841
27uzxer9tzc	e579a9ec009f
27v2p70s3uz	d142dbf5c79b
27vry0k1taw	ecda2ce7aa8c
27vyyhb69b7	6d079cd4bca2
27w7lkxn5kb	7a3aafc16a82
27wjwls5skt	524be1c94a81
27wsc9gxyls	b155a6b2a700
27wtj9k75ey	8670dfd6f8b0
27wy5767gt9	40d3866a54ca
27wzlwbpyhj	13cb59598547
27xowbeepun	85a5e27ca1bf
27xr0env16t	4ea110284593
27xvg6ohhaf	8caa20be800f
27y54mraru8	2175b520341e
27ycxhghx6l	6f40315b877b
27yesjvlxas	27702a5c0050
27yf8w11lrr	5effa22b3465
27yjnkg6agg	77bec58b2b50
27yjvxfk0st	ff2508cc6b7a
27yluktsr86	09226671ec47
27yxiescc8a	3e574721f91f
27yxvigjbzp	2514c8fc8d4d
27yy89601q5	4bbec87b3558
27z2bpgskk3	3ac7d4ee7e7b
27zf5fy9773	0b2b3dbc3cb1
27zgcfqby3k	254e399a73b3
27zhbnhisey	cc9e2d1ac4cd
27zhbrf2lan	c73971b218eb
27zinqhadqu	1ffb68c926b2
27zt7bt3u8n	f64fa81e6ab5
27zvdrlng26	f700a78be251
27zyzxuusxh	9f6bfd181932
2801o7jdhl3	5b3aba291994
2807oe0500u	da977be6227f
280eylo37t0	3cec3dd77913
280i38ct620	2eb626ab20b3
280jf44vvwn	d34424346498
280lvlea1o2	feb425afd3ec
280obiuosee	be52d230d595
280osta5eq5	ab34af2637ff
280ua7iukkv	b8b4bcca9a7a
280wpxpsehl	48e49aeee28c
2810bwph1lw	ddeb9031cd77
2812it39izb	3516fe20ba2a
281afhvp2a5	882ac0ab5ef6
281l4gltp27	8313bf2fa9c7
281vjxb726c	a2a5a8fe37eb
2827l0vx6fq	ae3db748e8f8
2827yfze430	304237ade7df
282etfohgp	077490ef8abc
282f905c1yx	f7a1c24e481c
282hhynx1xp	988451f08f0e
282i772eaqz	da725224b18b
282lfak13jg	eba73199f2f2
282n3ch6c9o	a85a203f0a11
282xk8iuhle	1c11058d86b2
282yoce2zdp	d51c32a725cb
283579l9pyu	eef1cfc73702
28378p5abi2	96363907b060
283ebmleofx	7f5cf7fcd014
283hlif71hw	4d1e9b988c87
283kp675w2j	e7b908422d4a
283kxffejne	6ad91c64621a
283nb3uddrm	b346ef3653a9
283q7owbeu9	bdec1963071b
2841az37cxy	cded8a4aefe5
2844xx6xldu	115d24c6eb85
28491hefzh3	88d3ca2069f5
284atgs05i1	068280b9fe10
284f7hr5neq	68cf7fe45a82
284iokm6lnq	b4f44e2716dd
284iq6appxl	9efd06d36a21
284n0v2vslk	177862cb6767
2851r2l9b11	66d8e25ee3c5
2857xyfheku	0ae06058be25
285ddvogwbp	4203cea59ca8
285rk15tbnn	f4cdbf9d61d2
285zx91tw4u	b7eca8ee3805
2865pzmdy2l	8d79586a4903
2868kcw8avs	dd0470c9d382
286fsz5sktn	481eef49f84e
286shtqtm2u	5ff44fe6e175
286v9hxt7e9	7449373e9e9f
286w3restxk	dd71a2563ae8
286yyue7k4e	7a9934cab3c7
2874qacq2xl	67f4ffe770b5
2876odhekzr	326c7a57a0bb
287dgfjhn1h	25fd3b1d59cd
287enpbogrz	8b5174d164bb
287lxf1pqbb	1f643b0e5899
287nfvzrikl	d43e643d3df8
287wppbwdsc	7afd1ba75fbd
288045zltlz	0af5d8a1d271
288i8fhjhrc	31309c00f719
288jlozcysd	719f2bc1c308
288kp9tguut	a010e9d20a6d
288q00lexuv	05ca8e3b93b3
288yflban7s	8d4b9c9650dc
2893v3bmunq	9fd4fd1ca337
28951ec3asn	cd7101918545
289b5aaqcov	a8fb1418a30a
289hp51himy	dbcb5ba9b27b
28a3lgxq7ok	a7f31eda2ac0
28a3q7te9ak	c1687e5251a7
28aal0awbkc	64231946717c
28ageweqcko	05630fd20246
28aj3zvuh69	9947f7e22f27
28akw9w3abn	12a8d5827dda
28am94e74ek	0586de1dd50c
28anev1g1oq	64322eac04d0
28ao2gupmqa	2b977524e3b7
28ar0c844f4	0f44269cbe4f
28as49f970q	f27a87e120f0
28aywnvn9bw	fa95d4fcc402
28b27q9ocyp	c18f3faea9c8
28b4kfciq6p	bd398faea0dd
28b7l801bf5	b454a33a8fdb
28bdss2momh	bbcb9449d1bd
28bjw5ye5um	cd47fb313fed
28bmobwqdml	7a103bd4f052
28bwopvuq14	556098cc6131
28clpu3oy4l	c2b50b93dddd
28cnnoswoo3	92bd8fde5ece
28cqui2a1vt	70076eccc701
28czrca5n3z	50700f8efe55
28d1egnghdb	fedf5aae19d8
28d87m30kn4	249c7233429f
28dboca34w1	762fe70a5682
28dfj09khmq	4da32baa1dcc
28dnw818yu6	2828ee70b1c9
28dudzzl9bi	a66501626762
28e0nskwnrb	5512db56f55b
28e281xgvh9	dd69a1e1cca6
28ee26q7bm	e62e66c2a520
28eewt66w66	826226b8ffaa
28ek3q55tic	fb7f2698df67
28erdqo85b1	ec7b6efe8d96
28etxqr8nt6	57508aac823a
28eyy613av1	7114225c042f
28f2dbhfctx	f53f9a2c0ef6
28f888130zv	ff3753196763
28fexai8fox	831086ebc237
28fkokztgew	ab2ff82a3740
28fyy3zzcl2	bc43c1b344f4
28g24wjmj8w	bdb19dd25363
28g6r3zk0rm	bff3f3f9040b
28gbwswg9s8	3b9d520152b3
28gdv3yr61y	9cf15cae4ede
28gf2n71k6m	aa8d51f60f3f
28ghzvj5c02	fab2c961cec6
28gj8m94g9v	af4207d237ba
28glaij3c1w	d138738e15f9
28gli6vg53u	f8452080ebdd
28gvuxto5vd	57560c06da68
28hoi0sfln3	a7d1f2fad673
28hri3dm5t3	8001abfca4b6
28hs4qhy3j7	d5867645cc78
28hvgvlexg6	957501057640
28hw7npo9ny	de740de2f05a
28hxw34mbs	26b4417d70d9
28ij9i7ho3o	cb9376f2066a
28iybo4b2wx	266b450968a0
28izuex3278	943456361d17
28j4rdkwr6h	d1662a23a75f
28j8x62dfr1	1ee3a5e7b478
28jbbe58o6l	38158756990e
28jchkf9tl7	fdbf2382ef6c
28jfdl1wzs2	2dbb0c33fb87
28jl55wd0xx	a3580153c224
28jmwn7rwby	6d5bad58a598
28jphi88lxe	acbaaf986958
28jrhbme162	beb28942aa22
28kcpvsfprj	a0731cffc58d
28kisgx48pv	356121d46b92
28l0e7vwci8	d977657c6e97
28l0g0xikt3	ed095ea620d1
28l68lhc770	52b7a3ab860d
28l8j606hz6	32708196acd7
28lamxxbtrk	46ef747f9d8d
28lgkjcpzn5	3df25e29db1d
28lko4yz0wt	e0c11bc22ab4
28lwxxcxnf0	3473cb949c8d
28lxsq27kj5	46b45c5b93f7
28m3v9gxrzx	8c53db1efb33
28m5si4ul3j	fafd6c7b62a6
28mbbycldoo	42eb79b9af37
28mbt5qje9i	6a8eb21b5b0f
28mcap0kdx1	1dafbdeabf0a
28meoq871m1	c018186c7036
28mfqr3v2eu	0a609994b795
28mjbeyg9wf	0a2bfe4bceea
28mjqpv60il	20e63c36ec8f
28mkuek8iac	42a7efcfa1e9
28n0ayiqacu	c00ff2314c96
28n2a1itv8g	252539def08f
28n46ks02pd	20b5f0fa9508
28n8yu39ksk	0ef7fff07eb6
28narx218ym	47b6dcfe8c8f
28nasfmpg1l	a2b9cc94174b
28ne9e1ozz	b9e782ce19b3
28nge9pm90c	b386edc6456b
28nj6kpk2cb	2aa050f7d0c9
28njav6zk66	867bf0973901
28nn00r9gdq	15c657256e73
28nolfbr5nv	94f15d3b6a1f
28nrafgxgiz	306aeccd854a
28nutklv30f	60699036a694
28o6ukmac18	4041baff738e
28oie1vvx04	85d8626babd1
28oik2v73xo	05cc469e9ff3
28ondjmknnw	1404f2abc6ff
28opjp87pu2	d4a2c10c6aa3
28ovr9yf1qp	9a544ceaf078
28ozn34kmys	a240293dd5f2
28p9xohzqfx	e1284ede585f
28pa89xminv	44f9284d6b71
28pcd48h71w	f35722bcc9b8
28pqoutx387	93d79d12799a
28pu18pue66	c453dffbecee
28pvn65uw2d	fc428e279531
28pwfnsjfxv	713bd267a0c8
28q1qx01a2a	25d9705a4b2e
28q2johvphg	8a61b2995cd1
28q4xn2ign4	a2e111cc1a93
28q68vprdzl	39313942f805
28q7dmq84by	21d0ed180d9a
28qhffhsqz5	89a4ce5d7300
28qi12sp1ra	32272e5f602f
28qo3vai519	d9f157ff210e
28qqta5p4o3	d1312a690212
28r2308yutj	bc98f9466cd0
28r65tz72ig	9cf772c4e513
28r7sl1p7k1	a1f7fa5bb6ec
28r7t88glwq	6a2cd88aea0e
28r8a5mkvne	b3242f339f67
28rjnv4q5vj	81c32c3ab195
28rs6dx33q1	4cf8ab94c8ff
28rtc6sac32	e89ad2a9602c
28rwlsk5r35	347f1de7e70d
28rwwfacu6j	e80a9c811956
28rzhrs2j0i	43a5e0ed8983
28s3qrw4qtj	5aed278268d6
28s4dxo5bfj	364b125e9338
28s8d7lidap	b4495b67ec6c
28s9qyviz8g	549c21e77906
28se2rrp4d2	f8ca61fdf188
28shw16u407	60307bed897c
28sok6zzdcn	abd2a1ff1889
28sotbf4iql	025955cb7601
28ss3ed3rud	8929b4ae0fc9
28sv8ftqmh4	258959aa8c74
28t0ksrbtiv	e0f18c727632
28t0qqece4s	127c8e305598
28t1a10ricf	27e0b589b629
28t1vdcu9t7	0c7aafe9bab8
28t1yl7uwmw	ab5b9bceb92c
28t999bvpbe	15dcd085ca97
28t9lt7epkt	9c4742223e01
28tcmxj9c97	db3465f9466d
28tffyqs597	b8f26cbab744
28tv2qep6eu	9a9f3d4053f3
28u51yjge	dc9d96ffb51a
28u8e67ta59	ea4e2a6b7918
28uisjgx8me	3fb9bd4b1468
28ukccdumhz	c1dd067459c4
28ul2zgfd29	1c87363fbed1
28ulgcadb9z	b08c6c8a939b
28umudpbwzj	236143799027
28uoz72gvek	fc108eaed44a
28utar4rzok	39aa635d044c
28uv044n74o	3cc24c63ebf7
28vdmcg2nwc	41316c1e925d
28vjtqytaee	ccbad52d7177
28vou4izwsn	eb370da47b03
28vptnhbu20	0cd240e56a7e
28vpu8zwdt	d9fadff65720
28vruwoye16	a690990d01cd
28vt4evidy	c700cbca3363
28vweccla5r	57744d7fcc78
28w3vpg9u99	adea9d232277
28w3w1dfb4l	08134535a474
28w58lafifl	1658957afdf4
28walzzbb9l	b883d8f27c6f
28wfq2hafpb	778ed64bbeb1
28whzeaxcsl	8dd08c0d0048
28wjvt9evnm	e5fc6fb36a13
28wkowscahg	552b815ce18f
28wu2bls1bz	2bff0648ae98
28wuiolnipt	aa3f0668666c
28wvvrj59lm	2b52e90b2eed
28wz1gxdald	879d35906390
28x0c229xby	49c4467e8745
28x0q5xenqc	d7f74c7997b1
28x16xo9utr	ffd04817ab3b
28x4n78quc4	d8db5f9bb443
28xnp261dnx	47291b61a8b5
28xnwd3ne8e	82bf4fc76629
28xos67gzmw	74e7564d350a
28xspfw9x3u	4e81ff9081a4
28xt132n6b3	a64a8639023f
28xt8dq12lp	48ee60e8106e
28xx7wuk4gp	ab15bff8b19b
28y1e15ax05	bcb65ae74461
28y6sezk1kw	f54a5f604168
28y7htn1q1q	3e094fe4d97d
28y884bwjeh	e351321c5422
28ybkpx5022	4ab1a8a27d08
28yficr5zqz	bd087b8e41c1
28ygxzu82cf	c7bb30ab3412
28yohm95udz	4e5a50015856
28z6o174fnr	3cde8774dfbc
28zkmbrxx76	f990791bfd6f
28zr03guhx3	2b431f763f74
28zvbaum0yi	477f4e199d39
28zyfi8dfs	5cc7bf9a2889
2902kmwq4il	a250d0f3be33
2905dw1tivz	5fbe594ba737
2909yz7k30e	36fec68bd299
290a0vaz72n	ffe056ea9ddb
290ednkbc64	141d83578212
290rd6te935	7f96e81a1945
290u6dx51po	544c928791f7
290vw1tbyv	87c8610ab5ad
290zkmecszs	bacb96299f8f
291034ou89	9abb58f7cb2b
2910nl5i20j	ad2e6bf434bb
29130mnvvxb	91ab7ddc7a18
2913ve721nf	21f6456ed702
2915kgjcme3	d20199874f90
291ajj4tu6e	7305bf561f5d
291i0eyqo6d	8afa505278a2
291knmngl2h	336935073f41
291nd2tgcu8	042a8988b53e
291pt5rb92e	342cf4daedc2
291r5tr2x8q	86abb551ba63
29247eqfwqt	5b68760d3841
2924sa8rqpr	f9f6730f2b18
29251l6qvm5	60bb2efb4eb5
292b6z8yx25	dfc3a18a6059
292jt8fwt86	8cb6f50d80d4
292kl087bwc	0b4869b97999
292kxcseayt	56137b6b339c
292ntyr2kwq	23c57945b597
292qsn9nfip	6cf50335d3da
292rdoq1uly	9b958cf6dea7
292zjujs1xy	748e8074ab79
2937zq29gvv	4011041059db
293el2133mk	7801afe1fd60
293esit2u90	4e8ddbbc83d8
293v4mqxy2g	f32f5c0de1de
293vglu9omm	5f91eb7a27d1
29470g91we1	c4ca35aace76
2947f7lv1o2	17f87133cc8d
2947gleyaib	4d8fbd23dc79
29486fs7bhv	53735499aba2
2948j51tlir	3ce9548be4ad
294czg3a8f7	e44c0a9f5a5c
294h3rak1wf	049096f66545
294l02g6dei	47fcf1d3d428
294l4w96aeh	cc6f0c5b77e3
294ljkegcp7	45f71f156644
294milywli9	52965b8e1885
294u3y4zzth	bb0b40680fcb
294wpz1ok62	5130b5661fe9
2952jlwl1m9	f2b40ed7972a
2955be3m8s8	42fa61d21d58
295856stbnn	5d44ebde2de7
295px5lfgj3	fb2d0c367709
295ys31t0hu	e4d14d16de93
296414ylptb	9a4df189bc6b
2966wg0nvo0	77103053f7ce
296furrggwo	544ee6af4bcd
296hchrivli	99e424677280
296sjbdtggp	1a9488618a6a
296w3srapzw	5a9fbaeaba7e
296yab1gcyx	05d306f6b866
297354x2u8y	cb417e3220a0
2974t61mqaq	bcfd0a89324b
297sbbaxcum	fc95b038d11c
297xzhhonhf	7cb29fa7f8f0
298057jw94p	e2ae71ed631b
2988pnkqcfy	7c92d18b842d
298cmnmgwhq	1af81afcd5cb
298cpxukpab	16ceb42267aa
298fg6810ak	982ffd541769
298hwg3qtb8	51741df57b5e
298ntfq0z2j	9210457ab11e
298xu6drh3f	7217af94074c
299745wvc8w	71abfaaca6f3
2998mrbi3y0	a808f0575ca8
299a9oufclx	a8db9aa477a6
299akuxlcs9	3a86dcd8e393
299c2pmebk4	3aa1a3259d31
299d1l1z1zp	633c1a3209b8
299i8q4hfyq	3713ab7eb990
299jd9dmlzd	4a9ad7186b50
299sl5hpp9v	98c4a9d224cb
299t22c0fw5	074701ad90e6
299wzpkrxdj	0cb21c27db27
299x9xwcnc	50c4eb5ef181
29a1zpx8o2d	759109c1daf7
29a56snzcq5	49b48c6cd9d9
29a6fohsrig	c3e52cd3625e
29a7cbmv3aj	2b90de7fab93
29adg582nc5	60b43bbe3fba
29aioofxwcg	7c2019ffe10f
29au02ku3i9	fb9f8f418408
29aw0j8r5c6	a5c070c43d52
29aw7vdzn2e	6ba62d1cf851
29ax017lgpq	486cffb1bbe3
29axw3oulkp	e3b203242b52
29b0xq3rrlq	537c7e4a5afd
29b60qq4ajc	d984233aa7d0
29b64ri03rg	b5706a25fee9
29bdax13zro	3c420e0cd051
29bfkqig4fz	00a78112af7e
29bkqnv8r82	82de3c5e06e2
29c2s28ev22	55fdf770bdfb
29c8d7yeoru	3d0ff45b1cd8
29c8exm0ss4	d9767ae8ff1e
29c9w8w4awg	23852e30b794
29c9xc66o7j	95355598aded
29cb0pd2p64	b059883da851
29ci4km0j58	2fa947ef0138
29civew69lg	918cbefa20a5
29copl7fha7	9d5ab3f12392
29cscftxvui	a3af13ce58e0
29ctnm2m7tv	e406f06a97e6
29cw4ode72r	3bbc15d52b09
29czob2w86	55dc7fd1362f
29d15a2fetv	3e033f8523aa
29d1amxc1bo	8c48ffa268f3
29d39ffyk3q	055a34ebcd8e
29d54iq1cos	3419d86d17fd
29d6dhsgehc	7bb8de545a07
29da8i0m673	f513e5f7c2cb
29djbev6lop	a96685f0d23d
29dwqr08n8t	518681c04455
29dyoo1ac58	ab8e67832e2e
29e1f8x7q7q	4936f2cc677d
29e3tzmeds2	420dd73a2f5f
29e5yo6f1ek	f4a4c0a0f88d
29eh9w3d4fc	a19c8a34edb9
29eo9a510l	318f70b58e3e
29f355aybo4	059b6302c22d
29fl9sjkvz1	0651fa5d2361
29fsc9xh3my	43b6dfdebafc
29fse9l99mq	5b399afdc7b8
29fu525a8i4	670792595f48
29g0i07kf62	d22cf6a2aa03
29g5nyzi82w	3387705af726
29g97pln7cm	a9ef3e684808
29gc8gvpet2	e6a46a76d149
29gg2wlds07	7c466deaefad
29gn0b00wvb	4d1ce1c8aeca
29gpfb52rhc	9e23fc75f3ad
29gt2f5srzs	3dd427f32b51
29gtzf0oebj	c925e58afbc0
29gufreap0e	1acfb1c5fa0a
29h4n0ry89b	bf318dff1170
29h7pnu3b8m	0842bab1fd7f
29hekczrc0b	5c18d28e204e
29hkenehgu4	5dcd847a2567
29i4bejd5ha	2aa1d73e006e
29i5qudhwb8	0ff7119a92d4
29if72cab2n	639fa89120ba
29ija877mev	f2d297b17028
29iqbmo5i95	83bedefd76d4
29j39wwnffo	7b3d38601a07
29j8xfcq3vi	631e30ce47a8
29ja96m7xbq	a967600ac2b1
29jsg3ok1wu	1e4a230471ef
29jt3lx3g0i	e27386d6c114
29jw4npx78m	75d10f29a9a3
29jz0kyoozn	183450fdd79d
29k30g4z8sc	14bec2bf29fd
29k4dyzwycv	d6eb3ded5a9f
29k8z1k10he	179d0f88a811
29k90fzbzu3	fbf9a6faeb50
29kbskki4vc	189db10057d3
29kdm79uwax	d4fd839b6452
29kiu9klrmz	864567d7ae6c
29kj02e893t	d3e026b19267
29kjpxamk5q	070889bf19fa
29kp9ru4yvo	15f493ad8d83
29kuzih9hkc	89439c33cf37
29kwbpsta8a	1536c37eb4c9
29l4d5ewrf7	982022463637
29l84asp71b	8347f4a80ad6
29lcwii68zi	86ba83b8a2c1
29lidlxzzo5	dc980a69ec94
29ljv689vcl	b7c4f2f2ebd4
29lphy7gwen	ff3d20ef5150
29lpjlz8h3v	8050a53c4568
29ltz4t0cjt	ae74b8e7824e
29lu33yf06k	2f35232c3e3e
29m0nznmog	086fddbb155c
29m6ve1u8bt	d6ee73b7e2f5
29maj2ymbzw	7642862bcd1d
29mhzg4uqyl	30edc84552a8
29ml9owxpi2	016d208bacee
29mlri4x1k0	1e1c2aad54f1
29motvdwwo7	107aa84b815b
29mq0uxgmd9	2356746af564
29mxfasw7yd	5d5228eef57a
29n0ar71818	5f96a349abb4
29n1719lags	b84995c85555
29n53t588ph	c28b08156eff
29n6r582753	85d6f488f60f
29n89nyoh4l	e12310bd2a62
29n8jmy5fd6	a36e939db421
29n9kl5b1xt	9bf9460331a3
29nbhrs8mbc	617a1352977e
29ng43l8u6j	9b41adc9b7c6
29nglsjupip	afc1d518dfdc
29njcm91nee	4c00121cead8
29nkbcgq74	66eeec4fad69
29nmizdpv52	c459e78cd599
29nv751xult	a0334116fae8
29nx33xey9k	f1dd1ef62b2e
29o3azmpqwj	831a86c1d2fd
29o7ilyj3s9	6cd593c75b05
29oc9ased9d	2ee364d192b4
29oclhbgw5e	be4bc5155c92
29oiedu48v8	77265af32dbc
29okxt9dtcq	ca9e698e2616
29ol3lb3u9u	342cc20561fd
29ongu1ztws	df14ca44507d
29oo4thk5cg	5de7778257a4
29osme21gr7	e7994fd87177
29ozeg3yr3y	9b1ddf9742bf
29p4haz7qky	3cc0a7d13592
29p689m3urx	37a35f2cfabf
29pbx8pb5b8	8358b521776f
29pfqqfbxhe	b18060e7ad11
29po2p3sn00	4877e1e0c6c3
29pqgz3n6c7	448786561804
29q1vbu96bt	bd20fce237b2
29q81k8ws9l	0aa4f77a0377
29qe9fitd7m	7577c7857b79
29qhgmo99a7	ea9b081b2d15
29qkxo2loi4	b2fac83d9a3c
29qsukz9ext	1469dda53951
29qwx304jws	6aa394acecd2
29r0gdn0y8q	558484c8aed5
29r4tnd36l4	37ac4e109c93
29r8bj0m0ve	289cb8027d86
29rbbsvjmkg	6684d8d2ae6d
29rnsdk9keu	d9395ccd5574
29rscd5qthq	1c3784fdafa4
29rsu274ref	468905b9f247
29rvwshi8nd	621f482edf98
29rwkib1do1	f5b8d35260ba
29ryiuk5j85	816311b1ea34
29rzfzm9uhu	028102c46edb
29saayh1lt6	a93806a9215c
29sbuyo1fne	6ba9c4d65589
29siut0j08j	b8247af1cceb
29snxv8wnc4	38ed5a762061
29tapvu7udn	739f27fa1b2b
29taq0rbbm4	4960df1aaab5
29te41605n3	5dadedd64aab
29thtrb2o9c	3d6a4c3f214b
29tlxztapjs	37f63572ac8e
29tm8islapv	1d59eda59eb0
29tr5xb64yj	530739a11b8a
29u3tx8337a	48c436421875
29u45syggjm	cd59a1ee939e
29u4m74cnic	6d00caaf12d9
29u5kkla6ml	1dcca0a7782a
29uexbdz5uv	ef5605bb020c
29ufyqputxb	2ecab62a3b45
29ul1epzntf	51e6f4bd2e65
29ulcy0gvn	b8c20a9bbe73
29um071f3di	760d16693e29
29umv70ij6s	d873221ce6f5
29urfvl9837	ec23923008e9
29ut6o1p43q	f5a0ebd702ee
29v2o5jik36	560b6b44d65a
29vfd2x3qyw	82cfe828f588
29vrjt99kil	807b2955a9dd
29vvt2ayv2f	8995192e6aa6
29w8mnelema	535297c2f42d
29wb3qbipu9	bc124bad8dde
29wdxkedctl	8d7c2b65456f
29wg251j4z9	4890335696b4
29wnrnvrhwb	91717c5046e2
29wsy2340d9	8465a7f10daa
29wwxf68ymo	41753ef69b0a
29x2ui7n5tj	9c4e835cea72
29x9lj7nguu	d099b3a6787d
29xbq0g63yt	daa2982f68cd
29xde41hmkp	109fb7cefa0a
29xj0wp8pci	e151d81b525c
29xj2m2rz4o	35a2c6fae61f
29xjsv9wekp	d037b39b876a
29xl0rzw629	1eec26778672
29y64obsl1m	fec468f315fb
29y77yt47rg	edb66d40b7d5
29y9q10ur8u	9cd714e5f6c2
29yhjckf9xv	2a5812aa5a1e
29z1cbu0xrh	85f9af56a680
29z1crgrne6	5ac70aee3d20
29z5411n1z9	630fead37786
29z781hsq4k	940840b54807
29z7xsqcymm	33a9073d55bb
29z9bix976n	89155d37429a
29zbkkqtmay	d9d67d3f7a0f
29zcewsojkz	af3979c7af2d
29zo4hrkhkn	f3d5afd7c220
29zrrdjgbwl	603552dc4dda
29zul94b22t	483d51012ee2
29zy4zb8qka	7af759ac8578
2a03ggmppyf	186cceb73255
2a09r0sbocm	85f6d552fa96
2a0cej3p06t	5d6d6380fd27
2a0r31tl9k7	5b6e674164fd
2a0sj1d6wze	ac8f1e09f30d
2a0sw4y1chv	c18b09737848
2a12yg4d3t2	e4dccbcf2d95
2a17jh83u65	a56f9166bfd4
2a1edcr1nvj	c8965f7ed374
2a1gfi5y5gt	f8051f3c15c7
2a1l4yr4etw	cf1afaf97d53
2a1tg3er6f3	95f364091dc6
2a2lfyytzm5	984013d441cf
2a2mpnszraz	82f62ce0b209
2a2yznf9fi6	5138119a53e5
2a35kq6l4c4	3e7407ec6e8d
2a37jnt5mbo	0da07fdd0569
2a3cgadnmw7	acc65db0e05f
2a3ed059kyh	d062a3c4d9b8
2a3fx1aze0h	f0f1cd7dca5f
2a3isi5qqdo	c672a0719a8e
2a3jcdxg4oi	cc1b10e0cca2
2a3kstn8wx8	580c042066dc
2a3mhywkkuk	61930f9e8128
2a3mi2kjexk	5f1d33e94bd7
2a3o5y91jxq	533f93a3452a
2a3qvkxc4os	a27dcbd36519
2a44ntqs9jt	d4ebf0a84d9f
2a49u7egoye	27140d47d148
2a4e22c2mor	6b473dfe6aca
2a4m0dcvxwo	b596fb34b44e
2a4xjd6tntn	fbddab2fd62c
2a4yly144ci	95e7369046e8
2a54440b5gi	2b7209f48ef2
2a55ddlpisp	3007fc0c0fe6
2a5agftbd8p	0688b33a8cc5
2a5czaduxhi	8459c66f4d4d
2a5lugois8	73ef404fa431
2a5r44bkdbc	63230fd47cbd
2a5ys1st189	16295e8af500
2a63ca789uz	53833532bfbc
2a644z5rc9	a54c65d86f76
2a687nkbwfz	aa07b23c8060
2a69d92p8wg	e61bc4b7d9ba
2a6f9ibiv9e	bde9b72267ee
2a6i0t18nu9	fd7976cb45a5
2a6orzkuvn7	7bff4348216a
2a6pvuya7fp	bf57a76eabe8
2a6wn8zqhhm	1f98ee2bed22
2a71aew2rvc	644f82b17f92
2a7488ca2un	58fca5856014
2a7bdzceh4s	432e54d1371a
2a7eg8ra6wz	cff619355b7d
2a7ksnol35e	65ba7004c1b9
2a86tgq87od	74f7bb5789c0
2a89v0wpzsj	ed2b490bc50d
2a8a9fznn22	39577a8daad5
2a8hthl95sm	b9296951cabc
2a8objjhpvp	56360b13fee9
2a8rdlxiku0	56746bb663e2
2a8s931xjld	eb2873874c36
2a92hw25rjf	2fed36aacf11
2a931uwfho5	b07371c04e22
2a98s5k03g4	f3b6bbf8aa86
2a9e2ils3g4	5fb757344161
2a9fjgdvux0	c5633d8617e1
2a9hdd283av	dec625d40f0b
2a9keb3644a	b9cdc134e3f1
2a9q8d9oczp	11a0dade4d8e
2a9v4r4f8lx	5578d9d08f3a
2aa9s8rqnvz	65c2d783ee89
2aacyvxa1mm	ec5b2b028886
2aadsnribm6	0ffbff6197fd
2aafydvm68	f5049160e089
2aag8psguuz	441a61116fee
2aakqxidtai	8f55d3e0fd2b
2aalclzjs2g	361faca81015
2aalp4u4rk3	30006358ded8
2aay6u6p62m	29e4eac1201d
2ab4jfsazap	17ca4fea5d10
2ab9gkf49zx	5344d5c62380
2abag37gv2w	c8143091196f
2abemp3fhst	8ba4ed38bb51
2abvrj2qhok	fe03236324e6
2abxrj66ckh	17c5a9f8fd5a
2aby00yofxx	d3872abe6b6b
2ac47urzu1b	e04fdaf6af58
2ac4a05ss0n	72f6f1d3ac2c
2ac8x8f6x0b	cf7cbafba082
2ac9ybdnk7d	44910d1703d5
2achw0m4p0j	ffb61cfdb261
2acp3nxyam3	65906b73252a
2acpfe2elso	6292ad2d3260
2acssj9uuo	4d81d11b3052
2acsz2orcyg	37b9ed1ed493
2acyqzx6201	b0072013b861
2ad31zd1scx	81e58dbfce84
2ad8orkh3ew	1ebe2b69703a
2adbc7rxcyx	d6fce3baee0f
2addde4gpfc	0b20459f6bf6
2addng0xks4	7108c0da07b2
2adjmpgz7sr	8a141342f99d
2ados6dkym8	2222a4f17ef4
2adqh4889rt	77ff36c5ccb7
2adr8eg2imv	a9aa1415a452
2adxedo6flp	6aa31dcbc0fb
2aeatdo574w	952aa2e4ad1d
2aec9jetyam	914823376ae6
2aehcgx2785	4afbfc609a7f
2aeljnxqhht	0f4e6a2f604b
2aeqlvxcc48	4560aae636bc
2aeqvo1ohm0	855f8433f028
2aevv6zqm6r	4633eafeff4c
2af1q6stm41	53d40d8c0503
2af24korp2w	4e352eda2052
2af7a6on3b5	b70d0035713c
2affbunv2t8	4aedfab5c6f6
2aft4w0oes0	b6a11300cf11
2afy7yu7x5c	dc7ea5540f47
2ag7za9rn78	3f7d5b5136fd
2ag90tj5wx	9e278e0f827b
2agbc77i5fh	0aa82a6df816
2aghmsgtvqn	4eca4befd1ab
2agjvnlq8w7	99719542f12f
2agtwtlbwd8	69193bf40df9
2agud4k46yb	185890a3430c
2agyfcmg3wb	ab36efc032f8
2ah1ik0fwzy	0a837093788e
2ah4vaynpmk	bd5198926ba7
2ahb5biogsg	60de9dda4613
2ahdykq0vt7	13df1a878683
2ahegsmbhfz	78a1b0a87f4e
2ahhvo8xtyj	d766fbc80691
2ahlyn06jhj	ac9f5b707ab9
2ahrpi9vp0o	d8dd12a19e82
2aht2hvklbz	a47230d41829
2ahxqw7pmxi	5906f5e8c4fe
2aie6h2iptf	8b1a9acf0b0a
2aiejwm5o9v	fef65a0f9b64
2aijzm1dq2y	64c59fed1051
2aiup11thl7	23586c8dba27
2aiz7252x2b	578489831bc8
2aj2nd6nwny	7f2aee464767
2aj5ihlbind	4a88331dad36
2aj6j7ajr8l	6c97c8d79a39
2ajdskp86c	14e5a39a3164
2ajkv6ughpq	1e807e5fa9a8
2ajyhgf87ty	933554962a48
2ak2k53d90z	40fc85179b2e
2ak3g8hlqb7	50849846f418
2ake6iodl2r	058539be28e0
2aks1whe2i3	a5620799d2c9
2akt716kxav	ceb3e8e20570
2akxaypd9e	7f6a38edbfad
2al05376v3o	f978b60d008a
2al5l7ux1b2	4b45a4b79ac9
2al9ei2pb9t	e3b69ce4cf96
2albj0br9vy	5519ca07181b
2alcnr8bbm4	777ebc9c9738
2alil5hb7or	8b6bbdac7948
2alisnxjgho	ae5fcd0d3874
2aljy4xhdv3	33af69a264c0
2am8ityh3pa	b084a95c49f6
2am9bocwv4m	9e7e84573cb4
2amf5ojrntk	7d6403792f06
2amjizk3d1q	15cd28455726
2amrd9rtzqp	c80ef2c90327
2amtbvhw833	b2020c76e140
2amuhnpzna8	e69694b67271
2amuhnqvzu1	4a73943519c2
2amzh89buss	a73ef04c6c0d
2an3tf80521	b55c25268dbf
2an9ux18km3	0078e0bc445c
2anqas2yz3f	ca34f580f6b2
2anqtby5r08	3ad9d3769eab
2anr06aj4vu	a5696a8040da
2anr2vjonpu	df36109947f8
2anrplbg2by	7cc500265b8e
2ant7tvm1gz	d34a7e96e56b
2antfmdeib7	49ea4aa130ab
2anxndlmg4e	ebd37a9ba972
2anxzmwk72k	796eed87429e
2ao0norf6ua	baf7733b66f1
2ao98erh2ds	fe5a4b81dc49
2aocuof3oci	f7419f8eee87
2aodezftezy	decde8d53f75
2aoiue302s	346a29967722
2aojwmswvq4	c106e090f906
2aokdok6kod	7f18cf5716ab
2aostjg4lez	1cbeddef35fa
2aoth8qkd5f	18e21edcf0e5
2ap1twe7h7y	7ec42f3f2eca
2ap2b3nj1k9	b7938d7cd184
2apeh1cjh4s	036e8b729cc1
2apf7gsxrkr	e00bee8d4a70
2apl8qv889f	dc8f3500b997
2aprx76w9wl	c90ecdee21d6
2aps2wrx650	6e750890887a
2apuyp6ivbt	b941d59bc66e
2aq7z7bf9ah	a6a471bb52e9
2aq95v6ngik	ef1487e3370f
2aqhwd5gzhy	d40aa2c20d01
2aqkgciyv52	0b1607a6771c
2aqv1u5c52x	83298b747065
2ar2qdm1dpz	02005086610a
2ar8n7fkl26	627cae005dac
2arfmjvv49h	330061a28c1e
2arght2n3em	208d897b45b1
2arjl4ud7z6	ad18983fffa8
2ark2ifb28	e6c4fb183a96
2arq10s43o1	8ae17a9d3385
2arrfv2fgj2	b8f0792fe3e9
2arrywc0y62	08c19a1b9baa
2artas3j1to	11e88fc3ce19
2as6uw2514x	9381dbb02ef6
2asblhijcjo	8c8d4b5b2683
2asdfh5z443	6be737b46377
2asf1tvz16b	b959d5374b4b
2asfpskuiuo	2cdd47772b50
2aso39sudx3	f1263026bc63
2aswjixq8j2	481a85bcc779
2at1lfqwfsh	5154be8d01b6
2at6hrqtxnt	7b53b5c178bc
2at98aidz36	b1d98f521477
2atbmhdokie	f1993d87bd4d
2atfd62xvg7	3f8b49ac36b0
2atg2t5hsrb	fe66c8b35547
2atrv8g6x82	21e255dc8bb8
2attf3bhrep	74fe79bcbbac
2aturt1s71c	49f81f7dd4d5
2atx5sqqd36	7e10c7a60f3d
2au96pax17w	a062405006c2
2auhhm61o53	2bccedf92244
2auzof5xt3w	8a010f9bd7f5
2av0hkekl4k	7872cef5323e
2avapjgzhqw	6500752d5c26
2avchzmy5ia	b07d2499e597
2avdipl1rmd	5c49b41513ba
2avjyxc7qtf	9c6acd65447e
2avm2vym8xu	eb19583516c1
2avo3xe4lq6	e9cf1e1e1577
2avr6bds8mr	4271381a5728
2avvvxlu9i6	889ec31a99a6
2avwmx46mby	e57650920473
2avwxhx7ihh	b7a842dc2c78
2awif8ub963	0c8d5c9ca817
2awz537brmz	6da13d3eedfd
2ax0p2uqy2x	e78d1a1fddad
2ax9mwpu6fe	1c9efa04ad22
2ax9vjbk8ba	a6cb2db9c818
2axllsv3ghw	708cc59445a0
2axlp0d1m3c	e2906ed91163
2axnbuq2ga5	c4a7cb2338e7
2axph5oirxw	3cf0492e57c4
2axunqqco8e	324505428031
2axva3m5nf0	9c67810bb201
2axwf6qm3nm	ed3071274676
2axzjfkifxa	c066792f7355
2ay2vj0mqzj	516a9e415bad
2ay5z41wlim	aca7908b99a3
2ay7pbbrwl1	352a5fbd5ff1
2aycx1crvpy	23bc80b8215e
2aylj0p7h7n	b769d3ce9da4
2ayq01kizas	41917b910f28
2ayv11q8rk5	8b57435f418c
2az05ajir8y	44aaff3cdfbe
2az286ty06l	880b3f884993
2az427km8u2	c250d90f18ea
2az8f34qyoz	7a1062fb686e
2aziu142qzc	e5e1d6bd2b00
2azm2u5emh8	2623678c4390
2azv5xrp299	b5b8c9023eaa
2b023rnd01y	8a67237fdb40
2b05dl1oedx	871d62414856
2b0a2lx6i46	2486a6ab03d6
2b0ayayk8yj	357c53038493
2b0glhc86vn	eeb128cc067b
2b0kkz9kmyt	e18b7389eb29
2b0padjbhh4	912958ff0771
2b0r7t04xex	e099fa960ccb
2b0s0iqg3ly	abd577606bbe
2b0u356kiul	38f4ec69272a
2b0y1z7rclk	728d8ccc7efe
2b1a5xpwxze	d52d3d6ac8da
2b1r0mp0uv4	98caaa85bd98
2b1wavstoov	d769817fbeb7
2b1whsfi7a0	514192407361
2b27y1jtkwx	8ca4de13ea64
2b2dvxbp7fk	070b6ebb6437
2b2l4v6ax7u	cc43ae14b5c6
2b2pcwvl77g	b3dc16f3266f
2b2r65m8pxo	676f4ccfde06
2b2tabpx8uo	47e8d62419a1
2b2tg2i096y	bab71de706d6
2b2uwei57vi	7aa2ffee5f11
2b2ypgdxw0e	3b4c1e6d2c7c
2b2z33pqv5u	cf4837cf2336
2b2zovzqozs	59b341fd4cac
2b337kcsmiw	17ddc8395c5c
2b34if1g3uv	7cba118e7baa
2b393ts5efe	9be522b1860e
2b3ibpkgjcq	5651d498c569
2b40dmad8um	5b8b44e8e04f
2b4260lqzy4	38c6f37d17bb
2b48cog5w3y	4beb17e70ce9
2b4t22b3pwu	4593ec6354f6
2b51w9e9s39	0f9cdac659ca
2b53uwu9iad	b02649244c9b
2b5hml15q6z	4ecae835b249
2b5khz67bgd	f8d645ae1da4
2b5kooga74k	944dc9e6449f
2b5nkzdcywg	366ff4e18eab
2b5pvtxoc05	770044ebd3f7
2b5tcp2ti6c	9e6eccb6e546
2b62amroxdu	a6c7ec85f533
2b65ri2fy8q	ead0cf6185d7
2b69qmqq3xz	e1357143038b
2b6lz27xpu1	443033ff460f
2b6n0uwxu7	5ee4625e5e0b
2b6n585cqft	07b086718a0f
2b6pqrrfhcu	7ae46245faa4
2b6rfdet1ft	5b31d49409d2
2b6ty59b4a4	c66b7db89d69
2b77orj2xcg	a94ccf1f7f05
2b79yl7x60a	a3bb48160546
2b7j4yfktj2	f0746464dd8d
2b7yhgu58q7	c5db0981d1fb
2b88vn6dek	af6eab2c2bcb
2b8djmx29m8	086a53070cc2
2b8lta76gbo	31782c4a1121
2b8nbo49gj6	9e9e83e219d6
2b8qe2nqgwk	16ef4b11a403
2b8rsxtufgr	658ea4b653d1
2b8xasdwxmt	9e89e651b35c
2b8zgxcpucq	064ab8f6560a
2b9174t0k08	62cb13c206d4
2b94svx1yvk	d3e15e99b406
2b97sghll9h	f4eb5252bfd7
2b9ex2bde88	956213b200b2
2b9f2njt04y	bf04db743f41
2b9mtte7hu8	2b73bfe26e10
2b9nep8949b	6e180db26a74
2b9s9eoj1sk	5cb1b4fca322
2ba7kaskejo	95071192eb6a
2baabtb8dy8	ab5c3530744e
2baeizkiy17	24d17062f5fd
2bakkpu6s03	1813bb58143b
2bb0y1qvzjs	92f41f0ad6a8
2bb7oqex0fx	986410cec3ef
2bb8jv8hcnq	747c20ec5908
2bbd0tvuzpc	5ae65eb62747
2bbdukdp6uc	92f4f29438a8
2bbhtm8n9sr	a63838932a8d
2bbi5mtkvom	35e7e3ad994c
2bbpi73n3y4	4049b11e764f
2bbr4d6pc5e	9e7bca93d0a1
2bc1ucuasfw	fee024a46240
2bc8c6cbh4a	8c7a000067e8
2bcardzeuoy	db01ebfeabba
2bcsmgq5ta	73bcafd35bfc
2bcxa0s96j4	34ce254b13e7
2bczirif1ax	269f487decd7
2bd0bvjskkm	86be4b205dd2
2bd1hj3i7hs	5e7c7f4c6cc2
2bd1hklc593	a0e710ae839c
2bd6pn0jjc1	dd2fbb7ca66a
2bd7sx4xaen	73294378a1ca
2bdsdeeodev	d048acad45c5
2be22rjr0cq	6ae9581354bb
2bedp7qnm6k	bc0dc7f9634f
2beh4iuqvao	ed59f83ee7c4
2beh7exts6r	2028cf5b3167
2bel0p9ds4e	1c5d0044a072
2ben3qy5oc3	4bc2d440ea34
2bf1fne3pjs	e9c8e064fb2b
2bf2krg81dj	1b57476a31df
2bf3ykp5jf3	d1f7280365ab
2bf4mn4nitw	ada76c13a2b3
2bf8luugg8g	06bac9084bd6
2bfb55dmkap	0118dd36ab46
2bflgkru8bi	c78bc51ea522
2bfnt0bbwou	8c5b9153121e
2bfr4qot8km	a9227926c9b5
2bfu166adz2	0afb6ca5a8c7
2bg1ho4fsdr	e3284759a169
2bg913x0fon	9f15206fe1db
2bga4gfo688	6dff9de7610f
2bgfdxoz7x7	59c34e9027e6
2bggr1qxwkx	55fee00d0d9f
2bghvkmzluk	62e801bc22f8
2bgktp5gf21	5bc6fe2f0562
2bgnlgyblkv	30cb72086793
2bgpye2tcaf	f408d4fc7278
2bgt9l81chj	8e43f89c5a16
2bgtmze56xz	5f9dd00f79b6
2bgucnt020	179fd89105d3
2bha6b68gl0	63979644080f
2bhd1mrug9y	87d1321e2130
2bhk2uyk45r	8c458581c141
2bhud3mopsc	a9324f02883b
2bhuf0paw25	5af76e7af0da
2bhupmwsh0f	851ac9cee179
2bhur23rvcd	683d8b2468b7
2bi12wmuij3	849347723da4
2bi35jqp6td	c7b40def5ea5
2bij2vcto34	f37017006653
2bijulppw2i	12fe6f4db61c
2bilpc95vqw	1a1d9694106c
2bimeore0g3	b0f53892b366
2bj095ymewu	9016eb9c42f5
2bj0tvol3bk	240a638af890
2bj6nyi0ete	f74f1723f37b
2bj8e6p1qk7	98a51c5fd2e3
2bja3dcmv7d	4c44bc0e3105
2bjddmk7cy3	492b8a0d5f9f
2bjkh42pocc	1fa8e5562745
2bjlvhh1kt3	377ca0f2afc3
2bjulqnvv9g	7ff11bc10fc3
2bk0yk8e3tv	186f22407fe5
2bk1e5lq603	05f049ea9612
2bk4wok3jd4	eed174acb2cd
2bk5igbdi4s	b4f214ab6d6b
2bk699hptv7	ab3c3c96a8d5
2bkb0ukk8cu	d3fcd297d5cd
2bkcbd98vq5	ca5d7d80b677
2bkdf9ge0td	ad5722a39818
2bkfl5hpl75	ed422fd99a16
2bkh45hk24	835bcbb2f511
2bkkbi4gi9e	6d4f9bc54457
2bklnazofsu	8af520adfb15
2bkndo74yjj	5f76767f345e
2bkpkpawkpl	f207145de3bd
2bkpx6dqa80	5c29d5440e63
2bkwnfqsbjg	f023be3367c2
2bl3egvd3u6	530ae06b32b7
2bl44ffnl5x	0281cc393cfe
2bl5h63g9j3	4f799011e98b
2bl9r3remz0	6c1a99e11ec4
2blaz9htsip	b1ccb5e93a61
2bli1j19yev	ff462718df31
2blmsjzsdbx	cf761ed0ee98
2bm4q8voeij	c21b3136e809
2bm5jwa40nu	75164eeadf0c
2bmbekuocnj	9d361da74f3d
2bmujvmjwio	e6f9dc1182f6
2bmzg4swzbl	fadf18110156
2bn04wz3nat	fa575201f5af
2bn1medsrs1	45664d333ee8
2bn3flvjc7m	549b20227d80
2bn4ji2ythf	d012ab9ddf03
2bn6hhl0nrv	ddee5e526e42
2bnamjl6uo	0c81d5ab2e6f
2bnhko0gbzu	e45f4e2e5d38
2bnv506jnzd	6185bed66727
2bo2lxylemo	93f1a081c1d2
2bo66j486oo	6ac162c14418
2bo6kzll1hi	f8eaf54a0ea8
2bo713qm5r3	e1e9fbb7e3c8
2bo764tnf4g	d94f6c7e7d2a
2bofx6ll79h	d043da94cbb0
2boiurfwmqp	b97374736e09
2boiv2ef0aj	efff8c06ec2b
2bolhz323xn	52a59d0fa848
2bols5rx944	5b94c4ab031e
2bouhgyuqxs	9f01f5efc252
2bouls5juvy	61ded39d7149
2bowbb59pvj	022a87d8a7dd
2boyp7zr5h1	1d5cddf0b3fd
2bp02o8y9lw	ed10fa4b3017
2bp56pbq26v	531c4ab97c09
2bp8tl22n8b	25af189eba44
2bp9ugxndrl	806608ef0a24
2bparqso7vn	4a2aaab88099
2bpf7ql1upp	79e6aefb0f07
2bpg9zndzml	8966a2e2e2a8
2bpiqdk002d	743c2445d154
2bpn4k5tyan	1535851ae217
2bprd52507v	397b6ad7f35c
2bpwtd22kug	d78927177897
2bq8h1dr9ey	69f7091eee25
2bqg9o1kf1j	b94e9ad5d318
2bqj20t8w38	a9a120ac2003
2bqna5thzcr	5284c97b8613
2bqrxw312k4	0e777f961e5f
2bqye0i24b9	2d08378b056e
2br1euz95da	c1dae300268e
2br5s7c1sa5	780463bdfbe0
2br6o7dybhm	373e5594638f
2bramd2z3fo	066c1a5e4157
2brc2lilz4j	b50803b5e8ab
2brf03m7e0r	85d7d7fdbe25
2brgns5pgh0	ca9e7b78b9b7
2brhfm0ggz	c97fb5d45a5c
2broed1jwfm	3138cf4491d3
2brqd8yz07s	9173bb90daad
2brx318lv2k	d4dae9458c09
2bs04b9z6pa	892e1a9446a8
2bs2sm4ff24	337837cbd7d9
2bs3jokpsdm	284e6c5e42f7
2bs7yubsgzz	2bdbf7e1545c
2bsad8ci5aq	6c47b2b4b2f9
2bschi8b46y	1d2d2ad686b8
2bsjza7vjuz	dbc0ac9ae6de
2bsxt56xkvb	6eee436b07e9
2bt76wuzfk3	995277f4b01e
2btgzat1ej8	03a3c089bf6c
2btpixnzvwn	2716f4d094dd
2btruluuu3r	0469494aa329
2btrza912zs	7a49c2b1c347
2btxc36c7eu	2d19d2f44484
2btzykyacec	a51c1a27139c
2bu68fe1o01	b2a147669417
2budbzl5o5b	f9b65997835f
2buewo82g7v	b1a10f408136
2bufp1f82ke	8144946dc640
2buixvk9l8w	63d2d534fc81
2bujrefuhso	d2e4a734e5e1
2bumb04koxs	48f2edf52810
2buq2h3z5r3	cc91d3fb3ea7
2buty38yel6	92aa32ccb7bb
2buxvthdrou	ce84619eb307
2buzuh6zy8h	fc3a4414aae2
2bv3vyfkr7w	d52a247fef36
2bv97m32kvd	f2dcf6c73c1a
2bvrpyuqof9	df7756ee8b0d
2bvv8yw5ag	ad42650bc7fc
2bvwawiijdd	677ab42938d9
2bw7zp84drb	c628386b40f3
2bwap54hw4p	17aa91288011
2bwjv370s7k	613b444d00e2
2bwn8v9h0lj	608aecdc9dc1
2bwsbnz1zl5	c58fd8139d0c
2bwz36da72e	b2a445876d6a
2bx3prk29pe	c9826d8e3b0e
2bx50znqt4r	b3a5c834018d
2bx7uconmyl	26dc9699bf1c
2bxhlgr301p	1b79230da5b2
2bxzmlqsuvl	9dabd6ef4dca
2by3bot7obt	2cce3b7c3074
2by78g5aws6	aa6ff22bd570
2by8uvsfe4	8ec236601c33
2by9eor64oj	137b41afbda1
2by9ypd3d79	b0e9d668983f
2bygy006t1b	2cbcc0e46a53
2bynx4irqhl	e8357fbe9a6e
2bytezzwm65	715e36b3d4ac
2byun0cbz1g	4dd2968a9740
2byvgogqev0	6aeeec57b9b4
2byxsil5hyq	5818efe403bb
2bza4095bto	20a3bf0c6d07
2bzgq2rzvul	09832b64c747
2bzgye1uxf3	cf98a4656830
2bzhf71ir8k	330774995bfa
2bzl7u83gh7	1d498a8e465a
2bzmugivrtm	1c0c9be52e45
2bzn9ndiqdl	3241c623b210
2bzs7he6zy1	cac3b4bf8239
2bzxgxbs1y9	9408f7bd3fce
2c01cnh2b81	48e7dd39b81f
2c01vm46mm0	f84c5cc3cd10
2c04py0bs1w	fd35384b09f6
2c07rfaz62a	cd1fa3d8fc03
2c0bs8rueg8	6a3f9db8d702
2c0em90leai	d722e10486c8
2c0jgakbph6	413235bbabd3
2c0nlrapqq	73244d4933b4
2c0pqjl0qna	f313720b0a7e
2c0rpkqodfp	1b8066bf36b7
2c0rs5288uo	91dcc23455f0
2c0sgd00cfv	76ec42aa8264
2c0yx2dgom6	3998f6d4a3e6
2c10lmqk88d	8b4b3c9ef22b
2c1bs8dw37g	5f0db5ca2a5d
2c1jxep5k22	c5dca88d6710
2c21xyqwach	6cd9def82564
2c243556la4	4efc2ceb19e3
2c276u1rd5l	9afaf55fc1e0
2c28a1zl8ly	49211ff7cb76
2c2dm8sbbv9	2141aea0a37b
2c2gx20432n	e246f2aaad46
2c2ioa0vwe	96ceb97946cf
2c2x100o9zw	97f260f29396
2c2z7w2ggnf	38fb5dca4d5f
2c2zuhpbsh5	ee246055d540
2c32mgyts52	57b055c32030
2c3fbm60de6	a239383ac05c
2c3gjfqi2qs	fead73ef86d7
2c3limc1qyu	927e1a843e71
2c3lv8v5fhp	641c3cd9345c
2c3p34t0lqs	4c44058c2016
2c3r6adomq5	ed897cccf344
2c3s6czrj77	ae3b4b284255
2c3ygt0wpp7	273539679940
2c46g8v82tq	512e59459296
2c49qee0o3g	995f18df579c
2c49r547py9	a262eb7b4b8a
2c4af4ntliy	762fad982f07
2c4bg9fobet	76293237ea0d
2c4d18jccvo	9872d7b56725
2c4gcy27wkb	f7d7064ea205
2c4jh6f29hv	a89662d94169
2c4nwzqguyq	b69e23af8fef
2c4v53b6n1i	afba5983aef1
2c5fmciox6z	935aba8fa5dc
2c5oc8t178o	726936f5bd93
2c5v2q92l6g	edc051438611
2c5wycaf2w1	3919a6e0150d
2c6hn6b5ycj	1f2e45771433
2c6klizackd	63a9461d6a02
2c6lpraeqcs	0a9136a1e564
2c6oi7ekrs4	cd04fdb27a54
2c6suaq5tbo	1ee0299b99da
2c6zjlk4j8b	7d5ccc2b7b95
2c75ittz9h6	514ca55bcd40
2c7cm4jz2fp	523b2ce9c29c
2c7elwisftc	a7fec4a7bce6
2c7htut24oh	13502b762064
2c7hys0exsc	6875447a7ef7
2c7ky3p48js	413407385e68
2c7vms13kkt	2d7feb14787f
2c7vx37k0vh	504d4ac93f73
2c7wa8cdng6	8135e0386f0b
2c807plv8zf	14cf451a2315
2c8j5a32zmm	8eb9695fb234
2c8q5lpf1dq	a20476cec5ed
2c90i6dl0n8	de81d6be83ab
2c91jhip9w2	04a9c57be64e
2c97dcwkz4b	c48701085e09
2c9cuf91tc7	aa6ac31459c4
2c9g3wcqoqn	a37698a5502b
2c9ma24b7qd	d65824c3a2db
2c9o7p9kwmv	b971fd7a2f67
2c9tidiw4b	a80f96fcd5c4
2ca1ji9ruch	bda469d1878b
2ca5czssxel	38c112f66e8d
2ca74n1ngf5	731ed2164f92
2cai4doxdwv	b5ceda029327
2cal7q5fz3o	8753cceaded9
2calfhcngc5	05eca0dcaa2a
2cao7swjgmj	4a8fa11bf92a
2cb8omr512g	83afea370a52
2cb942j1il8	adb5ed5e94c5
2cbhlv3nxkw	53ca453ef056
2cbn7fnwxwg	1333d417247d
2cbqo98hzqf	f0021616aacb
2cc1fkvi7in	32b289beaab6
2ccf1kbtlk4	9e9a62a2765b
2ccisa087vd	751b4a211edf
2ccmybs2tt8	975b5899aa7e
2cctm3vh9f	b2b1f6ca375f
2cczj61nb91	6f1f5ad8c322
2cd23cogbnu	ee838137b081
2cd7m44t69a	16b5c0b96a9c
2cdfe287dm6	5b1fbc91dbbb
2cdgyuid2p9	83565008db09
2cdhz05js0x	838a88df7a04
2cdiimj7j5h	a10536e6c5ff
2cdj8cqtoma	dd9a996d4a2e
2cdylp980mh	02ef6e639cb7
2ce0jqko84c	7db2b474205c
2ce6ajquxhc	b6d7c94b0149
2ce7z46duza	3056095b5bb6
2ceas07hnq1	5155e32a9e2e
2cedae5trb9	d40057636ae3
2cef47e5oek	95d3de40cbc2
2ceie1dlg57	9b8cb43a6e1e
2cek151n72a	d7a849454836
2cen449pw9x	d7673c20b652
2certqulrnh	b655f60bc658
2cf13jyoqz2	0236cae6c54a
2cf6a28cf7v	2d8cc41f6994
2cfazj476vh	3aaf68185cf3
2cfep4netlr	bdea0d14f09c
2cfj6hwaulw	0717ec131444
2cfjn2olu43	9fb234610eb1
2cflve564ge	a6586303f467
2cfqa1peywk	6137468e252c
2cfvczt3o89	569d3bf485a4
2cg97wc2bxc	2aa914db2d9f
2cgbouijc36	9ea3046982f0
2cgdlujz5te	d62c1dc6ef48
2cghm81m9wu	a6f224ec400b
2cghsofyshw	1e14c6ccddfa
2cgn52jn3we	a36d4981295d
2cgr1wezzaq	a1b2c5c4e589
2cgrlsde0uf	3a9257dcf25a
2cgs9zd7mxq	ca5a9d26969c
2ch5xsgzioz	8b4966e69010
2ci5aeasa4s	670de088644d
2ci5ukrq1zf	01e964989189
2ci8t567d3g	0e80bba3609c
2cih5z5a2fy	84e9a5414f99
2cijl2efk50	5e5f5fd7b8df
2cir1xkuotb	14b5dbcfbc88
2cizdvfvrin	d4ecdfdaf808
2cjecf85bja	594a1e0b776e
2cjgxcjlu4x	e6c4493cd801
2cjh98pl8ug	289d0edf941f
2cjhnpf3x3r	b53b7b0c1940
2cjirnpiuwj	df10f772823a
2cjkgkf4a5h	52769e947825
2cjkpfcezv0	eaace879a7c2
2cjm3d3kfdi	f86288b66b09
2cjrad5daby	287c446ca87a
2cjt4unodzf	354a231b080f
2ck2ca71ryg	ee3f75e6c1dd
2ck66225cr9	20df6457babd
2ck9w208hr	f3348d6e91da
2ckonpc63o6	fdf027343372
2cktdfj28kz	e72e7cd6daec
2cl7uvn80fu	cfc19c5ff82f
2cl7xh1pc46	33623c95e815
2clijcbd96h	fba2e92afa34
2cllknlxu4r	46ce2eae2077
2cm1a4sm0x1	5f365a1336de
2cm2qnsdkn3	212fb508e921
2cm2u574m0	55c2786918f0
2cmaxtkw0um	600e1dbc9943
2cmbjdprsxl	845103ec9e7f
2cmg1t1qys3	9e7efb842f0b
2cmq59auvrj	b06cd7fe3603
2cmrikpmnnh	73adfa48e3da
2cmrpzm9f3s	cbb4c67c7532
2cn59jf0vcu	c57ccdc6ebab
2cn8d1ch2lx	755eac953522
2cnb7fe190a	3da419823fb0
2cnce9bld58	6445f32ee2fd
2cncncv8vxt	11f9f5b64ca5
2cnry8vn3r0	d2a6da6274df
2cnu42yhajf	9a7f338201ed
2cob79ks4w4	b408cb146148
2codgdyuru8	c3eb9e4d842d
2colr4x2tib	2d0ad5b2ae14
2commglk87p	6563bf7c00f3
2copj93w0a7	bc7416194184
2corun77xfl	0d0ae852c7e3
2cov6ps6lez	5bb362fe8123
2cow1o4dult	de4089bb8bc2
2cowqc3s18g	1bbb81f68266
2cp01eae2br	d5d7a1f92eb1
2cp5xi1z1p3	96949aa88881
2cpv3nuwzo0	277f935365bd
2cpwok5xdlq	e2d676fa433f
2cpxllvva32	2f9de6b87280
2cpxn9z7me7	8ca57e603c2b
2cqgcm3c9zh	4a1a48f14a7b
2cqgivm9t13	53bcd946a5e1
2cqjixm4xod	f6d653abbe1f
2cqwvcsuxew	a7a276e1d014
2crcije3q0w	091c8601e432
2crfcyl70ke	f9c25d65c27f
2crne058qbs	67bbd2e182b0
2crufrhu4pf	f9a73f1bd57c
2crv8y7fol9	7f96573c0990
2cs1znn3rdw	ccb558c0cc30
2cs2h1z9rpy	d5325ab743e8
2cs3e53q4nc	0715310d7b4c
2cs73dc6wsk	d48289964b21
2csd4p3uji3	8945b0e57c50
2cshj3rbylm	b9466e4cc32f
2csmxmxf319	b9b043e8f91d
2csn6zrz254	c9bc4ba2865f
2csu4upvz29	483a4dad5073
2csv0bi5f0v	bbcf0dcbb3f2
2ct4lsvshgy	71efe1fe5f8d
2ct6isauqes	b4ca4c59afcb
2ct8ywdhj6i	f39c3cb2ed70
2ctazgeri0v	248072bf8a52
2cthsav00oo	e2ae0ac3b03f
2ctq22mun2w	4bc71c50937f
2ctuicutelx	174f5703c68c
2ctziyfd626	a40b2329b9ee
2cu2siozyaj	a6c52c0a775f
2cubjb3dv12	c64b9ef8f561
2cui3wg1bia	4ab5ceebb3a8
2culukvz4kk	0d837d279e93
2cunnn8x2ot	86c4e8815d55
2cuom3nn1w9	5798feb0241b
2cvgd15entk	91a2b1b1816c
2cvn8ordju4	7f9be2690e89
2cw0pzlu9w8	5e99e5822dfe
2cwjlo30kos	aa9039bdc6de
2cwluc1uamz	4bb77503456b
2cx1beuyz6b	53baf64b1c63
2cx619vdqld	ab3c69489031
2cxcmyqysj	caab61387e42
2cxhh0l27vm	a3a50e07722b
2cxi3lbyaqu	733316ad43dd
2cxn2xcjznq	4479a8c95169
2cxoytfqhw9	a8d96a66b475
2cxqz4ly7l1	18e89164073f
2cxr0oswzdt	ce71346e7ddf
2cxxshcpj47	5f96553f1126
2cy324lh4rn	9f5b21fb6f66
2cy4sewmka3	f1ff8562816f
2cy6vbjmgwz	83fdba41b25a
2cydib5kcus	675c70da7bab
2cyii3gq0ki	f13b52dbb158
2cyix9w4197	7d60bcabc505
2cyo5lsp0w6	5c177b2c8f1a
2cz8fnfuzll	69db8e5ca614
2czb9r5qwo1	69e94a9dde20
2czbxwqlpk1	f1ad7a400a4b
2czdwbbb18o	e272c16c547a
2czgzxslvym	76be88d06390
2czhzeiexh1	9670203ebbff
2czmwvk4u7c	c429b488f29b
2czqn0h5esc	4c78a12782f4
2d087at47gh	9928214d0c22
2d0dinkh6qq	42473dec2989
2d0dxwok1tc	df98855fe198
2d0f7z4bg31	ac633560f804
2d0mcpxj7no	db7a0396b40b
2d0tcghzn13	be5779b5d8e2
2d14l9dxc9	abae3fc08a9c
2d151zpm3j5	1bc2710091ea
2d1hfnw1dtm	ae185ae563de
2d1kuhzxkmn	e28c835fea91
2d1p5b1kpa7	68123556f4b7
2d1pydnfbav	2dd77149c7f1
2d1q12625tx	b0dffd0257c1
2d1uez9i1pf	5e88e4a8e462
2d1wimr2re4	4c2fa56c27ec
2d29fphpvxj	2818701ff047
2d2duqteysl	897c340ba0e9
2d2e2gx81p9	37a581cecc52
2d2falgo7tw	37ad19ee114b
2d2g4wqn839	2930c5269fed
2d2jgoxo9lx	8e6599cd0597
2d2r4kk3yqx	780e4644106f
2d2rpe1l3jb	3d18797c3dfc
2d2zuszcwyr	329d90ac0746
2d31ar28xc6	1fd4a226e74c
2d37tba6a32	c8cd20ec5774
2d3oo75vxwc	ad0484f96efb
2d3w95w7ptm	9c0547cdd674
2d3z1pvalkv	d36cb5954431
2d3zr1z1uu3	3d0f739ed2b5
2d40cik9elp	2c54a1e510ab
2d40h0kt42f	39f9bc358a5e
2d42ip4phwx	3ee3b6efefd7
2d47u5ussma	a01ce1a25f52
2d48stfzt1s	5decc1151cf4
2d4j7jbitl6	2f37a0ef507d
2d4kad4e6gc	330e2de17ba8
2d4xs0pp0ta	7b348b65ac8c
2d5ad2xwgvv	b2eea1fd8f93
2d5apg8tu8g	84f55301be9d
2d5dv3sx8w6	3e52c1ae1a99
2d5nnja313	4b519e7a964c
2d5pbg2w57l	7f70d9653547
2d5pj2yqrmj	83e9a1e07947
2d5rdopxzxt	b0d67c8ab124
2d5yu9znc1v	6d1a7d77c15f
2d68roo5fsv	987c2aea1d42
2d69g4i9phw	965879a474f5
2d6d5yptvrt	d436d131d5d5
2d6fnqi1epu	d6a086325ae9
2d6fw16qqp4	d9f90a0facbc
2d6hksnwhtt	0435460d1525
2d6litolghu	c746a12babbb
2d722w1tvmj	d804c4827ce5
2d737ixo9fw	fe006b3438d6
2d76nhvf2zs	60e082821318
2d7gn5rqxzd	6f6ff683f511
2d7jhudupjc	754dbbe96479
2d813vsc7mu	b57ad37824ad
2d82doow9y3	041356945571
2d8bn4xb8z7	8ebfb3c98b1b
2d8d3g8nqxi	8e79e154ec6c
2d8fl6meteh	d66ea290e43d
2d8mn2iatf2	02040d956667
2d94ecoxkw	c5adb24219f6
2d94wm8rfy6	fbcf5d2ba12b
2d95ps4bz8	1546a0762aba
2d96ck0tkgp	d969d18efeb2
2d9ffqrzvxo	9be103744cf3
2d9gv479y0t	be2a940d5979
2d9preqkfo	0bc29cdde43d
2d9rixzanfi	35018c1e427c
2d9u7x6a57t	e2561e858497
2da36xljrva	f87ad9bdcebc
2da7kglrcya	4d04ebafc3b4
2da867u355j	f681d0bea239
2da97e3wn4q	4d05a1178d83
2da9l6lqgxl	c788e0594773
2dabn2z7ev9	37d7415a8735
2dae4k8a4x8	53a796086bbb
2daqdeojrqa	58c8f491e873
2davcd71dr	741e9fe4c317
2dazbr9imf7	73e655743557
2db5kx0elej	833289d824f8
2db766jaub3	e718735b1e18
2dbao40rqpz	25a0390c2400
2dbkf9jxse3	0ca5b3dd8722
2dbmx84bzcx	db9c50b15735
2dbpdrg6jiv	975cba6e3ed1
2dbwnh6jdr5	0183533d568a
2dcaahkemnq	c767c61f538c
2dchq6yb5tk	20bc8706e309
2dcla4855yf	fa7519990a0a
2dcmxnp259n	39b5831a365b
2dcr27aiyxg	05574c09fafa
2dcw0ikcc1	17aa60527b9b
2dd3l4d8vjo	2aed3ea37107
2ddha96ngn	98b6a8b5bed2
2ddr2ff0i3u	72525cdf404b
2ddv1xq7ass	e3ce6d8d2722
2de1ufmyxbv	b2f3fabbc7e2
2deadzahf2z	a3025ac47b3f
2defni6p6ry	53ec9d0c96de
2deiyicrmfl	e07939a02268
2demopkh22o	77cc71344ef5
2derpgmrpr5	cc8a66e92102
2det0dhde7q	53f3e3d358a9
2dev61tks2k	b396d66e5f65
2deyfjhrhpy	26eb3b0e9ffa
2deygahgupn	35667fc352a4
2df05cpq96z	a78b5ffe18ce
2dfcpjy66vo	555e2157ca1a
2dfe1gs0v59	2f862e20269c
2dfjp7rs4ci	a759bdb7c54f
2dfknz3qn2p	98439024b09b
2dfqb23h5nl	b600da58986f
2dftbzd6pmk	bac482d3d1ff
2dfulb8hlkf	1bee6f546cf4
2dga7yra9bx	03131a06abb4
2dgbeimha4u	dee907538638
2dgbrr3v2hb	c95fe2d56b76
2dgfjt14dqk	80fb48ac874e
2dgg8f6mxsf	b4988005a3be
2dgp9eh4d2z	ec4a26d61eb8
2dgqb6gw9ie	4b6f291c925a
2dgquo602gr	014183b5cae4
2dgsvl1om8m	250efc20992c
2dgyjvaodbl	91cd1b134379
2dgyy3hyot7	d40c2b0aada1
2dh9bal5b04	f01d369f03c5
2dhc8o4s9wq	1d2d6b5dd8a2
2dhjriixw7q	a61f2a6da4ce
2dhluv20wys	8d9cb997867f
2dhn32iij16	593bf079cec6
2dhq8atwj93	4c02e4978094
2dhrozyh82a	ae05d724fae6
2dhuzcc17bp	bef43c0119a8
2dhxnkez5sh	902448cc3f4d
2dhyjosyiq	b42e9bf633df
2di6ems4zwm	59b46a12ba3d
2dic1ec0372	38ffae04d1c2
2diiqmjoilz	74f0454a58c3
2diqne26fyy	444eebc37121
2ditxyz7anp	47baeab9c427
2dj49i74jvb	8af1a3dc3ca5
2dj6t3tpo96	7c40cdec77c8
2djfr06e43y	923f1a39f77c
2djnjmz1drj	db5135f26e37
2djqn7dt51p	1a3f9eded41c
2djryf34xzd	672e1f542d81
2djs1uwo8v5	d4130c5a881b
2djsjmrd2ws	f9a78e890271
2dk0a25zjja	734f39b95e81
2dk0x0932x4	939c16efcb6f
2dk99cdq4a1	dc09bdabbf88
2dke2ij0xwh	afa0d31748e8
2dkgb0oz2l0	3ff1b771ab17
2dkl24nvb4g	401cf105161c
2dku1iabmab	af1b4a860fe4
2dl6nq9p3t6	1db54669f25c
2dla21yqxux	d937596a5f0c
2dla9jpzfut	06fbe08d9ccf
2dlco0i34qu	579801f41d5d
2dlucz4n4ls	9f8411307bb2
2dlv7a8lf8r	33d557bee3c6
2dm1firipyb	4ad784bf6922
2dm3zqfg8ma	96c8570167e3
2dm6azwnyzn	fdb0573067e5
2dmeyt27glh	2f0b56abc5db
2dmf2om9kph	29c760cc4f1f
2dmfbwzmcuc	7d05d1b78710
2dmkx3u1dn8	b9d8651d6a2e
2dn3tcffdph	ac7f27f49242
2dnegc572rd	a8eaf1a7770b
2dnejyldypm	292bfb272082
2dnjw5zlssf	dd0c60151946
2dnkynf12iw	f4f78812fb83
2dnl5meulb4	39460cb79b89
2dnqlb1ocbh	09b9795f2958
2do0lfb4wbm	38213b15f953
2dojjp8r0ha	0bb663e5fa24
2dom10s3d66	9fdf4ad1ceb8
2dopfzej710	7a71461bf81a
2doqomt0nsj	932c158bda64
2dorxgunqps	52a42da54de5
2dow4v9b9b6	65337aab700e
2dp86y5e1kl	c0f24d8dfa3d
2dp9ff67ttn	79c7d8d813a3
2dpiesdx74k	ec53d7a6367c
2dpn3vdvv5e	19e1c35ecd14
2dpoh8nv45k	837a62717686
2dpp4qkmklg	e3143a0459a7
2dprg1lwdk4	91370100fb48
2dpw1ywsk0w	d9bb9eed0fd2
2dpzhgdt1nz	6c62f55c279b
2dq392i7qle	0ff606a03ed7
2dq9d5hfvzr	0f1f99cbdc1e
2dqa67bqajl	261a75d8037f
2dqgaulecxh	af241a93c174
2dqh35je2gn	38064a4a87ec
2dqj0qqiplv	90f36fc6bbac
2dqq8ifas2f	c42414d494f4
2dqs1zrimkk	237d66acff52
2dqudgawimh	1f8397984766
2dr7swe2x8s	cb9938916456
2drbfwmzn01	bbf6c4459f4f
2drsp0nuc1b	0a3873801bc2
2ds07v1qfg0	c8c34579103b
2ds83f746wb	87b87da051d6
2dsc7p3lu6v	f3c31f40017d
2dsijzfzqng	077464a9a528
2dskbhmvtb1	8698cd4d7791
2dsox204bll	31ce374a0383
2dss7usd6l4	5e60e976cb7a
2dsv6sa57kh	6f216177d22b
2dt7txz9pea	96cc4acc20ae
2dtbvgbjfr9	0495e19b462d
2dtc6o5yn62	ca711bb58a0a
2dte2a5fwps	5832e22cb127
2dtfo1bbe95	a82d564ec9f9
2dtg0fc3dpp	cb8775e0e1c2
2dtjnm9c4h4	b22dac9f7879
2dtu50ygc21	bedd3888913f
2du25jygcgo	88fcb85113a3
2du3uz3iku6	ac70c57d886b
2dubxlp4n8g	0107e184f152
2duwut74j76	cf175cd228b8
2duxs0p5h43	233a52f095ba
2dv0jran51b	66e209209c2b
2dv1zze9oah	108f22b279db
2dv4gqfur2u	57e0cc2c5c96
2dv5x5pfb3i	9a094cbd8d3d
2dvxmr3pw75	19d036a46e0f
2dw1kav75nn	7b44b07c968f
2dw4novprl6	2811b8f0e672
2dw6kvtqh98	75f9b8eeace7
2dw8c24lzr3	f6c36813cf56
2dwb1pa18py	91deec85cbfa
2dwlxr97thj	c4c212572916
2dwpoqadq04	09154e8a8405
2dwu1f7ccys	fc7257be43f7
2dx01veozl8	b154152a4a2f
2dx1hk87vhx	cff792b01ed8
2dx9s9g3oav	b28eb705c2c2
2dxacnlbn2j	bc9425f81096
2dxem0fztdy	ab423b5021a0
2dxhx8i4e4e	952980252f9b
2dxivl9hu04	76dcc3bff31d
2dxypuc31ir	a34618b19c87
2dy1d3onkzv	4b9482d6064d
2dy1pju3rqn	bc1e386188a1
2dy4hf18skn	3a82d01a5e30
2dy9f5wf58z	658d286dacaa
2dyclrbf3nj	4074c6e38222
2dyjv1cmm3z	14a7303b0149
2dyp5m4iubb	11e836ae35ac
2dz60ir1cgc	66bfa5793aad
2dzac4qhwy	9a2922c40cf9
2dzdbrnkmpp	bfcc691c25e5
2dze6zgv0as	7d589ca88506
2dzgnc1uezq	ce79f2131405
2dzi5k8dtf	71b51e02a09d
2dzn78nlx66	861b8ada397e
2dzrdjy9v8g	204d1072ff73
2dztrgqemzr	32152c667e33
2dzz83paam2	9289f54066be
2e03f15o7zk	abf6e73eff24
2e05fgwgr00	5ee5e61c4dc4
2e08l93fqm2	47e93bce22ca
2e0jc30hz6m	623771a17a22
2e0k4rrpq0o	18cf6c28e023
2e0kgibx4bv	6cd67411fce9
2e0kiodmlid	8fc2de853aa9
2e0mvy6kfgm	1bfe883d7010
2e0pdb8hr50	10fede2d2442
2e0sp21ctqr	ff10be511196
2e0ym27va8	ae3c464a3938
2e1394smocc	5872bf46b62d
2e14yx3rn5e	da5a5e6165aa
2e17ong5jp0	8f5037ee3e24
2e18s508q2a	dca13ead6938
2e1aisixxa0	7d360f0b3f3e
2e1c9c56tt4	a086f978c375
2e1jy4n4wzm	6e263f1d6056
2e1lf6n0r3m	44463a039d16
2e1mbmiejkw	7243fa5e0736
2e1tcdl0a6k	78feae0f8ecd
2e1w5w31pem	8c9e4f3be691
2e251xxetis	e9f2ca37f6fb
2e26tkl04gh	0fd47071787e
2e2a612hjb1	768daf33bd8c
2e2augh89n4	42b691c2e809
2e2hay9j5vz	bbf624b1d49a
2e2z8xqhr8a	fce360679c96
2e390xyt7ei	bc5c20dceb51
2e39y9rr5bk	cf90181ba1c1
2e3ai055z4r	d2b725f56737
2e3ccwxbcvw	4fcfbec8cf55
2e3ce490m4j	5c101f9f1bb2
2e3httffkuu	69a8b41dad24
2e3hxjbrlmi	903683bb7342
2e3jqopu3wd	ccbbdab703d3
2e3qscmalrw	4efdc92ecc0c
2e4015hq8qm	dda470210b79
2e4e9g4ro42	91a9ea379fe7
2e4fw6wllq9	9cfc0be35449
2e4qd18lye6	eac80a843c65
2e58p8ngszs	511a35a58f3c
2e5jitt4jrf	7fbdf1f40bc7
2e5mgdyubet	27546ac4dfa6
2e661raj9jp	b81b5a8264c7
2e68kl6ghwg	fb76fd3fbf32
2e6a5r0k21o	25fe391a1cab
2e6ecp8rns	543c6e7b9536
2e6joi68193	6f17d0615b8e
2e6l5i4278f	80637fdb276f
2e6ttorns23	5893e5e745df
2e6uscxx7n9	3a40f12348b6
2e6x7uyqtr6	1e862c2faf63
2e72s7ulb1u	2f031fe56a08
2e775h9moxm	0816e6ec2509
2e79dgh91ec	d761b98a8a94
2e7f3recsao	c27e798d68d1
2e7j7e8g3xk	db6b13f0a9c6
2e7n44jgh9v	d28d603fb733
2e7y7r2pnl	00d0282ed864
2e81bizd9js	c75a9382ec3c
2e84lwi05f4	f515eaa0ec8f
2e8c5cvzuo4	5d169da2ea78
2e8di7lj45i	b5660cc8066e
2e8dyr8fx43	fc2d8587f990
2e8ht3jvn2e	dccce709dbc9
2e8v6tc6u7i	0520de08ed89
2e8vti0kic4	ef7118294b2d
2e8wfksh0qg	c290ece1c7cb
2e8x91tbpk3	b246e178ec27
2e922ju8j6h	149ab5545042
2e949azbj1y	80d7f8535615
2e94vz61uq1	eedf9592e443
2e97yrk54y3	1bb2d4fa1acf
2e9ff8c8p3p	1083e75e35d8
2e9igenogp7	e7f1aa62fa14
2e9kvkqmpsd	a09f13b7b708
2e9lzu6u9ne	ece2bd8038ac
2e9ox88bfzr	9539ff4d3856
2e9uxy3dkpe	8f8231a1a8bd
2e9xc40gs00	302f9542deb4
2eaft4wbu8x	06363324ab9b
2eagokri122	fd243639c619
2eaj9843zjh	dafa75594217
2ealzgy66vl	c93d318fe8af
2eamwfi8gor	8e9a4402eebc
2eanc4t3xt4	8b66809ea3f4
2eaqxu56uw0	616c4a97429c
2eaty2leay2	4a5cb26d4c24
2eawfaa1o17	1dfee94f8989
2eb4ne67yrx	19c6988c8735
2eb5q5ddd7u	8be745abca96
2eb63tw6we6	613f85e9c1cf
2eb7yegf3np	3f177edab8c4
2ebyenzvqnp	949436168273
2ec2o8e41zg	8675d4fb02a9
2ec48yr0e0x	eb26d347f036
2ec76tqiwvf	ea9d793faa5f
2ec85p29nyh	bd9c575f9227
2ec87obniej	483b1fc085bd
2ecbp9lwwsx	efe23a72b999
2ecjd9hjs4j	b6788692f4d6
2ecp3e9odup	cc4a64c15577
2ecqbuth6dg	9687ecaaf006
2ecrmzb0qhp	c93335c45956
2ed3snvpm3	a74162a61fa9
2ed4c9k9h67	17bb8209a36d
2edhwehgtu0	d99b39b7589a
2edl4r91bep	73a3f096ac7c
2edxc8a0p3h	d257d32501be
2ee068nxx9	e506e529fa93
2ee33o3qbbp	1e110e657115
2ee7ouo25zc	88c61daf76c8
2ee8sggppxk	c933997e91b5
2ee8t382rqh	6190c412a9d0
2eej5ar7dtw	53f91dfa0fc9
2eeml7onbjl	558c7f82bed0
2eemno3hd2x	d227a47d6fc1
2ees1ww549u	5dcd847a2567
2eeuzimcdpt	c254d3a4067e
2eexvbcwygt	1b72db61ebd0
2ef45cs0059	9ca3197e85b4
2ef76t1sjj6	e404d5c5e70e
2eff8o7wfvc	f0303e7263fa
2efli9a8ji5	55426377c516
2efsqgif03a	b590a7d0e645
2efwmydrex5	486a8362a43f
2eg2ltni6dr	f56a8bd56733
2eg35rrwl79	039cfed688ae
2eg57h5rt5x	4f7ae68c46d0
2egaeyf7h1o	166afce20159
2egbs5t9qye	ca471ba01661
2eggg3aqa0l	01a8de783f9e
2egp5wc65g3	9cca901b2188
2egv3oxea18	793b818b1da6
2eh39x1jdvr	e98a9bb05b35
2ehha77aa0x	9a8f3516a82b
2ehjqncd2ql	d2ee725bed74
2ehmjqq14yg	7785aa9a6a9e
2eho31jhfyx	1a4b6e3950be
2ehpk82h2mk	136786b1228e
2eht1bq75tn	3bc9a20e68f6
2ehxiv2c74v	44bf821b1f36
2ehzmpthz8i	0d0b92495eee
2ei1vi5hek5	ec1cd41fd072
2ei21tsjpcf	b76d4a056dba
2ei3a80svmv	2a3a0bd870ad
2eifhrw3bgh	adc5233f7217
2eij6eajjyh	e04f5e1dae20
2eikwht1ovf	73aa6c48adb1
2eip8h6cuvo	76b1431482ac
2eishcjps52	6b177d082aa0
2eitu5mt5o8	ec1d6f0c6d3d
2eitycoizrm	0543f05b1134
2eiud6cm3ue	8fb738beace4
2eixjmmauyd	bef2f838785a
2eiy8hbfop8	e2550e8740d9
2ej1ne38l9j	895915176c09
2ej31umbbn6	e7a52a23bc4c
2ejkky8kpwt	d939c436704a
2ek4ds156iv	e714fa7e2589
2ek9dyouugs	6c5d9afc3fd6
2ek9jgmmy3l	7d9a23a1b692
2ekb0tx9jt7	0230cc376360
2ekbnyn8v5s	653811f07e33
2ekc9ku6v19	40a8462945c5
2ekcxd5dxdd	dd5ed22fd78a
2ekfq8csmiz	11f165c1b845
2ekktdyy2yi	7bfa6319f176
2ekr4n3gz32	926461c4ce5b
2eks035lcdf	52c85931b613
2ektdm3ftb7	8e9ba52ff13d
2el1dcebp5q	07efa20ef722
2el1gbicgu7	abb22519d3fb
2el5egy9mid	58945b18e26d
2el9c4d4wg2	558933acc3a4
2elk61pv1i3	8dc99872f7b9
2elkb41rvwu	0fee20f43855
2elkg6ctiml	46a770b526ca
2elm6segd4p	3a974c793a17
2elpzzso2zx	4f8919dec2c2
2els0a205ff	e4f89fc72b9e
2elten68s4i	889b4eaaec43
2elwaw7jzbl	03a73d3f2f38
2elwl5y46cw	9b908df79d99
2elzxzdoh44	f22d218c27a6
2em4dutcmor	81123ae22443
2em89rytld4	6af42441b8ea
2emkbd833e3	30c2f74edcdd
2emoguwu8d2	cb220534eece
2emoknuzct5	a1e60180fd09
2en3067l4x	92ddad185b73
2eng6iqfaf	65e471fa792c
2enhk0zjqcr	22de2e2c7433
2enkp0qohlh	c8066be3247c
2enndwmkhq6	5b8e15c2547c
2ennrqqulam	fe64d04d6be9
2eo37myv9hx	3624cefd3044
2eo49mcmcfe	2e0f054ebb3a
2eo5t0rwkel	0b499d9bbfc5
2eo7001h0iz	6a942bfccf89
2eo9gkyprn8	fdeb4d367fc0
2eoi6wl3kiq	a5a73b3a3b61
2eoigwlp3yk	43a27aca76c8
2eok68fb4fp	9286f4da0037
2eolnp6bc3x	fc1929ae7b23
2eom2i5tcgg	36ad9c663b9c
2eon8kjs42z	44daaacac970
2eonmh9kgls	4037dd6474c0
2eooynpznvb	b9eeed698410
2ep4x9ba9ab	5662b43a991c
2epc3imuq4u	8ae780c87bd1
2epk67wvics	70a1091a5bea
2epogite29o	06f681d8367b
2eprumno6k8	94e52d07262d
2epvd3vqz74	e149ffb0a25b
2eq3t6ievw3	c9ebe37ac0cc
2eqalu4gr5p	eb6e4be5a3d3
2eqczqru3s9	9d2ca6f887ee
2eqeauiofc0	124d207c3f6b
2eql6xxx6fn	c2e32b079829
2eqxlih3cc6	a5123daae0cc
2er5ebse5iv	4cb09e969dd8
2ernvrx85o0	3b2202afe7ea
2erscuhch24	1a952f27c03d
2eryc488rv0	380865752a12
2es1vcjlnx1	a7f1fc14b457
2es2n0voynb	9007577ef4bf
2es8eewuiba	e5850a29757a
2esav5ntw75	d556fe2abeff
2esd3ghj110	c82dd9f7b57f
2esds9576st	bcb1e6dc9b62
2esish9srvo	63197b51a272
2eswdyspej3	98066af7dfe5
2esztt214nc	5cdf897dc6b1
2et0n4wle9i	af6d058ecf88
2et4thjj25e	47b7dfb4e3ef
2etg29yi0sj	371880855ec3
2eto6hp47eb	9b16bc973402
2etwnhc0ogz	888bb3b7f6c3
2eu918636pl	c0e6d6059a99
2eubzhruwsd	991d96ca6a27
2eujcyp2kge	cb827c13a481
2euv6nu0j6t	1672f08ce111
2euvk5lqikh	357276227d7f
2ev1zbxlst6	a14754e93bb9
2ev8id0um7m	3a7509243468
2ev8jicqpde	03697c9fcb96
2evbxssrd3n	ad43078db95c
2evh13hobsn	192cccf7d44a
2evkndsd985	60caa7d691d2
2evsjacpe4x	b2501081671f
2ew7rryyitp	5e006484bfe1
2ewa5b9uppq	159f3b394890
2ewb1stl3bw	fc4771395bd1
2ewspet2yiu	37318ac7d717
2ex6dqabkwn	28c33424f23d
2ex6wa9v2lp	9da4b2319e88
2exdc4t9xpj	b4fbccd724ad
2exh34m9nnk	c103460fa764
2exhtluhdij	09642be27a47
2exr732ns1t	f24a4a8b8350
2exyjbmzhua	c45eda70c69c
2exyrbjgews	ecece733efa1
2eybme3dn9m	8cfbfa01f8bf
2eygk0i00u2	eb14ebb10cc5
2eysjzm6tzd	91cb1b916415
2eytbeukccw	42271279e68e
2eyuv3ga7rr	0157e9715d9f
2ez4iqrcsyr	febc4a501868
2ez7boepc3d	8c8f621be2a1
2ez8b0a68ow	ee5108b0bfbc
2ezjwe8v7je	fe11fe033790
2ezleelum8g	2ffc5cbdf167
2eznt3obu18	2671fe5410b8
2ezoboo8l6x	f3e5c0d363f1
2ezv7egi1jd	48825780c6ee
2ezxbslbzhr	bcead9644e01
2ezyvirpwv5	17f2bd727e72
2ezz20j216s	5fbcecfc18dd
2f01h1dt1fx	a8f09a0da968
2f06xuro9ye	d3e54dc4199e
2f07k8ppxcs	a11446a4b376
2f0clb8svwe	349f1f9e0963
2f0ha0ksawp	0bab228a8045
2f0iqostzjp	d9c9352a447d
2f0j7y3uwkv	ceae2f02a056
2f0s35k5ncl	34e73e7cf64c
2f0tzacrnha	978d84247a59
2f0w0vovng2	09fb628a6dcb
2f0y51ntsph	65e4ed0c4d8c
2f1179pn0zt	0d17920ef4c2
2f12t1xexbd	1049bacb579b
2f130x5j34l	ec020d802e26
2f14qclvns2	6def765f4408
2f17ztevru0	7bac76d395ab
2f1aqzktziz	ce71e87317c0
2f1as2ch6un	16014b1b9406
2f1b4auzag1	f2be7140ae98
2f1dazra72x	9d574970c265
2f1m4i3zttv	341919785d72
2f1p4maqt9p	8daf931285a4
2f1wkfw82ly	985268f2ba9d
2f1z3glo4j3	e570ade0d5e7
2f22y11v2bb	1e01ce680c5e
2f23rqm66n9	36b531b8c82f
2f2bjegu1ni	ce328ba0d630
2f2l7s9o199	0a56a0edbfb9
2f2mmr5eq31	d83b93ae93e0
2f2o9mtnud1	4e9091acb40a
2f2vtdfaf64	f091a296d6dd
2f2yubf5ywd	81ad76ca044a
2f2zhfqrzsi	eb638ca27650
2f2zwyzanaa	a960369efac7
2f32esxamv3	449eeb34d18e
2f3lk2qgogh	f8f1a10889c6
2f3m8k2gil6	414b423f01b6
2f4g4q9i9r8	d55f5bb3699b
2f4g59cwo98	411518806b4d
2f4gy42pwjj	a7d553e75643
2f4hjgtfduh	5d833e6461e8
2f4k99nlv4h	205c4c362302
2f4m4h0nc35	41142a4ff52d
2f4qutfpslj	28eb65c3e875
2f4tkoepur2	086901734bd5
2f4vygp5bpg	d55dc1bc518f
2f4xhujam5o	f183080b2e31
2f4y4swwmx	cd01955f394e
2f5bkgzpchv	c7ca37ce40bc
2f66cifsmp5	7190c46eca89
2f6ca6x3ah9	51263bfb6388
2f6ffm4qy60	81dcbdfc53fb
2f6fyo19b2x	3a2c07ed5d99
2f6h2d0odj8	0127890af276
2f6mbnckcn1	7c7a9363ef0a
2f6xtxl0van	80b93035d7d1
2f72kqdthd0	4e88325f88f1
2f75hnx64yh	e19bd7ed6916
2f76ay0q0a1	92f480838b4d
2f78mt4cw41	3d18cb3509fe
2f79pk6vvqm	1d12a23c351f
2f7h7k0kouk	3ce99ac77961
2f7modkg3ga	6766de159f24
2f7n36vl3jy	37328edb0ec9
2f7xmtmm7p4	dab086abdd6e
2f84fbptv3i	884c1310ea23
2f8fsm3ubkp	873b74ac03be
2f8md9vfou0	1a32f5bdd881
2f8pq29pgjh	8207476ca8b1
2f8r09txnfs	e7652730d4ee
2f8z0tw3ggn	c23a56068d44
2f9605e2bon	853679102c2d
2f9dqwgv7h7	03ff59b33699
2f9qamwrowm	4db8f4e82d80
2f9sajyfgsh	ae700341bc64
2f9shl8sqjv	616e54426893
2f9w9veq6yp	1b0f7c030467
2fa4idvkvrr	4ba580fac60d
2fa7c9rfvw1	7156656df92e
2fahzt0cl9o	ec1ae133f6d6
2fak1k7m6i6	378552b4b18d
2fascrxogq8	2fc70a79b3b6
2fatusspq6w	235d738b77a8
2fb433pzchl	ef2f9b0c0e64
2fbb0snklbx	fc94db48ac6e
2fbb8kzk0wx	ff0666f83770
2fbbuceass5	005b6757a4fc
2fbj98heyiq	4bbde6cd0c80
2fbph5sbom1	6ed3e54d2c40
2fbqdtjicr0	3b31b549ffde
2fbvcdy2j6t	15c050b0389d
2fbxfooyzb4	b3d464dad24e
2fc1m432xv6	ff8daa3e8079
2fc2agslggd	6bbf5b0af0f2
2fcfsgwqozj	c2419bd42b0b
2fcirn1oe4k	444b1ecb57e6
2fcj89318u9	3475102b97cf
2fcksads16f	65cd9fb5b657
2fclbfha9a3	491d987bbbbe
2fcm52geai1	adbc48c3e4b3
2fcs33ak43q	702d42cc0ee9
2fcuqcpw13l	fbd18320dfbb
2fcyk8rzjee	43f5aa6491ce
2fd1dto5vdx	f799e361127e
2fdacyt6gtt	b0d577fc0258
2fdbu3mr8u4	06bf30082085
2fddzbccgwi	1d3e58c5ba6a
2fdoas293ng	30e98d82096d
2fds055lic1	83a9a8ee177b
2fdufwqz2qk	53fa1df81b60
2fdwm7ma65h	909ee33eff23
2fdwyssvyur	f0b7de0d8f0d
2fdx8z3z5jw	b946ef675af4
2fed283lkn2	eeb51f602966
2fegks247w6	9bab30b90764
2feh6ms1fcj	b09020504033
2feht03qn65	2b703e9dbc80
2feltqdesmj	eb5bb2cb73f7
2fepfjk8he6	357bd038a834
2feqam7zxky	5684deb7d3f8
2ff3pz363l3	45241831ea32
2ff7110jcft	eafde72389ec
2ffjsx09gys	84da730ce477
2ffn6mc5k1s	5e32273f1a7c
2fforntyrgp	37e3d106017a
2ffqucrrmf2	45c9e7820cda
2ffsvi83h1m	ea3473a3286f
2ffxny5bzay	85927dde1d93
2fg52k424du	f6732165ec06
2fgazhjyld3	9b22da027cb8
2fggtls7nil	7b2ba15bef12
2fgi9e0wuex	214a3e5487e8
2fgmvszp7ji	855ef9cf3c34
2fgrgkbsele	c089481d4900
2fgs7f4stz8	361ff2cd7571
2fgti96ua8r	88dd1fc502bd
2fhm1g2q0ae	80b11481fe2f
2fhorran6mm	48375764e1a1
2fhripyy47z	fe260612fa2a
2fhxtd9xpl2	1783900ded28
2fie2qts0tm	3583fbd8711f
2fisnk04gyt	e673e17cfe64
2fiuone115m	272942b07ef3
2fiz7fg6br7	4a1ad8bc077f
2fjc3xdyux6	461951f8f076
2fjdspt65td	5a7812cfbad7
2fjegounxrf	ede63c212c16
2fjfw7s2g2n	38f1a9be078b
2fjnxcsi28e	331856c0a6bd
2fk2cj21813	6b5174fc924e
2fkc0yz411q	19eca4b52a3a
2fkdn5wifxp	84b12a4ad8ac
2fkgxes08ai	22505cbc6d75
2fknpcaf8qr	2977da9eb86f
2fkq3zk9no2	062e4b2c8d9b
2fkvtenfti6	567cd02bb001
2fl7e7z3anl	8d87045741f8
2fl7mereyek	f3def185f5d1
2flr2a4scsx	15b4dc275b26
2fm0yymmdi9	d310594cf9bc
2fm12c6wf06	87912abcf2d4
2fm5btu5pd3	139236d689d1
2fmgf3slvxn	b65a6504acba
2fmh3nsqy3x	a1b01d6f7ec1
2fmir8sbxzs	b2ea524c5bc9
2fmo77zw3m7	dd15e28dcca9
2fmsugm8h1y	666f94435ad1
2fmvaw02d44	8b73e003ebb7
2fnir05yifq	668239a15cfb
2fnkxvlmhh8	dfbd9c331d78
2fnmv90zu1p	d94ed330fc9e
2fnpt8vngfu	1ff4714cd95d
2fnua0k709n	7ee43f4d81e9
2fo505r80ek	1e963f7fa576
2fofsqc7r2m	445bc2f20d4f
2fon13zj09u	7d05b3ccf0ff
2fos4vdhgmw	1b078bf1a67e
2fow8uf1s5d	51ae02ace06f
2foyetkppe3	cc282575a5a4
2fp0bvyq9bw	b6615d2e12cc
2fpbbtiui78	3b86b97e1c5b
2fpc54gvvg1	262acd1edd19
2fpd5xkonr5	4933014193cb
2fpe57bpry5	f3ee48fb7b9c
2fphmehwzaz	ad64af59e08f
2fplawseoze	005272899363
2fpnz15ppkm	eb0d44c4d7f7
2fpqnxsi0ez	251f85fb4775
2fprst3qa2	4f12f5378f82
2fpxk50sspn	62416fa8bc6f
2fq9vot6uwy	709600b21097
2fq9wd5fl8q	3c6214fad674
2fqiksmx37p	7c6a485e3087
2fqj4l69fwc	b705c771420d
2fqkx6jd2j0	fa56b74f74be
2frlahzvzoz	60585da54ad5
2frm2wtnsi7	a7173af728bb
2frtiqs2eh0	8da478ea4a05
2fsasal9j53	e7d0278a49d2
2fseckvpptk	f2b663e62399
2fshs3e6hgb	c230960f0002
2fsk72yh3yl	7b619329f32b
2fsngz3f7i	f20f8ce226ae
2fstr6j5gev	da50f9711ecd
2fsvjzisi0w	ee4b6fced90d
2fszwe50xov	c3252098249e
2ft4mh0vqo3	80826306392c
2ftdv9tqxbk	7be5d270268c
2fte7qnjxw3	38e56ae153a6
2fte9qhvs68	9a1bd0f8c4ad
2fteh0g0145	7c777851b52c
2ftvgb9jjdf	c36404417c06
2fu7qknr4r	a64399760fbb
2fuiuv54nbh	aa27952310f6
2ful4gb90qo	fe4283512f7d
2fum2th5aoe	931f8bd168ae
2fuoyzrjosd	48690ff3f1c7
2fuyv60vm3r	4d0daa72490e
2fv2l2v3pqw	d4ddd5468495
2fv4bbtiopp	307b88c60cde
2fvgy43305i	23f0f6653821
2fvibx41vh3	a08cc7efbd1f
2fvjwjmw39z	59960cff4f97
2fvo5r4fzwc	db7231f23025
2fvt9z3wz1q	ba1f1e6798eb
2fwd5gfhgr3	8b5230299a86
2fwfwqyi1az	84e7675d503c
2fwg31jii8r	da7c1913b634
2fwgzaymcb0	3528bedd1648
2fwl6qe3y2w	b83a579ead5b
2fwowwanpc2	98f5a291dfba
2fwoyqworct	2eec44ae5c0d
2fwtviri9fl	21b59b331eee
2fx2b7es6hu	a7db7a7fe353
2fxg4gt3xbx	ff400eccb6d5
2fxgxe4td27	54f65a007f63
2fxgztgd3m	86d4de339df2
2fxi6cw5neb	8f117269180a
2fxn3879dtz	eaa2e12cc202
2fxs0bazkgt	e477b1a36975
2fy3rkoguu0	93cae84eaf4f
2fy7b9g1x8m	fd335a55716e
2fygnpuz8y0	810d5408cec8
2fyic284udr	564d86c07787
2fyqbi2wafd	ad3c7f9bf376
2fyr8cpixva	177a34bc286b
2fyw4bpzg2m	c0c84cac5358
2fyzpj6kjx2	3083d2fcbb22
2fz0p1svm9i	9e4fce219c71
2fz4acdm2y6	9a84f98fcbe2
2fz7g9lbvr6	7b78e643022f
2fze4glj1mo	d925c908a48c
2fznkeitjuk	313047b0275e
2fzs01fvgz1	c34602507ef3
2fzvsjyzl11	630d5332dc84
2g01m11nmg3	249d023780d4
2g02k197kxw	e930508e1778
2g058mu705a	eb8c1548d1b5
2g0bzg0d2p0	988235a88d55
2g0cgjnms30	726e90fa9555
2g0cmm3e9au	e0c05bb35ada
2g0mkcvz9mr	414c0c211fd2
2g0ouoou1pc	4f4937ee6bf0
2g14jjple23	458b8f807edb
2g184ibu2xn	59dfd4a63461
2g1b691rsop	eb2b11e89a7c
2g1d7f5n3gk	84cc1f43d615
2g1j08ondgj	456e15f622cb
2g1j5lhb50c	0f61014cd967
2g1m0dd35t4	45fd7dca3f7f
2g1npulqnol	4e1189750e36
2g1ofb92otx	cd39c9ce1fcd
2g1zbs181ud	93ec87075c8b
2g20kzgrbz6	430634458a25
2g25ktj0er3	c5a5285148fd
2g27cisn49k	f3556776f20a
2g2dn4659v3	a0489d8fd6d4
2g2ex8lxokg	fca7e5f9a207
2g2gyd9mrbl	02f5d2f112b4
2g2i662cdgj	a334fc34b17c
2g2olt2gmi	a5591a45a99f
2g2xewco32m	bcd013e13c86
2g32x65qgez	eec946b3fcd5
2g362h3xlkn	c20b0d848e52
2g38j6w9twl	96d690146b36
2g3a8bcffu2	87f685d8ce8f
2g3d1ci7rru	866ffa121867
2g3iyhayssh	bfd99d5c7ef7
2g3kicj1swj	672307de78be
2g3pt9a8h2	c71d8e380c1d
2g3r1hd3ibp	a8cf52ee93b1
2g3sxnoc0or	7e2f089fa267
2g43t4beu35	2d4c044f8a65
2g48c3baksh	077198a1cc59
2g48oke8690	01b889c644ab
2g4a053n46m	1edf7fd195b3
2g4bdvwtwhw	d9c9aa06e84f
2g4c4lb6pbj	2a524363aa2c
2g4jj6asdjv	e42c24c0f957
2g4pbx4l6u1	dc9d1f185dd5
2g4xsfwpoj8	9db6b34f767b
2g51qgc166l	4a20f3ab32f3
2g577p522wi	d315733e693b
2g57jeg8nxu	45ec3f31f8e5
2g5869ha66v	3dd06e74be50
2g5ahm8fs5h	5710cfc0156c
2g5bzcqwdwg	ee3efa678acc
2g5d0gh10rm	23dd52a990fd
2g5e16l3c8n	c8197ecdf0af
2g5feb1aeo3	c66880bd37d5
2g5jbmrmi2s	cb0b69ad1ff9
2g5nen4ms2f	dbe5719a5245
2g5s4ckj8ki	dfbec1957ea9
2g63f5tkx0z	bfbcccbe3675
2g64fh2dcuk	e22d04bf048b
2g6942klmcx	213de48f3d43
2g6dv1aduo5	e7f201f67296
2g6gfj5n3vy	46b232f684e9
2g6lsle1v6q	b72e6b71bb94
2g6mbcb7kiw	1878bab9302a
2g6mnmgzsvk	8ad4478949f0
2g6p00urbj4	4bb3f606cf73
2g6svzpoud0	ed811176d202
2g6twkgulgk	58c2d8007ac9
2g7055qgv1n	bcee61caa6ea
2g716w5yzuq	1e82afcf6744
2g72lzqod37	de3da8ebb2e2
2g7bk6gja1	e73855872ad9
2g7cms8nk95	149e5f163d56
2g7e2q4eo6k	5275e8ee5373
2g7fekaec8u	f2f19c2ba8cf
2g7fk9ih7rw	fb2509f72d26
2g7hip2ceu0	055658450975
2g7rwogk86t	edeb3a668391
2g7vd8gwcsn	4d07834159ac
2g8ja2qq1yq	be2a26613f2d
2g8m3xfo753	2e8e51276aa8
2g8qqae5u5r	a24cc11055ba
2g91txz5xfc	fda8cf28e74c
2g99s1yrb70	1ea12ab66811
2g9d504aepq	d89a04ff1bd5
2g9qzgo3ylf	fa0d892ab9ee
2ga13rw0fwk	025570b63a19
2ga3mcc4ugd	1654950905be
2ga573kqo8c	bef56edb0a20
2gadx9wdgtj	b9cae39ab3e9
2gaggp5va2p	ced3a3a97637
2gaiq7km6j3	1cbcee42ea49
2gakif7wpoo	7e80d0844f37
2gaqjjj2xvh	eb08835b310c
2gasztunini	2eb1521a0d65
2gb9nigf23b	488b27fbe10a
2gbdtjmwx0s	91772a22e361
2gbkw4bqzol	c4575a14b250
2gbrcmo4uww	9212f20b04b7
2gbydastafo	2718728f1860
2gc32uzydqe	59e3b0369bb2
2gc9yhufl7h	e923695086bd
2gcafzmpb8q	15364219fbf9
2gchbtg50u2	b1900a03e8b5
2gd7qvvz3v6	95e8ffb59b89
2gdd2kgegih	52cfc3e49b55
2gdj3zjjixp	64b6d3cf0f5a
2gdms55j41d	31deb544fe8e
2gdohp9o7uw	c4def30f11a2
2gduoxexmzc	961df06d2658
2ge1tpoii2n	01bed8f86322
2ge4x6qb3ez	5a93e1594753
2ge5kbcykom	bd9207adea4d
2gea0p1i6yx	b4067a5dbb21
2gejqt1u965	e4f85bc0cf75
2gemzgxwrv7	af68b1e8785e
2gesuo2sfh	6b4f65bf2c56
2gezcbnxwzc	57bb4c3a9f52
2gf0wgm0u79	42bbaece9264
2gf19jvjazr	7bc6d555a05e
2gf1ouwgfas	b5bf7ce02b7f
2gf2yi0ubgc	4858941f6a35
2gf73h7z0ck	07f199eda43f
2gf9jzkrcdf	0aecbe28cdcc
2gfcgxufy5l	0d1281ec7b2e
2gfei6dtkip	08332a984e95
2gfwk71ul5m	abe379f9e272
2gg0ah7cqo8	1330f1f65c68
2gg6pqoaiyf	23d882ce1d5c
2ggcvu7dr6m	13178cd91412
2ggfajmdstv	7cc83f29b493
2gghyglj4ge	5ce0f9a0a109
2ggjhb9tcwv	12952adad832
2ggngjwtef3	be6df6c2762f
2ggqg2cs51t	d233b778eeae
2ggu3cq3w2n	90f499a53cf2
2ggyyrjkfgs	5d41d4c3a9f7
2gh7ifqlv44	b2fdabaa03b5
2gh9lqfj135	2f0dcff3758d
2ghhlucec6c	ba2c800e3e68
2ghj5ek4el5	5583b631431b
2ghqt2j6yz	62b4270a0ba7
2ghtoewqlal	b8c536c9df75
2ghvouroyt1	faf21edd2b6c
2ghw6gmn5vj	7629cf508ecf
2ghynzf2th3	673b90970a0b
2ghzlzafp1o	64da990631a3
2gi578vdq2p	8769808bcc2c
2gij1r6v9ph	6c9aa76e00db
2girzcb67p1	c1bbcf6366e1
2gj07cb5aab	8915571af9cf
2gj2t1fi8s4	4aedf56150fe
2gj93ou1dp6	6f741b33139a
2gjaty84m7	bdfe6815e3be
2gjgslpvfj8	d03677c4f6d8
2gjj8lhi8gs	2b1689b5db0f
2gjlf4hsu1i	0c3b523f2faf
2gjogydkox8	0fa6a3a5090c
2gjqm38jok9	d7eff922a911
2gkae7fbxic	5493d322fd92
2gkap131z2w	08def13c6139
2gkgmqy570s	3a062d1efd15
2gkm9nig8jg	f1965215c871
2gkqu098qtf	a8b8e3ce7eee
2gksu5i3nyd	eaefcf57bdd5
2gkzgez0xiq	fc6a03bc393d
2gl0c5wowhq	6a5215e5bb31
2gl9vczz66t	3d18e79ae9ec
2gm64pxg62n	7c46b39d0c57
2gmb59v1mml	fd6dced7f0e9
2gmbtvsh4l4	aece8891b938
2gmbuwwq5ti	12fa10552dc5
2gmgfwd7awc	f7cb45e65562
2gmgswpsyoz	27de7f1559b7
2gmm3ekg1y8	7405d1934f83
2gmtq4xjdho	63e9cbd5fe3f
2gn33jh7jz2	768105a921d4
2gnazdvgmy	27e55ec7bae8
2gnbaldu9o0	3d8e5db3172e
2gnc79qz345	7ae42861b1a5
2gnd90ar2t3	f7145873bd42
2gnffuxy2m0	d89d765be0eb
2gnfp2n0b8y	a3b87a942cf2
2gngydpp3sw	e5151c4ab57b
2gnlqxqc72i	a0464e988c00
2gnmwkfxkyn	5b551ebfc22f
2gnrwy1mi1i	f857bff17fd7
2go0txwlokl	f9d0169e4ee6
2go17uxkw9x	c5101b838993
2go3c0vo142	88dd59d0b212
2go47ie5094	0829662f4bfc
2gobm73b65s	9521fcfe0398
2goeli59gdy	fa1b5ef6d52a
2goevuw64nb	1495ea70508f
2goqdziketu	e10152c5efe9
2gp8tfja7t	783eb4dadd0e
2gr368z3fs	35c91f5f7416
2gwq1wnhbc	87721973c513
2gxaj2ul7v	f4dfe713b36a
2gxly8knc9	ee1eb794e865
2h49rq0rwk	fd2094aa1f06
2h5rr1v351	7a66dc9a7dee
2i03h9fkq3	f1996dadd36f
2iboi26184	9cf780894a54
2ic9ib837j	d2ff4727e7f9
2idbfo18wq	e6d2df58aa93
2ietsj8158	c161c84196ac
2ikdqmh2d6	fef9eabf34bb
2ior0cp4qj	0d601bd0ae1d
2iwtiiuzjo	def3e205fb0f
2iwvs49ly0	d6134ca9a3dc
2ixv0ec0ss	604b480917cb
2j8emdqm6k	b29fb54eef78
2ja5h7ylvz	5ff45b4d2fa7
2jfpiivhtr	4beadb6aeaa6
2jhgsit9k3	eab1d322f3ef
2jjnsbzef1	d88531d2cf35
2jz1ugi297	5e88652c0950
2k1conr4xq	12d6ab0839b2
2ke5klbxvb	69e125d49cb5
2kklpvtqbr	68102885328a
2ko0132h5q	4079fbbb8af3
2kpllf1f4y	3c40cd4448e1
2krpf7g3ss	6207aaf4c671
2kwqj3wm7l	f9636e66d06d
2l0ornti1x	544d0012c23d
2lemugupmv	789af841b38b
2lqsqfuknx	dbaf704a9f5c
2m2h81s8op	5aa6f819ef4f
2m8080pxds	2a52fdd8fcdc
2mbegocjsv	df7b8401b6dc
2mok2d7ek0	8e3dc0887ac7
2mqfq11d26	a8bf27a23fe0
2mxhskz40l	1a77be2bcfbd
2n49nksedg	46164d9c1b9b
2nn13gcpjx	c1e2fbd1e6a7
2ntlz0kv6s	985acd1709a8
2nuwrbfhbd	ba71ba676bca
2nzd9kjsx4	d918b4b0f526
2o1lhqcf1g	83d74b56b191
2o9q2vnm37	b48c4a389872
2osqohity6	e0f5ead68c51
2ove8lftif	e6edcbb18561
2oxirmocg5	af9089bef711
2oxx8vg595	3cf917aeff93
2p0xd2l3k0	a2effd36cf8b
2p78eq7fcw	ebb9a846ecc8
2pfiokt2bx	ebdfd2805c7d
2plizquuga	387b8a12d9a4
2ptq9eun1r	1a7ae19cf258
2pwz7oup6r	5600fab1b4a0
2q0cn0ycnt	4f1ac1e538cb
2q2g2ov74l	033502134fa5
2q3gnotnkr	a6692f2e6f42
2q61cvkx8a	21e281c42865
2q6xruvc1k	18d0e3833a26
2q8vk89k64	fd11a5faf60f
2qav31j0pf	ac6253d92a4d
2qbhzzllod	c520990c53c8
2qd6lb57up	b21342f04a31
2qhpcen0e4	501f25850b27
2qjbla833	3f479bbf6b3e
2qkjz5g86o	5f7faa506512
2qm90uiysg	6d1b594853ea
2qma1ky0fo	0a5382f308e6
2r1kzeohcu	0531bf85c423
2razmlbz78	abd610c8a810
2rg9egehbz	fd9c9b0cb6fb
2rh4tvvv2j	83c317d5a9da
2rham825dz	c8123b3268cc
2rkgx1c9w1	ece7e3dbb45b
2rpkst707q	874b7ee6c50b
2rpxu2qdzg	2eef17faa608
2s0fbsdjoc	43b8a65992f6
2s95a3uryu	2b7ed5e855b2
2se1d4eyv5	60705758e1e2
2smtye2zqx	cedf2f2afa6d
2sncw44qva	95c4b3316c2c
2snp19e8gb	78c1f56a8115
2solncl091	122e39f1f14b
2t0zrv8g9l	2175097899ee
2ta1xxe1ay	44035e45a2ca
2tciebz25w	2ea0f78c62fb
2tckwbixf9	d89117d5dd5e
2tfpuz2a9i	eb8c5e434db3
2th3r7vrl0	b30d6e84b585
2tm2lqngh	e05f1f91273c
2tqmrg9ajs	8dafc18ad2ee
2tugff07qa	62af296ac673
2tzt4c8ser	e88bb493403e
2u5vccxezx	7333c7386fe0
2u7irr40uv	02a8e913fd6f
2uck530mdu	67c8a304169b
2umx083oqn	9b57053e2344
2unb61q7v5	5d63a3f753f2
2unigcn6lz	5c9b512b9dd9
2urzzybjtv	89d1012c27c5
2vas1ctey4	596dc62c691e
2vcdsowa9b	ab97a566ea48
2vchkt4koo	d295a945d80b
2vqbm5ces7	671774794d09
2vs2zp7nj	eb25f39954f9
2vtxb55rwv	fe612106ea72
2woyxi2896	fb7c052c8180
2wsfm3cvj8	7258e7b85bfd
2wsv7z7797	c50250b3e079
2wv4kpi8aq	9f1a9c69cd6e
2wxq9o7e70	1083c3472401
2x7jj6u4wz	e197f47e0ae0
2xa2u15qu2	93eff146af0f
2xg7giys17	c346bd5ea2cd
2xgvwypsja	9d5a15dbd7b8
2xpnuj5jze	0d050637f5c6
2xts5q20ic	37a2177572fb
2xtwvawl4t	50ace9a65e8c
2xvfv5jhon	08133c26ee2f
2y2w578vdh	ca99d401e0f0
2y4tedt02q	1af277a4314f
2y61wvau04	f96a9979bf05
2y6adcux50	2410db988c4b
2y8bbk66bx	ea5debf2a184
2yewskb6vy	93a276e245d9
2yfvtk81jy	8024a14bd679
2yk456difl	2366fd2f43b9
2ykpwaqtdy	3f5666a50c0a
2ymbfia0z0	c8a2ec2f2d5b
2ynqj575bj	cbad994d5d84
2yqf7p7y40	5411c8f7f813
2yrl8h9usl	1f88fbf5ce9d
2z7yb3sd9a	6da779a80750
2za1zm7iy6	d6d01231a184
2zd0khtgih	4cb8476c37e1
2zef3mr0xm	f5252cf0bdf9
2zi12llq9o	ee085e9b9faa
2zj6n97p9	89fecd3cd7e2
2zr2vy73to	fdff205b0466
315z4utjaw	9cef7bb70232
31b9feu6ys	f447171dcdd6
31fhcr41ue	5d2586f0d261
31ymegskaj	4810d78ef240
320ieyhqon	7bca31e577e1
32376m8m2	6057d9f3f4e3
328djy7i7h	4ec3d901027a
32d6d5795t	f7e0c8e197a8
32kdty1rn9	bb0e3e3494fa
32lrbe3170	1c0fe8524f17
32nkb6pjrf	04c44e70f82f
32s8ayejqm	0f25a3fb8103
32v79h6yw3	9483cdb90d8c
32wtrithcf	6dfec96d5289
336uw1h7i9	82855786f2d6
338n3vkjjh	956035a576d5
339l8hw7vz	d71176401859
33i30942wb	ebf0bbe24b00
33llq0wh4o	838a830b010c
33q4z3n9nx	b5c608554d64
33v0zfstzl	53f39ca56020
33ylz7pjii	e529a1a80a0e
34d99xfqs9	14d9c2bb71c8
34hlpk68nh	d8acf41efdd7
34wq4zb0an	ff8d6fb7044a
34xbc1uifn	f8a1d07dbbd9
355q7qcl0x	1ff91c1841eb
35cj4d3ioh	034803c3363c
35gdbifj6j	2dfa3c0bc205
35u3c2rgvr	32620c723334
366dd43ica	4ce4da21868d
36a6h6jx4u	ee4d995b097a
36hz4v2c5u	8ef1fa01855b
36iqb2le9z	8d39a6a00847
36m84u59ee	9652eb6a39b1
36mfa7hh1u	df3ed8fa7748
36riqg7wb4	3139754760d9
36ymhg3xeq	c69e2bd41450
36zm58dz55	4e4ce2b9c09f
372ucbt4k0	5983bd77302c
377rrfftzm	fd2ce3afab0e
3855bhortg	c4da6fb6a410
38dkegm1ue	4db53f323362
38huq2p5g0	fad2d760a888
38lftbqtlq	01301a2f4bde
38peh0opob	0c9cde52a03e
38vjodi00z	2eee75a6f67a
394e00l5xz	2146bc8be017
39hmf03des	c6d60171221c
39lc7pjned	4a63e188d402
39nbogwwhb	5ef26c36b2ba
39xeojl85o	ca619afb30c5
39yqkrtn8w	f585c8bdad53
3agu6xlnpz	bcf22a9b13a8
3aj3sr8t2k	52e97631a664
3akqr0pr5n	e966d4d830ef
3aq7qx47wv	4eb2c486ad56
3az1bwjxdg	7fab29dc9ab6
3b0kv2mek0	4300e78b9dce
3b389yyrn3	aed27f23f228
3blhzoctrv	a862fc1333d3
3bnnr9kdtm	5f3ea0ea4dc7
3c8nd1d2rl	1e2f1e6d3cc8
3cbj4jmkyk	165ea1f3d421
3cdjx3hgsp	8ebd900c7bf4
3cewbapnwk	38fcffc5b26d
3czl26qlha	405b622371ac
3dk6he4tyy	3de7821128bf
3dk8b4hvbt	72b4e7ebefc0
3donytnj8s	74111c2bfc68
3dpd5a6fnb	e0f235b69f7b
3e3yum08ki	26e179269092
3e8ydigm1b	feca0055541b
3e9jnw1yzs	b7aaa1a4e2a1
3emn50jepj	3cb491e0a377
3epdl8chk3	88625d66ceb6
3epg2c6h84	fa590a5efcc7
3epwa4mgwk	9f8acd7a4492
3epzcf4ycg	7c98f8d4385a
3eu80rzjy8	5ab5159a6ef9
3evmryesfh	74f4e26412a2
3evs775w62	7d127e50c354
3ey6h1y9xx	8c4c800aa80d
3ezq2iqkk7	9f03de8e6107
3f4aupcsvb	7ce16d898330
3f6k5u16o	8396c852b4bc
3feynvu9q	a287a22a720f
3fh7i2n32p	7c31c75d84b5
3fpdspoz5j	3167ddd0372a
3ft2eedf6k	1684db06fb9f
3fx00lgrxo	8e3e53a4be42
3g22rwe7br	37a32bccab9b
3g8h7aw0gr	34226f22e3dd
3g8ktl799z	d41df27bf67a
3gi44ncl9m	58558212326a
3gjwc6rcgw	2e31197d1fb7
3guqtddsri	0e8dd64720ca
3gy10dhtic	54a04cd64dbb
3hby8b0xov	c4da1c2a5564
3hc6rswfwr	41158d39ca89
3hczcruesn	177c41f1b677
3hfjtdt3qw	db10595d89d1
3hj2oet1x3	e90cbc3aef8d
3hjx5sn725	657a14d09ccd
3hlax9yrc2	6995b1318e1f
3hz5al9x2h	e52cc0e723c3
3i6dphkup9	e091cbdcf666
3i88adzoll	aafe6c713504
3igtzrwp8t	ae90b3cbcd79
3iruocxx3v	164f0d49f66b
3iu7y9vsoj	995639f5a826
3ivn30wph1	c43ec104d534
3j51mse74t	62caabf83c4c
3j6sdijaew	7fe515ddd0c1
3j8gwyj58x	63ade993f905
3ji8bam7dl	d4cd606d9f8a
3jjdwhfqjy	7c987934ffff
3jkopmfl9b	77fb8a7e04a1
3jmpiavlns	e115dabf13e8
3jnmqob8e0	0f9fefceab87
3jphmg22ib	2aab36c521c5
3jqfvpu1nw	93e33fb0e3eb
3jv8w8b9gl	f4b31c49106d
3k10haj6gq	60a449bfc3ce
3k6eene2j8	e9c3daa615e7
3kk1i2kp9y	9c604116963f
3knrdoey6y	68eeb5478322
3kntwvlkmz	7d9278bd6d27
3ks8wflh1n	2fb26d0c304e
3l3pl8h8fc	3fe1260e6e79
3l423s40jt	245c2d51b916
3l97aw97s8	4309aa1a99cc
3lf0zzxhe9	f1a5ce013557
3lhcdaz3zw	bd129d25dbf2
3lmw6hw9ey	7af5b28b7d74
3lrn8yqxw7	f8129decaeb1
3lt80g5tu7	5f033c8f84f8
3ltox5a59h	9215043ae0c9
3ltv4ms0lj	4d8603cb8df2
3lwegqdvve	e895e7e8c7fa
3lxbommvgw	ab6b1620c9c5
3ly3s81ci4	cfb2d9bebd7c
3m0afzgul0	4d09e3ab4fe3
3m0yi6cdac	9a60b405b806
3m2auj1n4q	7ad7ac0696c4
3m4iz35163	33c8640da349
3m6b4yrg3g	a92e2a3ad433
3mcj8odygd	0c23fa5deb5e
3mgnkg8k8i	0ba56ff1a0c1
3mvaw2ssw9	a47b29b49fd7
3n1su8bqfa	341b2c2df76e
3n5hu7jhq2	c038c35f8140
3n6q05wzaq	fef160795977
3nd9sacfe5	df60fcea8703
3nf9y4ysy1	01ed18e55c7a
3nhxcdxyb3	dbcdc6ee6068
3nnc2o9o0y	826d30648d61
3nndlbefee	d89654ea111a
3npdozagxk	c686e47559f8
3nsz5n8iso	9be939250161
3nv3mhxf7k	cf6f4e40c66a
3nx7l3r19u	80889d2128cd
3o3zkx8k0a	ae573bfd17a3
3obel8wba1	ea750243067f
3org2t7esn	01e8dc7872b6
3p46co7jqw	b55dd05414c8
3para990	4dd86b957e9b
3pexeanuup	8705d4bf5e30
3pjda0gzi	bee3c392b807
3pla5dwohg	59f04e180d09
3plu9pvk0o	d63979e8cbc2
3q1y8ramwn	eb3c3f2b3200
3qm7cn0e7f	73d530399386
3qmp7mmoc9	9171991128b9
3qxtqnri2o	a2ee5c791d83
3qyemt20w3	46d41d312712
3r54qqgmga	7604895a28a8
3r5obgtpzb	a9bd770bf098
3rch6umhma	ebcb45f9602e
3riy59cdbk	39b02ff754b7
3s11i9pz7w	8ccdce864419
3s3ghrw73f	f93cc3f5cfe6
3s99n6f9du	3db83ccadd74
3se2wp7cuq	15c1fd670c94
3snacfrpkv	72ebf9439a8d
3sop7hdkxp	302bd254dd9d
3sr8d8s5xn	7ce83aa393d8
3sv1rad8fi	5c8f0f891787
3sxlfamllj	db787027b01a
3t308b41ns	75a3745745f7
3t51s1uxdj	3408ec169f42
3tn7eahsfx	49e4e9af894c
3ts98v7n4l	c8a7a9abf917
3tv4sdohng	6c76a078c80b
3twnmrx6ry	c915a1d3f2a9
3u039m4i7o	eb73fba33c6f
3u7aegbr82	b03d2d10c182
3ul77gwjgy	8fae688f3989
3umzbtw980	5d114317253a
3un6uktzij	93b4e6cbbe86
3uu7w973lz	cd53feb45a5a
3uuvc3nclp	3cc5362cedb2
3uwfb63bup	aae639f66985
3v2ujkj03s	2eb3169f883e
3v7f95t0sq	86f7e13519c7
3v85k57tl	fff61c72826f
3v9qw8ns3g	b306c7029a5a
3vfdnfq0ii	d1a6f8afc4c3
3vfsqy5ai8	d5b31acf4539
3vhww0o0ma	b969b8c12f15
3vlunysob9	a2f731f913e9
3vmx0p6dbq	ff37cf772e6e
3vr8msczuu	628168791427
3w2ho5mfq6	6db3fc82b57e
3wdrjj0evr	69099a71853d
3wew3rzkyy	0328c24d8fc3
3wglev52wy	9c8dc8630c00
3wvnz3g69k	20573558db32
3wwl7mmrga	4754fb320e22
3wx0herkc6	6e63e06e0cb3
3wychcbhsb	226cb86ecc70
3x144ca9vv	3367ad460824
3x4nl4lcg8	ed4a7593c24c
3x6evsl7hp	896e6db2ba0f
3x73x6phs7	693984b023e2
3xa15frjrf	ed065d08466f
3xa6joj1e8	96d54a5e16c8
3xe8gh59eg	e7f3307540eb
3xfh54oypt	32af33a294d9
3xfklwa0jo	b2a0ffadd16c
3xjvlwtqx1	e60443eea1cb
3xlrg3yg6x	955d561cca25
3xtaznplwb	73b4bcc0e0ce
3xx3uo6kv0	ed45d9aa5f42
3xxwb4l5tb	e6dc56dd1a5e
3y4p1jomxl	3abda905ad98
3y8m11hc0s	500522505b53
3y8slkteoa	0c2c621b2790
3ybgn0yxtn	df2f586fc985
3yebouzruz	6715322a3c06
3ygoosegh6	6abb45c40495
3yn2w9dtz4	22797b83418a
3yxqm682q0	e88a72f8ce6d
3z0e3ak0fv	a40d95c56755
3z65p2xzu7	edc9d94405e4
3z8hmvf3qa	f9b9982d8931
3zc61alby	a1ce9f1c7ebf
3zee89l72n	118854cb9e45
3zmzzm0ers	6ac8d6440857
3zpajy5u97	1e59159eb216
3zpavpeo4h	6db7837a7c61
3zqk4u26lq	315600eabc34
3zr0e242gx	eb8fd1cbd7a7
3zwws2qu4s	b22c9c3dd8ac
3zytmvq30z	496685c5df90
403z0vxatq	fc7da2a4d58e
40a2lvoodh	5a05f1e7d050
40ax8mxsx7	8cbd99ac0be6
40cc03tlaf	14b8e7769097
40eh2sk4zx	186a519cb19d
40k3rgfdqw	44bfdb127aa8
40ltmrjr0r	32911eaf4cc4
40zs1arhnk	a6c9a905ce29
413pvmulji	11b79c336ba6
416eo9wxsz	1f0eb736f782
41cnsmmudh	38d759f5100c
41gupz71h2	c91e020af086
41l9hqgdl0	f08b046b3ca1
41nm4bnab7	f6ddf3ec936e
41tyitsh78	5bebd5fe37ee
42d7y80ol	f7812217655b
42g63rudk4	76f2c9630012
42l16lnv8v	8dbbdeabff28
436hyemp51	541a4ed0442d
437q5lws6x	aa72e091138f
43arxk219f	1b6042783886
43bop0z02	c5303cd118a7
43cjbyrakr	d5a88a93dd02
43hf91e7jf	3a5bc8d4dacb
43jc95tvw3	52a8f9205a03
43kqhubeej	b9b3538c5fc0
43oqu7knnd	6d3260623c51
43v144q6og	be33547149f2
43vs195ktq	c482467f181d
43xv1x7xg1	7edcb0cf86cd
441vea85fj	b2f32ac85f80
442iq0xonk	6114b828d95c
44dhmqtql0	072a179840bb
44dp66wtlg	aa5851023f19
44ga7s63mp	808dc74f6773
44ll0zghin	400b90df9d20
454rx5679m	7aaf0e7281ca
456bxemjfy	9696a08e4342
45cwciczsm	43da0af4f567
45z6tbyxrs	5cf3ccb5acc9
461a9iui26	e3f80eb10abd
462dum4t3c	3d4d825805bf
4648qa1cvw	aad0d4db1d59
467nm5taep	88ae9647430c
46ewwrfhc6	3b5fed310580
46oku7r04c	a800746b9a80
471tg8ifl0	d3d042bd6150
47aiz39tgc	9b42d5546d63
47cm5j2fbr	d460ed5edfa2
47eymt1fjf	c92af60afe7b
47u93bhazl	451327db4d62
47x48szcwx	45940c9c07b6
47z949zix9	f595376ff786
47zi6y35gb	bae9ceccf5bd
481dgs9hdc	6c47c8117d24
48221l4usu	036252b5d840
489mws1h4w	08b79edc449f
48f8xe01gy	da7188310f63
48k9fgzn63	6f3e575c404c
48lht3hzjk	ad4bd6e32f92
48lyn69vyq	88d15de491ca
48tjfedi7e	2c772fa5b239
490skebmo5	ea4093375215
4937h9swkw	d6a1d4bc5bc4
49fh0uense	18b8419b76cc
49x6odghto	b3e55722a1ca
4a0pbgei0t	16a2d2d0a8f4
4a15klt4j9	65190f42a2ee
4a1pyvpyz1	ccc3a45a2c77
4a2zv05zyh	24983258a6dc
4aij8pjx4a	8f687141e92f
4aj3kpgybh	b51758def704
4awobmj7of	aeff6ffdad8f
4ay4nh9aii	b947bdd70e04
4b66tl187w	1f5814e0964d
4bb9qrc2du	d1899e5e949a
4bcqpfftyi	52e3d4dc8560
4bjl5zlapj	480c18b2ed0f
4blp4ei3qi	20b99260d247
4bmv2zkz5p	f62635dddeea
4bt84bqz0p	a109f8fb0c94
4c938nncje	b9bb17c9f45f
4cn1jwowon	649b5e86ecda
4coh5mthk3	11735a034ab2
4colzbqm1f	05c4508699bd
4cqar1op7m	152c18a33199
4cx6xvb38z	382309070bab
4d0agkf68g	ee058642a9d0
4d3fgbbt7z	66e9bfffab68
4de34a0els	e6e6957c17d5
4dekv8rn9v	2acde417dd9b
4dfwavmnkf	1caa60c20d32
4dgiq3zek7	95d73e2ef9da
4dmkw10091	0ef24910cf5d
4dopk6cai8	bb1185bb6aba
4dv53utg7l	cadd7f4bc4c7
4dvfmxoo96	5aa9bee9c617
4e46btb4k7	21aedd0a8ca3
4edxf8f5fv	b07d9cdce172
4efgc4zoln	3f4067e102e7
4egfejaqbk	51bfeae7eea7
4epec9fet5	1839e9e146b2
4erddqq3z3	fea453d1666a
4ez0jci9no	b6ea085ce5e9
4faofzs5n7	1a749565dc2d
4fc3038a5i	1b4837f71b36
4fl376twxd	89c326b68a34
4fn7kh66av	5ce13a82c04f
4fn93zdlmh	e969078e747c
4fpmthx68f	cb27c1ce71a7
4fs1jdpl00	8cccbe99d9df
4fxtpv3y9u	39feec797193
4g3m6ein70	d188270851d5
4g42vhrykc	864b0bb4884f
4g50skh8dl	402d0ea14a5b
4g81322ls	c4126dee5d94
4g9sz3ilpd	c5fa804c243d
4gbyvibl89	46e4c5c398d4
4gc2lyq7al	074c756ebac3
4gj7a3yynz	f15d551fd898
4gjxt8lzpf	ef4f69b8cc18
4gk2plo7h4	e04c125c162a
4glabsk5pp	0b70a2f128ce
4gpb5jpdvd	4a2b18c2c41b
4gqijmqt2v	417ef511723c
4gtsy4mhb7	d801eec05b4c
4h9931lc8y	c2f1160cc0cd
4hdylz5l7m	68d1a1fdcf68
4hfgeb479n	e82d636e3368
4hl7n8jdhv	b9b3f82eb072
4hmd13463x	87947b1b7209
4hn7lk9y4s	35bf7c300f1e
4ho1ucd13m	defae11984ad
4hpod7q9b	c6f40c00cf67
4hyn833hwb	46e118ed1475
4hzgehbs79	3aa0c7926ec9
4i3ij2cf2r	420207d1c7f0
4i5rozoiv4	c7fccc32dfd2
4iqwkmwhlx	d973e979cfd7
4ir3g2cqo0	b72855f80e23
4iud5hklw7	7f785d9aa48e
4ixzaz2lxq	eaf6631684ff
4j1yd522va	dac2eb1f3bf7
4jbq62n18n	5780ab48ce1a
4jgiyco7m5	666d7ead284f
4jllq2payz	9a6677150924
4jnac9mucr	4b2851ff0624
4jti40tr0v	137dc839b312
4jv2gkpbyw	02519594536f
4k4mqlj6yu	38fcc8c8c48c
4kg3z979ms	75c3c765a945
4kh0tc56bw	a41598d1b71a
4khctc3zf4	d3d404955c8c
4koe829xkv	80cc03ab1f20
4kv293v7yj	34bddafd1ebf
4l5cemivko	a60ab56dfdbe
4l89g123t7	1c67c48a92e3
4lae3e5zop	aa830868bb1a
4lecs55pog	ada7cba395b0
4lfy7tvra4	08d0a203e805
4lp3hmp073	ac4919b995f4
4lyy2a5nhj	1714f0e32cf3
4m0807qguy	9a698c58c654
4m4oo8hu2d	778d2ce8bb4b
4m74nrvcxp	4afcf2de5273
4m7c9y4uqh	c9869e0d119b
4mkkbkxbyb	99d2d7b8adab
4mkvni0tvk	cc79d97b1554
4mmm9t6l1z	9dd690a42839
4mqgplaym1	b91c9bf64e87
4mr8ftz3zd	ac345fdd1d96
4mu85znro0	62e60fef0ceb
4n1uvdar6a	96e4b7b012b4
4n9gyn5y4j	073d94873ab3
4na3rq0j4e	f06142d0bba4
4nafl032ak	4effd768e487
4njell32e5	42938eea76eb
4nvuek4er6	8fc830d1cef1
4o5spcdwnt	5e58856087a8
4o79838550	bf8162c9fb79
4ob6mcxwoe	b9fb2b864bed
4odm0irv4k	7098fe71a070
4otmijrq6a	d8f47201c983
4ou1fjtr2m	a0d8880c57cb
4oz2wmaqra	b681eed649e7
4p2gloxeo	347e1690daa6
4p9dpjfd2w	0ad4043b706e
4pbr929yzb	08c5418abcd1
4pbx5zvpls	ea1c35af2d8d
4pg88kh1n6	993fff7f5d73
4phdf0kxd9	937443730440
4pij80ceex	d7a876f2d78b
4pk1q4iz73	aee1c26ee826
4pl5msmsec	e8ccee03b169
4plr322dtd	cae5d5072fc4
4pnx6gk2eo	e2c30adae978
4ppf6n6mom	174d84022ab1
4pq9wcqhih	3f769a75e38d
4pyofqq10i	5d36283304a6
4q13666kgi	cd6b1041bde8
4q6b5hp4ab	41692e3ab093
4qbl86qlb4	1223274bb8e0
4qh9dwzubd	532486527b34
4qj2rxr0s6	121728223868
4qmq88hr7g	e65cc1b3d15f
4qovr43j4z	6399843a6f65
4qp2xml9f1	f338d0e3841b
4qt9tg0f80	c56c202fb599
4qx488eyqx	79b4074e2ced
4qzv4ydwxn	a0e5f4794de3
4r0hje94c4	6c350117c482
4rfqrg2e6i	62ffdf814c4c
4rsowkh4o2	766854ecbfbc
4ru60z8i1a	eb2197410b68
4s2cwhfdhg	e3a6d7f0ca36
4s3yqw2ikd	2304de6d75c5
4sa4u1gn4b	b88c48b8a4a1
4sbm7at20q	2c5dca782d19
4sfiuumlwc	37b430ff288b
4skz7d2t7y	6c5946a4edb5
4sl63um391	deae748127f0
4sryq0c1fh	80cb3dba6298
4t3wo99vuq	001ebc984951
4t6vtz1bmp	00791b1efaf2
4t79dbq0wr	81f13a5afd13
4t7e2rhefo	480345aaa4ef
4t8mp1uhf5	1988207001a4
4t9m5akx2d	d0b43794721b
4td6d0nboh	aea3b53888ca
4tgkfiu73i	fc39211cb4b6
4tgwvrlib1	fcb81fc6621a
4tmsz30a5v	c1e709992c8a
4tsfhfjqga	3633f63b942e
4tuaznn04y	725822ea847e
4tyj8d455z	585fed24ea98
4ub2p48xn7	5526a3e66dd2
4uf0vhvufy	1d4bae6cf8d5
4ujbnnjspv	131317412a83
4uk2mmgj3g	2d18682393ca
4ula0u5v7q	8482e4aed015
4umqlfdpfz	2968c9ffa8cb
4uo9hr9cpx	2233e787dadf
4up8osb1do	fd3d1d95dab1
4upn4i8us	77097e379c02
4uwwwfzbd8	20b084ec7e55
4v10zfu7mn	924d387572dd
4v32efyvqc	63185e474915
4vj942igao	bde975ba0cf9
4vo1ap9euy	ab822b52cf62
4vwm5jaolh	1de3cf1e8038
4w46227wlx	15473e81a563
4w9g1nrfno	dbd458578120
4wfc32gpjx	4a4806b7ad49
4wfcxu63bq	60d547e94dbd
4wn49vgfs2	d9cbb5d4e650
4wotykq24e	a065cc4c7d3d
4wug2p39cd	c8154ad6552e
4ww7p6fuqp	92640677838e
4wz88h7m53	9fb7232e4c36
4xt4mz1tl6	ffbbb91e390d
4y1p82hugk	2f979cd04eb8
4y2g5y40bw	e33f8d745e40
4y75cv1ild	038386dbb893
4ysyus8tvo	5aa782dc6f49
4ytzoavh81	f2830fba52d8
4yudykm0uj	75911ec57a6e
4yvsxrokg8	30d11218c52a
4zg92dyacg	f84dbd0c60ae
4zjf5p1p3a	0c722afa8681
4zo810gtnk	c3514c62ed64
4zpd7t5mv7	7b3f5e184aa7
4zxk5ef573	a98b2b7c0c4d
5009pahzyj	663818e031c7
500cz82bfk	a4325001d3c4
501kqh4ew2	47730c87f136
50bbo3hzv3	32bdac49e6d6
50dayi8r44	0b111b1c7cf0
50hp79k3fv	cc46f3b319b9
50jxpscg9z	77e79de464f6
50red6lk1w	0797f2498746
50vf8iiixq	0e7f71b87f93
5100lb18kw	7ec29ca51baa
516s3e2uo3	64192c49912f
51awm7wg0y	40d80ebd013d
51b7dod92e	300ab1e45a9b
51fs4c5jlj	23c77dd9e904
51hy6bghy4	c1d383c4c91d
51j723368	c6d3a88d0f0d
51jhnz3062	a37f64bbee1b
51rmx2mwvz	2990fd6e2996
51s32qqugp	2cd4df17eb26
51se2pbwbb	98a40d004b98
51ub36edcn	55ddec23fc57
51wmts1eqa	d9eefcf2dade
521k32oh44	a91586163212
5280qub8zb	951c390cd10b
52clbyzzmc	82f1c65d4608
52esf7dlqo	a7224a3e4a93
52ezx15kg	9afe9d43546e
52i97nmaxh	c410f0add80c
52l7nr2ips	895a2626735a
52nfr5fmnf	446a89967950
52t4va9rhd	4c77dc574eee
530nn58h0v	bb814f80eb03
5347mxbq0d	318a6ff38142
534955h71k	8cae75e68563
535tib14mp	ad6046c185a7
536guq77rk	6b0125e25800
53d0m26rvh	01826b48883c
53f7qvdtmf	8777b9a85a8f
53nfhjbt35	12a001ceaf7c
53vpvg7d9a	ff7b98d62bd9
543aeyca8f	73c56ff1d20a
544me5x3bb	bd59eb2ba3c1
549rwm3r0j	ce9b5319a5ef
54ax3e1kcu	a1f3466d2b79
54qmqac8nf	23f8ce697a8b
54rfr44bqo	70ddff1f1fff
54w1p8tdbb	cf8b2afcf7a9
550nabc1ez	2109295f30f7
552x4sy9dq	5fc230dd5e0f
55854b4gty	f0da1aa5be72
5599tqvdgi	7331f7ce0f0b
55rswrdfrn	94d898c191ab
55uvet5qci	55c53cd1b4fe
569whe5a61	9b4540c1ed18
56cvi3p7ll	a35c0e3350da
56df2ggetb	9a29d5616b67
56i11qe2is	090a128f9cd2
56v96g9v5f	38b1e72046c5
56wcoayw6o	4efc2ea582a7
56zuzfcgm1	111a4be01eeb
575mh52kfn	a735c2ea2ef2
57f8twalbt	72cfbd0accfa
57kxpiwd2z	c6ef11c617da
57ofwrj61	1783899f8ed5
57t62m0a8r	0919d6e938e0
58ga1vrtl8	3bcbd4de3634
590yif61hn	6e42abafd3ef
5923n5bic8	20408adc29b4
59be2l4ys6	10e927718e8a
59gby8gzz9	dea8d63acbe8
59ikn35dou	017bb4dbbf4c
59olx983qj	3cbdafa7ff7d
59or1vzbky	2b9e48da3896
59vi9ixmwg	301bad87c047
59x6vsscob	66513fab5f38
5abpnan021	e7c7b1796de7
5adh8citb6	9fd73813bc39
5ae9ujxiid	e96feea5b7e3
5aeflxk29d	10d1123c5708
5afecj68tw	a74f9dbe2f8b
5aioutqk4q	b9f4a8b4f6a3
5am6ib2dtb	5833c39cf544
5ang77lbry	5e6226e42143
5ari8oaub5	5a08c1d1d3cf
5bcl9y2yev	2f3172beb436
5bi608jknf	9f496a78e5fb
5bk45suqob	6040876890c2
5bo28w67s1	8c78a14d0b52
5c114ig3ck	b50830f9c5b0
5cajzwg564	0fa0067e53d6
5cf13q5rrz	b643128c322a
5cjb4171we	21341d42d038
5cmt3ok50d	9d413e9ebda0
5cnovfeqpm	206b49bcbf39
5cvyqffjnj	66fbc7e998dd
5cwvtqwhs2	9a01d243ed16
5d0uv7lkv2	f60359c67b8c
5d1ddod926	7791f4dfbea9
5d5hl6bcdd	f97a43c073f7
5d7ec43ene	7362b87c5b69
5d84kk6isn	b86dd9d81a65
5db4u171pw	05e7997a5ad7
5dd9r180um	f20a33872d1d
5die3ou7z7	a04bf032d9fc
5dj5oasy3e	31cf5a3e30d5
5dwshe0jub	8158a6ffe28a
5dy0z9ximf	ef9e7b063855
5dzd8qwu4n	96e0726a0373
5e0yiqdlf6	c6e837220eb1
5e7vooedb2	20dd7afb134e
5ee8eqs05x	fb7d21d6617e
5f2t6k77g5	3475e7a824f5
5f41fwhfga	65d14d5dd8ed
5f9muib1ug	4206e176be1a
5faymhc7kq	14b2a9e06b71
5fd3c0nutc	c6d63e5f5f1d
5fewl8d2qa	50aecca1410e
5ff9xu3aoc	f888dbfcdd9e
5fjwolbrhz	c9f8fb5ba7b4
5flkf21qjd	8f54d9e551d6
5fng592qhg	37d6b3ab2964
5fpae0y8ca	23bfbf0ef081
5fz2emwily	442f65059194
5g8spm129w	a5aeb1d171d3
5ggchl26ew	3e18672c094f
5gxd3sxfyo	29d7899c5c45
5h2dnzgz3k	e3d5bc171337
5h4ig5bqf3	73853efb43d6
5h9a63dnn	420dfcbed572
5hdjxegilb	59ff7a5fb82c
5hi0a615om	679285334a6a
5hk559fnrk	3948ee42c689
5hqu5395wf	0633e444dc5a
5hukqrh2p3	51384706f259
5hxz1823aw	d1a61459e147
5hy9feei61	be90d7a28ba6
5i0v2b8221	c32777813b5c
5icpp7ro4	55b847c71849
5ihkd0pxqf	02b4024ce861
5ik3az9pao	c1ac0d29d230
5ikqyfc8e5	df3364161317
5ir7b1w4r0	3a577ff65f86
5ivdmdaunf	2f6f7343748e
5ivyp90wdt	5f5025d4794b
5j43ghdzn	ec0ac76fed8f
5jgmdz6xfo	ad47913fc50d
5jil6tbefp	c73bf25fd854
5jqz9fokfu	8c53d57c55fd
5jysb157ag	392368c8dabd
5k6by7rqdl	ce5fa0a1a6d5
5kndadvoh8	4a45514474b7
5knqwf6u0b	b305ea9163ba
5kqj7g2e2x	dd383350ae23
5ku7fu462c	23078ee5628f
5l4e1ks0np	6c1a06fcda79
5l5obvb14b	a9a919cc25a6
5l9at3tdxp	95088f1f44bc
5lbzgjwa9d	7981d825dd73
5lf1k6z8gd	1f7bdb8f3f43
5li8gzscy9	bcca544f8ce2
5lrb15nm4e	c75887a8d50d
5luojhbqdt	11c59eec7a06
5m4iqxs5bl	250ce0b9413c
5m6a0vcec	d53091fbe933
5m78nviclh	39908d41b646
5mdzuj0qig	82adb8f71fc9
5mfadfn01	7f4b6afcbf28
5mg52bckr6	be75c9593f32
5mnkqsp58q	1b7399f46ea5
5mo1nn10fp	09b7201b0b54
5n656y0k5j	899e05be75f4
5nbyik6x9p	dc4c5cd08d94
5njsb2qsii	9322cf0a55cd
5nkhb830af	7a81af3e591a
5nva09ztka	4844f6222f4c
5o74x8bdwi	7989089cca5e
5oa9iavs0o	56accb6ddecd
5oa9y3tsih	3da8f349c62f
5ohnqctzr5	6e9bacb649de
5olbqxm3zv	d1532896f1f2
5oqajs97wx	d47946238e40
5ow54tgwc4	8f2668dcba21
5p3y1j6cv5	85e6f031f669
5p43vkuz2n	a74a555bccfd
5p4z4tmqcz	72da4a2bd0bb
5pb663md7r	5a0efbbf7724
5pi5rfb7yz	548cf0f01ce1
5pw78hai3d	c619a7776391
5q01txjf8g	2e585f8d47ea
5q0m7wzctj	d138e6da2395
5qclyyi5ec	9bc44014fcbb
5qh3nvf44d	3b2076bab7cb
5qm4sde3il	fd29d1c6ce2c
5qmm4vzi51	b8b685942560
5qo2l4ko1r	624e930aae48
5qonnuk8wt	e9b6a74f7e6c
5qosll5ag5	db113d2eb6ab
5r0azvivi2	40a6c80939cc
5r1xugt9uh	dfd6c48f3b1b
5rb6hx65gm	24aff795cf00
5rlruo4wvn	2bca78e29b79
5rm3a7twet	c5f14865a6be
5rnej37ysy	a13e49da59ab
5rwcxp22zb	78407f0b0361
5s465eoswk	d5cd37f14708
5s5ehxu6xl	dcc23dec4233
5si10ayane	37815480a831
5sl62y0qd4	a0cd363f3fea
5t218edecn	4e645fd2922f
5t6s7fwos6	b85159f59bff
5thcc4v2ux	da79be8eeaaa
5thczfz8vk	97b1a80dbac5
5thgtoey5v	6d85f8c03311
5tj1hla1nu	9d19b859b5d9
5tk92jnqa4	7f413563299c
5tpl888ugw	94bd744bdb4c
5tt74igqb4	57d9e27a6d81
5tufj4yi4b	37f1d294e9db
5u5k8vdtfh	29c7e88f4cb7
5u7s7syn3u	54d7c802eb73
5u81pzc5vd	e6951a49040d
5u8d3i9jn	2b1204c15f1a
5ua1dkgyuq	fc58273eae51
5ua3g8qi2j	62f4e6c351a3
5uat2b4hkt	f7e425fc261c
5ugm3idgbd	d8ba5927e52c
5uj4iy3erc	ce8683af3188
5ujj46j7my	489a267123fc
5un4v39ups	9ed8adf82b14
5uouxjlufh	20b9c5473ff5
5up8u4ycvi	4a9947adeca4
5urzpjebev	b36791f03873
5utukf5th9	6af4b5078f9d
5v2w6odgbb	4ab1ccd357b5
5v5dni1xpp	20bcf0a45e5b
5v63r6042m	45777b59337f
5vgbsuctdn	8f6d2fda24b4
5vh3k5jf2s	e9b2a041b9f3
5vk46whpou	712b0f79c775
5vouqzj4bx	833b2e2fd870
5vpl2hrjwe	22a3b24de88a
5w4h1rhhk3	13911cf123f9
5w7fm57e6z	47777a2c8189
5wbus40vby	4f613d543e5e
5weul0qat2	8a4a258e4f70
5wl83hvgas	28e720af228e
5wnzwxkru8	0acf61c28839
5woyugbele	000a4b52a879
5wy9s8zums	ccd053bf591e
5x25e0ssa9	694161e9b3b7
5x85oj7yue	3454d7b0e276
5x8i3rnkeb	10fedf423c50
5xov0vsih9	393ff3ab9a8f
5xtd2g9s86	9ff84a6e9c92
5xtj7xnnhn	c4570657a507
5xvb3wgsd7	b750ca6966f7
5xvhvnj55g	02756c7dc16f
5xztcq6i2v	846de0d1ed00
5y2qddzbna	e0a72261cac4
5y3m1bt0px	0914518cf8d5
5y3te0ep8h	fcb94af8ead3
5y5tcgrbzk	d30cc489993b
5yfukpd3po	c6c0f29c1792
5ygtg3u36d	33b33266d24a
5ygvetnov9	d1723820a9de
5yo6j9esjr	5e6a97b3709b
5ytsqkw22p	1bcccfe8a084
5yveoyhrft	39a6506cc5ed
5yxvt5w22m	7d3a1da4e7b8
5z4ci8ts1d	effc2f90100f
5z7thcjg6l	1cc0c8b18c3c
5zfuv35f2l	18351f79875b
5zinew62vq	7840980799d0
5zouiywz3a	7b10e7fe332b
5zqeb2e6fi	69b0cef4b0f6
5zr1qwtemi	bbf85ec3f941
5zvpvg15di	c15e168ac230
5zw6zsmz3h	76f50c3fd9c0
5zyfd7u5x	3b2616ddbec9
600sg1tftm	bbe1db1f9e88
606idmhjp3	dc19cd8c84ff
60dcljvc3x	a49600835066
60fhmnjjxm	2b981459539f
60jh1teq2a	907bab5396a3
60k7g6c5zt	f1a2d3c1a794
60pq8icz2k	536759b57634
60v8zmxd6a	f6f81bcd2208
60y1z0gj3y	0d74bc92a4ae
615oyly0kc	f4473cf1ed09
616famfigj	9af2f9b86d88
61d4aijmju	58d6448d3bc6
61d9f8qy4m	5fdf5dda2b0c
61f2gbr8v4	39f8f23b952c
61jg3vshln	9b4d071946a0
61kk9fgogu	57d15d82639d
61luxiruxd	66c3931afec7
61ooz20ssb	c6485651a044
61p0zp8jtl	2aae9266bbf0
61pulivpz8	fc9a5e5cb69d
61qiytyq6g	8ef9cb59615f
61zzgr34kn	482b2840995d
6289z1dc10	7d04e508bd0b
62c5wt32h0	496a506b11a9
62dt8bwmgu	b562be72cf3b
62ge71jicm	cfac10c7ffa5
62lrvjnqwk	ab8d593458ad
62rffz8kwb	984f1b9b606f
62xcrf5oow	ad68d0bba599
63d6ecz0mc	80ed5aa0776b
63elqovcqy	b7ea67ee9347
63qwkygsuu	25bb73277a5a
63twywve0o	f1c76fc95f68
648wiesfby	26c9dd55a35c
64rfjra6dz	376702e9ea84
64rqunthyf	6badf4211051
65596kxrr4	9ee3ebf05f9c
656ghhndiq	b6786de43aa2
65ckbs0lk2	991725449378
65gdoragsw	c7d1d4173e1e
65mi18k8fh	9dff9d6afb81
65p3ijh68y	e28660b94e4a
65yyas36bc	aaf01dd73d54
66diew7qkz	746739e38cda
66h3lmswim	b45066d97285
66irtivpye	2479e86fca39
66r93439mz	5eb4f7083e93
66rozc0i9o	a65045d3c6f1
66s33smnku	f49dad7ef15b
66u9c7fg1x	19a3bae1d194
66xooh84ms	abc03945f2c9
6759e8792s	54e70ed78217
678f3wcz1e	4899e34f16cc
67a51jo5fs	ff7d016a608f
67hlwqnlex	3566813cba39
67rep6w3mk	82a1da1692fd
67w9xkjvl	7db2e4b33a28
67xn22xzq9	5564ab02b056
67y3iv8aa3	b3c5413f21f7
67z8r5rgmr	1b8ca406752f
68c2remwvl	5c4264aae941
68gj2oapsc	b8173a5b400b
68nog08g1u	637c49a078c1
6945fuv0du	18f27b26eb34
696v1firqo	d9041466eee8
697za5i7mn	ac1bdbe62053
69ays7rvfh	9607a967639c
69imshx1k5	5467b2e83954
69lzywue7l	6d8a723666f4
69owahuutj	0415586c390f
69qzu2jo0s	4631203b0a0c
6a6vltjl00	ae7f0f86026d
6abak2i7mt	8e45ae2531d0
6adny9rw14	2b3625c4c4b6
6afdksodvz	345a13294f59
6aixwhl4rx	5400fe6cc180
6aopaapjh1	d8879badb233
6aqqep845i	9c21d980c453
6ar4jxrt5r	657fa87df9a0
6aut0615zk	dc8f66b5f855
6b41spovt8	77553aa0294d
6bkrnd6dbk	c3cc9be9397d
6bv2jk7bi5	116d4a0dbd49
6byqsdwkig	9f8263c19d85
6c0vgozgb5	6b542e6ae337
6c134val9v	b0ff6ddbf565
6c5gftx3xa	da976f65f5ca
6ca9u2z2gs	f50539abbd7b
6cay87wdom	6b443dc3cfaa
6cctjy4kzf	520fe81a7e1d
6cousb4xm8	33f3296518f0
6cppy0gfb5	7749efd7c6ac
6cqi2nyy2p	185e5b8f20d0
6ctb4qmyd5	12861ab8efe5
6cwl6m1aq3	50638256b27d
6d2m8xn2x8	321ae79a895d
6d6j1nzxk0	ebed8552990f
6d6m8dcv89	7951b8c294f7
6dm21ym7f7	da6c86605fea
6doyv6pgck	9d9d4cf63201
6dpy77dgel	790ef3d4c7ce
6dtzuipx2w	33acc7a27b28
6du2h0ujq6	d44f3542cfaf
6dxs0v3uav	9e951def66e9
6e0jw2vue5	b7504bbae250
6edogsqzv7	c7142c84e312
6el8p86dvo	ecde927a41c9
6enb7dc94a	d60110012d55
6eo11szi2x	c888e0f4f75a
6eyndt0te5	f84cd3ccb235
6fevjtc3dc	771c6c91d720
6fflcdgkzj	b4f5521df4bc
6fxqrw7b6m	b07bad21b279
6g3c35b7jf	7e0c2a825274
6g4jahvcba	4cdc534cee8f
6g7rvw3ajd	ec7bf735d296
6gh639vftn	954beb254800
6gjy9tihw0	af085fc8cce2
6gvoovi2di	283db4f35bbd
6gzsjzr6bj	6eb5cd5922ad
6h2oj3cgw1	014f5cdd2464
6h6i82slo	8f511634c4c5
6hc0ca73zm	c5299552ae2b
6hcj8rhk36	85fac075b398
6hfk1nfhem	c608d83a9358
6hiite3sna	805245a320eb
6hkx40cidk	1f83770ff440
6hpn23fa19	c23e4efa0d64
6hw2eqia0x	962449215137
6i1axtx92g	59097126d68e
6i9bi2nrev	176af2a572a0
6iew4wuwb8	7e6283c75556
6j3jukyoeb	2d42872ad468
6j8voyszgt	3009a43af092
6jch9n7tki	7adbafadde4e
6jfd273m15	511ca95ce755
6jnxqfsp1p	3945dd75590d
6juwdkd561	f0a4ed1cc7b8
6jvjr9q0w2	30276590f7f9
6jzd9bjyvy	c5d766d0eea4
6k563lm6n0	7b3bd50434b8
6k5mcfomaw	52a23afeb01c
6k80dm1zj5	25ec2e3f3c5a
6klxc44hp9	192fbd26c752
6kmcw7rjt0	c51736bf2961
6kowqorgjr	5bd230c7291c
6l1idzxhqv	e322bc5f7142
6l7trb2qpl	2a4d88fcd316
6lbjng7q1d	26d3be0e207f
6lhrq25tcq	56a7752911e4
6lkstcp6q9	d2b25d903bb3
6lmq4j0cnj	fabe012968f5
6lnce8llzv	c7f06de7ee5b
6m32lfdogu	372b6690893b
6m9e6oedgb	1d49b3a7df37
6mfsh1ggxn	4807ca840e5c
6mm4mi2x51	5682b614370e
6n45pqkju1	a3079e6404e9
6n88rvxf8h	a90693ffcabf
6nf5xsz4vp	0ed76c6388fe
6ng1ov27lx	25f66331e342
6ngde940kx	c7a5c2aa5f6d
6nkfa0rkb	d4fdec79974d
6no9wjfwyk	bd7c19e852d3
6ntl7assqr	56a78cb8f3cf
6o0bd3q8x2	dc42debe7f39
6o1zmjchzr	1ad6c8a5ad40
6ob1tp2a8a	ac8800b196fe
6obwi4ys4h	56a3b1e9af37
6oe6kymc7h	e1a941ed1913
6oh3ku4kcz	220393c67a75
6okmqk0n8l	b006a5bb124e
6om1rk3hme	0b72c83dda38
6ombspeiwp	210a3e72c153
6p5d9dwo75	a1c2709f2ce3
6p62rtl2ql	5583a1ce43fe
6p83kolsnz	d08c81761c38
6pbs05ihq7	13a0e8f3ce8c
6pej11p65r	becbdcfe48ee
6pfa4xiupy	ca1fca19b112
6pq6jlfkxu	2a6d5c868fe4
6ptagpd086	9b9227a90b3b
6pwnbn2fj4	5ce0294725c0
6q1g24svw1	003f846484f6
6qd28bqq0n	9b60b30c7ae0
6qp5ymsjwr	003181873e5b
6qrdkv8d0j	4d4afc33ef86
6qs9i7v2rd	aa514ef4ca8f
6qsnocygv2	51f82cee815f
6r8xkq51ol	7064fe72320a
6r9akltb1r	d501a92e2ca6
6r9k7aqa45	e64410d8bd71
6re7sbl2y1	fbb3bc8e5b44
6rkmv677tu	d63a18a90afb
6rmmh4zrd8	ed3b963307b5
6rodjr2rsg	cb5ff6959363
6rw789ipkb	8e58f6656e46
6s9nwi1fgg	5c6756e177fb
6sduy1hyqh	6f0a36d5bfba
6sg61en8u5	9504c00ba2d5
6sll92di1t	d5c849414c12
6snj985tjg	1fa6fe36ffc3
6t3sjrq9eg	9a1ab84cc730
6t5johpufb	fb348a86fbd8
6taaerc74n	ec3dab9c5c24
6tboentldd	433c86f7e888
6tcmmkjif5	c25d5bdbb1b7
6tem4f84ha	df6652941b2a
6tj3frcfr6	7e33d9ad02c6
6toa8a8uxq	3aecaaa35456
6tojvxu6cr	cec922695789
6ttz9rnd3q	178a337e473c
6tuw8fcpys	dae81756a81d
6tydy196aa	d16d7239f0c7
6tzrwosfte	fedb6e76e1e9
6u0xqt2h9u	b587a82411cb
6u5vdlrq8x	0cee7ec77a77
6u7q1zn8wx	cef41fe318da
6u922cwc9h	182f1ba09e72
6ubp9bzhfd	162070e3f3ec
6ul9wp0nxe	fa8b3ec37c31
6um4lxm8on	6e24ae86b6d6
6umm0kldbt	38a21dc2adc8
6urxmay90	2530f9695d82
6uuybwid07	23b6d954b2ed
6uxaxn3uc9	fba9e2fb53cf
6v4xk297wl	ebe9e05a9859
6v7qqa0kn5	8c3ad07951f3
6v8hrwgsc1	ec443a210a34
6vcxwovc76	730c3bf3dfd3
6vks1grqk5	dba48af78431
6w7iab7pwe	116da57065d7
6wayhrsw08	062038a4ff39
6wf2f1aoaq	61c37fd53bb2
6whym200ot	8a6c65688c4d
6wiq141oqq	b43f50cab93e
6wis2ecd17	614faea4c351
6wjlyhu5	11e88fc3ce19
6wkfs38xz9	2a339aa90e18
6x06q6h6xa	cac354435966
6x1b5iuml8	091b1cba1a46
6x99x63ik9	106c6e644c2a
6xbdrk241j	261fe5ad2cae
6xk0q0sufy	2481f0e05b6e
6xrl2n93jv	97ad5db194c7
6xtoostqiy	2bae6c11d784
6xv7vpucdt	9d2382491033
6xwrznatjh	7317b59c1014
6y01bkl1gf	7f491f9e9d5f
6y16sou6xf	f5bc364e914a
6y6udamq67	6f5a1c239dcc
6yakbq4qhv	2528250026dd
6ybxjopslw	8fb7dd66508f
6yu2uopwox	f79467933ef5
6yy1hlzxx4	6bec1301ca01
6yy30grpxs	5f92682dfb7c
6yy3v5bffs	9d0ee27f1840
6z99pp5jck	b308cda678c2
6zc3b7ly5u	397142d88c39
6ze1t09h3y	81aefe327cb4
6zl1uuwz5v	a0554622af03
6zl4wllf65	2c6aa928512a
6zud6e4t99	611415464d74
6zw3el4a7p	9d0b52a9c749
704w1ziebv	9d933dc629cc
707woeyshj	19883d259d40
70ja24vtzr	c8fa6521c228
70lqkh5x6e	acb16b7b7b27
70w9atp6ir	331595bff88c
70y0k9jqze	3f9b9895b25b
71e46jka0a	41aa013b5fa7
71rr07hr8b	4dd4a8eac0df
71s8tafnxb	637ab1249bff
71wxnvtx0a	3db4c519f3e1
71zbaatzko	e5a16ce83b96
720f2xp3hi	caf7c5cd5d00
723z0fmyni	629ad1b8579c
72dk1z184j	bb7437c9090f
72obe3je6d	24d375b56c41
72pkluvl0e	a27d91554f0e
730g4jguw7	0b9dae2d76e8
7330i16sb2	27a77fd538cd
73euo84qj9	e2282e8219cd
73frmfq62q	5549500fac29
73lu0l9ux8	934bd74c03dc
7475q895i	30c9da7adcc5
74mybv2lvf	4aca41b2be32
74n59t5s5	32139015c0fc
74rawhmrxl	2f363a1782bd
74tf5yvhmu	8a0f93d5c140
74ti707gyz	4c87ab61d83e
74ynb7smvf	a0f5ac89caa9
7501w6x7z7	b941f1b40bf1
752kggon5l	6a054ac3fc93
754gtqtbpc	27485305bb32
7590w6lsnx	a32097772cdc
75efo31kb9	eeb37e4a6052
75fciememy	c908e81652d9
75fpmawzlj	6dc051724b4a
75h5xl43t2	fb6ea8510e23
75lcn8yrqg	b715a91734b7
75p7fgtqjv	6af47649a021
75qy0n1yzh	98764f601045
75sozuhf7z	cb1f4156ade0
76bbyjfbp3	314a1ca06785
76g29gdgum	26330996cda4
76ga1ahdsv	815826e63da7
76lwzu7fov	612cf98189c0
76vhpvdr0s	b7e1237c94a7
77567jg613	4b9539b3935a
775dgo579y	14cd647b651d
775lg0yqwe	742fbb7a4428
778gy3xktx	30285658f8f9
77hg39vrh4	26ac5999f28e
77l2qpg1nu	a5e14842a386
77ofyc5j0i	06c5ca6d8d13
77okqj56q5	d845bd54794c
77sy795x79	97f1dfd13f6b
77wnelvcsc	d5a06020c0fe
7857mo89i7	946e7df74f6c
78k0ii46l5	0c61bb9d8d54
78ppi2ff5t	4190d003ded1
78thx1njwb	90fe67c45256
78xawwq6uw	8270d77315f5
79amx8r50i	2b3e4ddcc5d4
79lgzeutv3	2362f5e42917
79mxs1ugvo	f60121512957
79t8v355k4	f054fdf827d8
79yqdskjk0	4db2f12d1e49
7a69birk0	63217dc42684
7a99omvfla	51ca09e0c3d6
7aay6h41e0	6c5ba86052c6
7addbmokk1	eecc0ccfa7ea
7aqfpbfhr6	5e05a28c862c
7auvhx8lhe	536530587c5b
7ax26pe5qr	21537685a9bc
7ax92rb0z7	2c38e48be892
7b1291lp1t	9a9a912299c9
7b46cbqseu	c94bab35a720
7b76mden41	f9dc0ce701e5
7bdjjhkmdo	335397d9f4c7
7bfzkxyrol	33c44e3470ac
7bhkw7bgto	77dd261b581b
7bm799h2r3	0ebaed4e5b33
7bnm6w29gs	03d6cd31c63b
7c0t4xy0up	554b43efb007
7c12717fo8	2344d8c0b853
7c75hu562	23820e1ed9f3
7c7cd6x9bn	85daeec69624
7cc0964x3v	127aa44b6c27
7cc2c7bcur	623f99babaaa
7cnlc4fyvm	e5a8e6ea95c8
7ctk9veqf3	a59eb9dd444e
7cw0d75ers	3df04b19e067
7d3h6xmrwa	6ac9b90e0e19
7d46fmmyk4	8011e2f8a4ef
7dj1qsqa75	30065f09c86f
7dlqp8bmpm	fa4f68224bef
7do033crpr	b341817b1416
7dq5f41ehs	47bf44ff23f2
7e2chy5lps	19a2b3e2c2b0
7eaq18slyc	7244c9124b3f
7edkzh5nxl	b3e7dd1286d3
7ehmlxa5sy	2c5d0290d24e
7eo8iztu0i	bf5b0340e1d0
7etun3lhbh	3800e4efbe09
7etwyjx1m2	de4b2a909da4
7ew6wpd47p	727609fc5abc
7f9tyc66aw	bb8243221521
7fcnqrun0p	6b098d91871e
7fgalhtxcx	dae53de4d8ba
7fhqcss5z7	e5652bc4b58d
7fiu9o89s2	9179bc6baccf
7fkv3zku5j	ad4d6c3aa1f5
7fn5nvbgef	3ec56ad4b763
7fs2tyqpxg	3129bde275af
7ftf8afjc6	077e721c2a70
7fvd2ygp19	543d74e2a977
7fzgrs9e0t	40c925afc5ed
7g0e9iejuo	c6b6490fc4e0
7g0ou878fd	e3b992b8d36a
7g0v8zoyd5	065173a24c43
7g1rtu80gx	e7d39400247e
7goig5wvol	29507d38aa83
7gv8phpysj	41f217166ccd
7gvy76t5mg	cee4ced7548a
7gx9dq6ffm	d2f82ceaca6b
7h1ax5kk2r	b990820970b6
7h5es5bsm9	d9c1d1d327df
7ha7kws3f3	b1b26e594f46
7hbd682gvu	b2f8e5ea8664
7hl6okxj5f	a94dd859679a
7hn7te6okd	0ce4de718e55
7hnryiiteu	b07d34d1ed54
7hpf4tlyk3	3718738dac3b
7hpo04lvg0	357ebf6c93f2
7hq22qbzos	f47e5c8df9fe
7hx9chi3o4	e23ffb7f0a3e
7hyup812s7	f23e458c8acc
7i2bhnlb6w	34db050dee8c
7ib45irhkr	8da9874e0d9d
7ib5rs7vwb	26e37e696ce1
7illdwt3jz	c7f22185f92e
7imdk7r33n	28acd61a1d5d
7is64zgyym	403fe54697f5
7iv2xtmswa	4820432c8339
7ixyfxs5qv	1f62d310c8e6
7izaf0jpx0	a53bf13f9fe9
7j1i4cm6n9	d3e8b5688396
7j4p2xvfg5	21ed0ba04eb4
7jdrfpcvpc	6ec2b482614e
7jhlkd4vj5	33fa442b0820
7jhoc5nb4v	5aa0701f7c43
7jz0tzeu3b	ade01cfa489d
7k218d98pr	1c66ae61ad4e
7k2laoygwz	57d4eb32eeea
7k31t5d73a	73b1b70a1dbf
7k5ww53mel	dbf9e099c26c
7kh90jo25f	c4a093e43616
7khcrsjq09	32d521cb4a75
7kiidliyan	285b416c7ba7
7kl6dkdnzt	81cf7f5c74fc
7ksrsrlfge	3334918ed1f4
7l1gru0rb5	44c3cebec251
7l7vh91bk8	00824011b923
7lcmujsoow	c658fcf88de1
7lhzoh6f65	2d194367e357
7lmlg9pq6y	3302b8e1006d
7lqoh66nos	53168ca2d932
7lsbmj4smv	a4f291b63ec0
7lyrchmken	07c396516d7a
7md34cpyn9	11db0e261f6e
7mituqfo89	016c0d91c3cb
7mjx7rrjhk	f35376fe1d7a
7mtypfqzek	6a6f1d10dfeb
7n2w5nnfke	c44893c04a3e
7n8nlhiqkr	5ecbd6bb55f2
7n94mr295p	aa96f5b69c89
7negxnen9i	5f7735b961ba
7nqq2ht7hx	c11892d646da
7ny7ivp8x9	2f19096af4f6
7o5lc6vnh3	4ac7e22bd17b
7o91n7uvm6	eeaf1c6f700d
7obuh1jt43	be6796131281
7oj0tyhkpl	0a6df0f6b8ff
7on1fg0s4k	eb43f6b8251b
7ovj0mhej0	083092ead188
7owu6pfngc	c0a5fcb1f940
7p2ml7ombm	00f4dc32c17d
7pgju9p1pj	3441bc7dbe26
7po1u3iul9	ee9e98ec07e6
7pteoejuoi	2c63144a033d
7qh1drgclo	15f223844f25
7qjh8i9qjl	eee6195a58d6
7qjoumsxd7	81c15161954e
7qvpa4i3a7	68b3b6b26583
7qx3wp1jlu	b7c26e64a586
7qxhxy0u7a	8e1977d1bb68
7qxwp6mhga	27517e1ca836
7qxy68gpkm	cae09921a66f
7r56w60zw6	b8c511c1a9cc
7r7sc509m9	054f36011d29
7r8uwrbarz	f0adc6ab000c
7r92m6vw6b	006af5cd7148
7rcx9tf4hx	09c390cc6ece
7relhjvs4c	3eefd4afa35d
7rgazm8i02	88fc32e573d7
7rl8g7kusf	65d586eb741b
7rqch2eif6	8a61793d6583
7rrcfz7tw4	edaac0c4c3bd
7rsj8mkyav	fa21144f912d
7rw68caar0	01a83625c3ba
7s4scizqel	1a08b14bac98
7sgodvofb6	676144f2d2e7
7sgvg66syk	b68b216b9a33
7sifzphjxh	7407536bfd67
7svvsv47ut	56d772590988
7sx522tf0z	b78ca4fd5e21
7t7jpliaek	03cfc08d4b71
7tbh4985yp	736a84532398
7tdltihd2z	7e91b89a222c
7teqqpxc9t	86e41b5b8286
7teug01x88	3fb525aa6676
7tiii2whew	608ebf7e010b
7tpxvy4ksj	03f8a851f6e3
7tqwqtnah3	7078cf5a8d5b
7tuu2guwo7	febb8c188f1b
7u507e7ek	bc369d663a27
7u92v00tkm	a3946502a9d3
7uai28lj4q	12b769abcdd0
7uake8349g	2ff7e8f0261c
7ugt8r59w7	732111f7c18f
7ul04rw7uh	a0d91c2f11e4
7uz7x7kq3j	06c3fb71ef47
7v5vsanvz0	3883546123c7
7vhitwfkin	700d506bab27
7vmy4e9i0g	289d1a62310e
7w2ngjqs0t	153bb67fe7fd
7w37yprjav	21cae92d7a1c
7wmx3hg4cr	fe38dba3fa30
7wt77kmh2y	d00f9afa23ae
7wvidxiz5s	1e73942b1eb0
7wwcxz1url	fd417d1bf4c5
7wxzh98lp1	1043d48a2ae0
7x0ijk9f26	46b56b46b1cb
7x5t20ar43	1c58494285b2
7xocluzylr	867cbb6b5c88
7xrsa4qizo	9adf569dda37
7xspkingzi	75dc8af34c21
7xto67mkm6	806a0ee16354
7xu2pvu8jy	4b4e9a477edf
7xvfe5f66h	92f951d43269
7xvi3s8qz8	d5013d028d17
7xxnx94kea	a1d2d4673688
7xzhx9pj6q	953084fb2053
7y85k3fsh1	c03952bcc39c
7yhhg77v3g	3be4fac55813
7yjpn2ne3e	adc75d1bdea3
7ykh2ytuns	a2e376dcaa35
7ymgqjgz35	401b23d2017b
7ys2ynjcsg	fb59c3ace761
7z6ko1vuwy	ebfe599cef51
7zbkh6ok7x	f2b3933bf8b9
7zbm143mih	4dfe1044f4fa
7zo04j6zet	6fc003d5ef30
7zrlhzoa77	c1f9a8de6347
7zxnwscg2r	1325c35e8fbd
804ot728dv	b4fb42963740
80ampt2lrc	f8243dfe02e8
80atpjyuwo	9206a735c302
80dnz7o415	6a79b96704dc
80eyx0ujsl	2c0a932c6898
80pevr8hti	d4fe8dcfdda2
80x2bu7gxn	228387500bae
8140vudv0l	f3174f2aa024
8189m28lj8	10717dabbb21
81caj629gy	67c30df59e4c
81ffxxrsma	31c25d6d97b7
81j1ws633j	799268c79dd1
81p3ipt0rt	f454b0629237
81ptxu1zk2	d687f52f9606
81qqfybeax	666d5e5ea90d
81rew2f045	c7008e9e6e36
81rtu80qnm	791864ef76d8
81vuie4ptt	f64e37a82289
822moxfy8s	814209fc458c
82n60ysxfe	8cff0b809359
82qgxljsra	485374a6704c
82rqw87fik	c46374340afa
831pzuejfw	6832457f65f2
837oztimjp	1fec98537a62
838ss0dm7g	e4455cba700d
83g19z0qxd	41b8109ede43
83hu5cxzbi	3cb4afd288b9
83o17al9a4	ad9b3e1f1937
83wuwhk6rt	89d5d5718a22
83yynx02bj	220eb0c4cbc3
847ayi4o72	6e61810b4dc7
8497zyusl0	a5be8cd1cf96
84ch4x3jv0	63eae3d5320f
84nje5o92l	2e2c2d0c7bda
84rbf2wr98	52d6630aa0d3
84so52vuhs	15a0d76376da
84vr3okwo1	97a660a6a689
84wixz00if	e4791632f218
852m3gii1q	0ae81fb4f0ea
85313o8vd8	beb3af07806e
853jmc6tn8	a210226e190d
85qrq3tawo	a2f3df88adec
865ih6vgtw	cb2e47f955e6
869jg1eofw	65cc3764236e
86blfoufzq	bc7f08223490
86ci7ah6sl	e5e7bf4bbe9e
86jnkrazh1	0cecf8f19838
86wfjmywvh	bba7ef5a7fad
870cn2u3vv	43aa1b43c535
876u2avwsn	b097ab7e9b56
877ufdihm4	56187125da68
87h78syznb	636932750df8
87p7vg3kjv	db1d1a271faf
8829gz7bqs	86134b9f2d1e
8864qoy1al	e92e60b0f038
88pjpcyplk	112a4e41b8f7
88q8i68hm3	624278fbafcd
88t9hubgfz	2ff1ad9ad4de
88y49svoqe	53277b17e7e0
89cax4xiw1	053e348eec69
89qzgy95d9	f4b7b81b77b8
89xay5qyxl	10552dba3e15
89xkv9lau3	19447410d747
8a8gn86ceh	011f9a4b2035
8ael0m2ub0	997f2acca9ae
8ag0hra46b	f8053c37c973
8ahbvzef35	1bbfd194ac83
8aj7nkhwe7	e0837335ea86
8ajaxbmu78	480e175eebe4
8ajcg0wo8l	510f268cad7b
8ak3i03ysd	0db06dc79a7f
8anohxg36s	06a00fc1c5f9
8asltom3xt	bd4af993cfb8
8b22zpekgg	4a9569530fa3
8bdwark806	f882ced1b6e3
8bhvi9pbod	ca37cec8e972
8bj5sy3ob9	404aa7948d41
8bx4xbhppo	52b77c2c7a58
8c2854osez	b98e7b8b0875
8c8ibjecrd	08b57f5310cb
8cewnh5ypq	955408a4e2fc
8coy8f1ahj	8d4da39ddd82
8crjqwi3a3	a4f713fec07d
8ctt4gvfd3	2076ba8aac51
8d0d5235wc	931382cc6b94
8d0tdlnczw	2583023d4ff5
8d4432djm7	2af81deb530c
8dgoqnz6if	3319d54b9075
8dgp8m9ly5	6e360007514d
8di86rfe9h	194dd77a3a9d
8dkge3n7d0	722f9e616fd9
8dkrrkmb50	14656285f46f
8dl21uboj8	d1d381c4818f
8dzlua27ml	21a462cbdb94
8e0vdgejzw	cc419a9bc510
8e7btrmpwo	e5cd2e64f439
8e8gexoimt	a3c98a254f75
8eeyu7sb1q	f23a005263e3
8eh69vamaz	ae7045a5d13c
8ek2vzfckt	626feddb93be
8embjphii3	08c59e4c5aa8
8erljqerws	0748edb69968
8esiocizl	3516bf0a3459
8fnym6v6gs	4b1d8cfe9fd3
8fpi9ekkb6	b6b2fff0d6d5
8fqiguwp85	e58c3a9dbb96
8fr4n36a12	72282b3766f0
8fuvx5ke32	768fdc03c7ae
8fy1n5l6gn	6cf3a9df55f4
8fye6e08wg	955fb082d7eb
8fzawlmbh	cd2801cc7dd0
8fzkt6yf7y	b65f9e0ae428
8g2dy6v74q	528384c814c3
8g62wyovm8	05870fa1d7eb
8ggyzz2mpc	39c099eb4493
8ghrgmmhnz	14a39a81cb70
8gpnhplinm	f75fdb38e398
8gqd7ezcg6	bfaaa1c6ff9b
8grh6k9yhe	826b54389bc8
8gx33ti0jh	4055ac3ab73c
8gxo4dj9tz	338105768f5d
8gyq5k5vz6	601a6cc20876
8h5yal7yif	eeb89b681b14
8hdr434wv4	71174a0917b8
8hfb2rtka0	d9178b090b1f
8hmya77hi6	0deba31881c6
8iczxq9as8	c6d0e761857b
8idzr9lah0	98e83304f976
8if2gjs8lb	925394b9f228
8iszh1mreq	7901058ec3e8
8iwhvcx6gd	50632c922a80
8j0i9qccfl	4efb480abb90
8j3rd5r2k0	1a064c04c36f
8j71ozykfl	a2176335026d
8jccyrb91c	84457210fcfc
8jev8t7onu	7c65450a8d6c
8jgewrrdqr	a0b523d46018
8k12dgd6ts	377065d34c3a
8k5qf9azmn	4f14f2118911
8kdqx75fx3	346ea36fae39
8kfslk56zd	a71e814d2c76
8kkr2c49bu	17901615aa07
8knvwzqp9d	9423283823a9
8l3wedy9iz	74a34f0b6416
8lfn5o38x0	dd05592fb864
8lg6ecy0hu	0d5106822a5f
8lgk9fghns	0221ebc31d31
8lkg6aacsv	8471d1588311
8lmhtzuwo7	939072d0257c
8los30g98g	a88bcb6c0a7a
8ltzgcn7zr	7776ed771511
8lw8pmes4h	80f6f49f4300
8may6j8ece	92ba15335a23
8mgann0azf	f5aea4846637
8mo91b5rb9	81a4e7482781
8mpp3lua87	8f30d849e042
8mqup65nk	63e43d746421
8mtkyq2m6v	74e15837a62c
8mvzflzpl2	5ffa682c1213
8n62uemm7l	ba4823a1ac9a
8ndevrqh8b	2adad800163e
8nhwli5y81	fd1c13112292
8nmk9fl9oq	e8282001c8f2
8nmtw3cupl	3b0f68e019b3
8nxsjb3ig7	297c6a7f98ac
8nze5ec9i8	57dfd88962fe
8o0hg09cqs	86e00c4bf116
8o6vp3c253	f4ec9c604384
8o7gmkx91l	473ff39ab554
8ojgznwi88	c55241930c91
8opumwhihq	d306e0ad6131
8oqg9kk3sn	7e541cd86972
8orwlfkpr9	aae2b8cbead8
8oxrj185gp	b134ca2cd707
8p0dcmvkct	f76c969c5a38
8p0nxq7i1q	0126a656523f
8p5w1vbcay	696a3c272cb7
8p7fbu3a5s	86246ec3f23c
8pa5rnvboe	34500756ec85
8pazxmauu9	b2fb5d706649
8pcd699t7h	71dc04754303
8pgk800nq7	7cd1e89dfac4
8pprs05f74	8f7b0167db69
8purujc2e3	30c6116e43e0
8pw2kurjqp	afeec4384baa
8q35257vrh	f0ebc6de8bec
8q551rg0xu	02f82200e40f
8qbobgmu3n	f8f7f27f4efd
8qlqyjs4zf	d6a7cff25ede
8qon0t2adz	fece695d48ec
8qplnduz6s	869e5a45c5c8
8qt0jqhrdp	960387c1cfa6
8qu264mhu8	8460b43676bd
8qv0z0r16b	a1570ca91895
8r08gnqheh	217216d8964f
8rafy1i06	dace8bb873b0
8rbwpnj4bz	3bcd8e681565
8rdai50wps	ecb2c2189c0c
8rp796evj7	a0d12afe2f85
8rp7xznisi	e317f5b93803
8rqsu6gr8h	4ed86d37a726
8s06r46144	b3a3f4852f9a
8s6dtdwa7x	e3e61206cdff
8s7gon7sa4	c2141cc997ca
8sanb8s9xo	1d3a2fdd66ae
8saw4519lv	d245ca0d9424
8shmdhkaaf	dbee7dad3610
8si508wids	169e1d732170
8smce7tebw	4d555a6d8fe8
8soy7kxhbv	d8a33b18408b
8ssnttnr9b	497bd61fec41
8taurigf8l	ba2823672884
8tgufowce0	4a64a8aea62e
8thhlazvk6	0c2fd0aea8c3
8tq8ryqxwr	56d8a66c29b9
8ttax8otkn	57c740c4f3d8
8ttxs5xure	2fa928319db7
8u26lfk3ng	f7bdfa861e82
8u2opzc347	f01e36659e1c
8u4j2lic6o	cdfdf0469550
8u6mc25z3p	38266fbeb842
8ueqpxirb4	55eaa2608946
8undgtkg6n	ad461a98996f
8upeuy4v56	784701712023
8uu9lrstww	eb679a1156aa
8v04bepom5	32ebd8b7636a
8v94m2sbfu	d2a8a9713013
8v9m8odds	43fc23edcac6
8vg1jpbhe	666a3e1e741f
8vgo0u43ta	c5e1a8675d52
8vmzv32fdu	08a3d51c4545
8vxob5w1ax	836eeb41ef64
8waq4ohh35	616103d53c64
8wdby4z7kl	6fe293b1f588
8wghcn3773	1335f55e7036
8whe0qhix4	d635ce3eefb4
8wmgrjos2b	7ddf1b70045c
8woclk883q	fa8ab206d340
8wtrq0f8lf	e4114f213804
8wyo5uk9ll	e42658aad200
8x1x8gxotd	3fc0f39d7970
8x5of6v4aw	f41c9c9349ec
8x8ds3zzzl	304ec9e88642
8xc28h36d2	4d39691c06a9
8xg40bnma6	83a25a295755
8xr5tp2o3p	56774a420b5b
8xtyadn399	3d010e52b1d0
8xwjh8ouir	cf07e67e0603
8xyq55a26s	7b4d6d18d77a
8y292t2891	8018ade921a2
8ye8c5ckqp	f64358beb463
8yhfme6ddf	765886004cc1
8ykao7xil7	664af928d467
8yn6cdlx5r	6b40c8fe2e8c
8ypmzblqzf	54f3fbbea1d3
8yrwhnt813	5708995f718b
8ytwoh6ysg	db78f9c2235a
8z2104c5i9	a603227059a2
8z43cyzy81	220162c30c41
8z4vzgiu1l	683c877c9de0
8zjj2re0r	a9ae78e68233
8zksppgit9	3e523be09171
8zleoairws	f2af6f244e30
8zn6w54hgh	a8d078cf5710
8zowtf1pwe	64e26460a91b
8zqicuxah	905b58015c81
8zucs9sfsy	af86d2ff7e1d
8zz0eyxn7u	214a7e0c07e2
906ejwis4x	8d9d1eb1f582
907v2gd2h2	828b9147b1dd
90g3mbylcq	2abbec9e85d7
90g7sxooan	2d65cc857262
90kazgw8hm	a0da0c5cc1d7
90s7qp1p5s	084ad195586b
90sq2jfniz	907fd41d74a7
90vcfdqz11	66a4922d0829
90y8se8ast	7c72b9669697
914thect2n	31870f345e56
91577il7ty	1b30d57d2f5e
91cgib4n8k	7d82f0641c72
91lg27xoye	77b4ad7707f8
91zll3tqh3	9417bcc301f5
9214z6w864	c3f2fa449b84
929meb9t0l	426582302617
92akpc7ta9	1171da302ae4
92g7cgijwt	efd471a21bfb
92vhroxgzg	90167063155c
932fs268nf	bb758fcc0c78
935v28rey3	86653a0438df
936d2mtf15	2748fd95b816
9378vnhv1k	3d04c29ef486
93lyw0vvxf	04d4f5a21595
93m6yg4aue	ad7a7d4ed35b
93rzm56utl	9d26ab12c0c9
93twsvblo	84a680c64361
93xwm6qjie	f42eccb3e5a1
9411lb5u8r	d70d8c05f28a
94914sfa4o	875c6e31309a
94a8s12z8	eac36b35712b
94bhgumwz9	59dfa3c85237
94gif2wxvb	2a25eed81676
94n3zkc45q	58be9390961e
94vx0nlof7	b8569aa98270
9587zto03p	59aa31f6e23e
959d2vw2az	7a0c9b56225f
95h7et1q7j	45f757b936bf
95istgugmg	bec0f4373384
95qqkr4p6r	4643b7d3d6bf
95tzts22x4	576b17fb54c8
962mu60y7t	95cfc087b78f
962ptyehn3	f80e32a0567b
967pdyjj2g	16bd11abfbb0
968b3ripjn	e956b1387e80
969n4tua4x	e2b7f4c70c62
96ay8hv2uw	762cbd739f74
96lvfi2ym0	354f7235d9c6
96ozo6da2r	7d3295934fdd
978yg0avjh	34c997791725
97df3t3i29	2c6541009176
97idpjjdu4	7adc368f86ba
97ole26xfi	81cb58055211
97uktugaqd	02c7eeaeb278
980l7o03l2	8d9adeeb62e1
984fu8xdtz	543fa0b9700c
985f5l3af1	c15db37d2089
9896x0gum	1dad81d33c1b
98lhknbgja	ecaff06dc6c7
98vygzrlum	c0b4d04b1b21
994hofgrv5	73ecd50170fb
999qhs8awl	46ee458aa37a
99d8w76qv2	ad6e919d4755
99k5nn65m2	bfa5a228b3c6
99t7sd9fuk	c93f16587d1e
99zw9pal4p	3b06b62d75b3
9aautrjro4	3bbefaa883f4
9afocy5i0w	552681012d68
9ao2h8fdqc	9518f9eca700
9at47ny3wq	cacb5cdca387
9atytqid1m	3a0472c0ad13
9awdl57hhi	4e06ae087b79
9ax5tcj6g3	c7019afc14cc
9aywxdtwzo	581694857079
9azxbri8g0	75e9ba935635
9b2720ik93	8a1077fc6587
9b2yx5hyho	76e708243a6a
9b4x3ht577	7b0f78b514ce
9bkpu6nzsg	f807f94af869
9br4a8uwcd	7e44c456a5ae
9bsbck5j3t	ee03c5137026
9c0f6ej9dn	2ff472045065
9c5wy16oeo	1a58d7e77965
9cj502rx89	543fdb5a2afb
9cm5z9jteu	0df9561e9bdb
9cmbqcgo4m	cfd6f0c48da5
9cxwmu1ssh	f6d1508ff752
9d00ptqsxp	57b74cd3902d
9d090liotj	3d345dd17279
9d0l93v0vt	89e1f8f3b0c7
9d2f1awbis	dbf847d07c63
9ddx75z8qs	a6066ea22a13
9dmg4llfo2	9f484f9a4f8f
9duwpyn952	9d61fdc56211
9dzxohabtk	54116adbca2d
9e27mj1j0d	31e23126b507
9e493s3p57	bdaa04008920
9e52sw3mfu	9c8f3a76a1ef
9eb1ks1vqs	972a99919a17
9eh0n54733	c7ca2a0eae3b
9f2i3ei5gt	a0a8e2fd96bf
9fd7ashaks	885dcbef12c9
9fg1e6eyec	a62880de9901
9fikksichq	0662c7cd2ed0
9fnkul6hfd	8eff40af69e0
9fouie8ovm	f8e7bcf3ca49
9fqxahwzqc	dd51b6cfe17a
9fr4s7ihd5	c0429a4086cf
9frekm7gzu	beeb727a0b09
9fzaqx27zc	4f7872eeab4a
9gexq83s2s	34731c03dcc4
9gkv9qis67	64253f63aa97
9gmzqoo392	80341c8e7c57
9grotsd1n4	13796e49fab8
9gt04mk4sc	f6c3aed27693
9h1fy4lkxy	45dbb31d99b5
9h3osaj9ho	34ce58b93df5
9h6zs0wj33	7569fbe03fe3
9h78t5yufh	1eb8158c6364
9h9yz8kmoq	d3105a15a051
9het250bcn	5094f121a148
9hnflwhlps	b86c1df0b58f
9hqcngl10	4e28181a652a
9i15diukl9	b14a35a01b7e
9i7gjuyh65	935bd1b6c3f6
9i9ls20yhq	9f6bcf295b88
9ijhk9tln4	0f9869a217b8
9iohieogsl	71ae496be18a
9irhfl0hye	55923c81cf8d
9j19pzx91q	d9e2731d3393
9j5tp582kb	3a1ba8ccca45
9j8uibtlch	eb0e53ab2017
9j95yk8hsm	4fba4c3a3cef
9jge67c7l9	7759006b3afd
9jhrmxks0f	582c11181d59
9joq7k019e	1ec8200f43eb
9jowgg8gzx	a5419b3f23a9
9js10ivgj0	8c583d7f60be
9jym8iwic3	1b8f675c5a22
9k5q01qfuh	6a380f98de56
9kesnf94a0	89aec5401b6c
9kffvp9aq5	15c1a47af630
9klcj94bup	ef3c12171ffc
9kz5kvwrf	b4a6efceeaf5
9l00mhauw9	eea762ca6cec
9l02l6cjia	b12f7837da97
9l7q0iebty	fe205773321b
9l9aj773f8	7fa1f26cc41c
9ld73wzkoa	d89661e72ae0
9ldumljkwh	28ce4b2997d2
9lk9bq7js7	24168ae2ce69
9lkqcyle1	4804dd103243
9lnukgk4wx	55e23e4870dd
9ludgpzg66	17a1a66b28ce
9lvytfx60z	57e80bf9aa57
9m2n79zixu	0a463d204f3a
9m4i6drrnc	5b38676c3d09
9m689l8z0q	95c2fa004582
9m86ikfzag	b6be60c79e5d
9maih20vjw	4dd6982442e2
9manyqp0fy	65dd90aef5e9
9mnzib8tr2	5f627905fa9e
9mxgvzza2n	ffa485026d0a
9n12x4vwga	3939826c9799
9n2bx4mbiw	78eecb5775e8
9n6yraf4ag	b727db31d642
9n8hp6lg8y	d9928fc83ea2
9nirumcpdn	421a7014ec74
9njmbpl7dv	872babef151b
9nkuo27bnr	86001b9856f3
9nkzm0qdji	c58968f2b8fb
9nq5r1rmoi	462b42ce0165
9o2omzsode	80ec9749474c
9o8k0jjbys	fabfc052ad8a
9o8oyye55x	ce14fa674446
9ocdhmgvbx	1894432fc7e3
9ony6ak0xx	aefe117fcf59
9oqburfb5t	337441da5ffb
9p7vx5tzaz	5fdd9d61dcd4
9pmpn1wy9l	13cbf8c85669
9pq0j35qpp	4cecf8bffc6d
9pzd06g9dl	0971c90c67a6
9q0rbgolgm	dc7989830a90
9q2h5703zb	8bb9c39bcc2b
9q8ohnwg5x	3eed9a9ab616
9qfoj322ye	45ae611366b3
9qkxy1mkpv	e2564ca0c84e
9r2yvq947i	113743d0f4e1
9r6ys020c8	f767bc17713d
9r9x5zpicp	ecda11a21871
9rsw717lys	1f0d4ed46f02
9rz2ps7z6k	0afbc27151fd
9s1jsnsaqr	4aaab665c2ef
9s47kby4zb	c175b3aee4d1
9s794lsnz8	322e7917a670
9s9hcyq0i2	d2ff5986d2d7
9sias5azcx	54dd02ae13ca
9skwpudssa	ddfe057189a6
9suk5q865a	c0531ed06959
9t1kn9i9t7	88ae6474c34a
9t7fn92ivg	8dced96f5aaa
9tckv7viiw	3b58509cffbd
9tcz8iep7k	392c6a153057
9th39kzs84	5da3d79384ce
9tiesn4dke	d60ecf62dede
9tl2kboeyr	77afd2964bed
9tmf1xmna5	973a600191de
9topzf7449	f2b0dc4d00e6
9tpvjv7d41	7cbf3f53de4a
9u1rff78q7	4ef039d65dcb
9u971hvyel	c5d58533e4fb
9um7myxupm	de86baec6d25
9uvxo8m7al	4bcb8d2523f6
9uy4el7i86	d22ee0c328f4
9vbt6im45l	bfa872161d7d
9voc00yohu	f8800d5fe60c
9vw6jmb37q	23fe99a0beb8
9vzu4tyrun	200773ea2acc
9wfoj144za	f5de856d1395
9wkkzd1t3b	7a81d15fdd65
9x43zsgogf	372a1d57b902
9x5t4xp39h	17d3704a1cce
9x7secqv2	c503be93d8f7
9xa9h0oea3	f986a219307b
9xdlufwweg	7479981d06e2
9xk4ylcj7z	0ba3f286018a
9xk7okm2c1	675c9105b48f
9xkthb9g4g	6ac8aab3ee0f
9xnlg8hgin	5e5bdbf648dc
9xo2zfekuk	eefe3b1a2836
9xr4tnshog	680aaf5682c6
9y2yu1edp0	6e180db26a74
9y620rirw5	3a46bdd34d55
9y7oy116x7	df3e95101ed5
9y7stkddq3	48ea2ddbc985
9ycva8mvcx	597cf3571430
9yjqu2741x	4e1b1b4d7c3f
9yp3kz2mfc	259ca93792ce
9ytgzhgwb8	3ed7c6830708
9yzb63bjdq	2aaa7fd59f66
9z52ewe5fm	1f825a5252ef
9z5e7dip64	bd794e2a194c
9z7encvoa6	2db2c0595e27
9zazjig39s	9c076a9bbc80
9zg111tdvd	a9759151fb4f
9zm9sk7w7i	5f46829c2ba2
9zwzyz9ecx	dfe4f7371f54
9zxvvby15g	465dc58db484
9zyr51rerq	ce1d58ad6aeb
9zzeo6u3we	24407f24b5dc
a03qcveo7j	782ef512ce21
a08nxwfkwh	6f9b11b7bf3f
a0h8rpo7hx	8be21247eb91
a105sr3ddy	cdafb5bc1e03
a1iya01zmc	a76dee5273ab
a1l1wp54m2	8f18640f1260
a1n0j9feb	7d3726ab7bcd
a1nmcsmne1	8c4ca46d8633
a1qbh5ek82	594fd5ab7159
a280042p2w	35497b966dae
a2iknmtld5	bd79eee5844c
a2ivzeba6z	6d014175ccd3
a2p20z7l8x	3bdbd223c74a
a2un3isc8u	2d81fa8cbed7
a2x1sns81n	35ef55471a73
a2ypwizydt	13cddeae35da
a34yqm16v6	1aa93acee431
a36b5s1rku	be2fb7ca996a
a37sp5x3f5	e951e5d3391b
a39pwh2fi9	f3bcc22319d4
a3aaf1194y	e4a72c6f3240
a3ar57cjmo	3df976ddc770
a3iiefzkh5	a41a982daeac
a3ob2hlsyx	7d1e175bc837
a3p2c2y43y	947ad4d1b7c6
a3t4rwfc7m	56be069d5319
a3t6a6dz9p	24aeba62985b
a3xegxpovv	1cc4d0c470e7
a406ud25iw	888d49d53c88
a40k116xp	5fa04c869876
a42qhyj4lt	d3d6884285ed
a4c9ogs60f	909281b93e99
a4gh4z1zu	fd3484908143
a4onbwzbt4	ddfeca910973
a4teivj7t	47ee5d7d7e71
a4wawmsegd	0adf269ee5db
a5fz094l5n	c2410b2ee223
a5glg8l610	fdc5219a5b54
a5ksc2r2a3	da7bc20b2b0d
a5smgjn6qo	0d2873011932
a5vhwn6ay8	3442c7f0b897
a5y9cf92nd	4de3c49d87c2
a65qhvfihl	379a83679551
a6n7cdj5zg	d5c2a69201fd
a6nsdvas40	31c6cd7746e5
a6qkbnm8i2	7ea372af6c2b
a6vkgsrcz6	58ba61db2d3f
a6wblbal17	bcbc5f56ea8c
a7654lwfzc	7e5b9e426174
a81s6j4qvt	6047d77a8bfd
a82qbgz0ti	98886f17fca0
a83o0lp8gk	528095a0a923
a871aq975z	c4b99b6b339b
a8bsqryy2c	4796d04ce980
a8i6fgxdyx	bbaebd416510
a8mr2ydnp9	56b899c6e7e5
a8q00tfv7k	c5fa0f1321ce
a8qathpj95	5027344c20a1
a8w211m5gr	c14ffc669c4a
a8y1b875rb	9f769bd254f3
a8z2mb3thu	5b13b77546cb
a912wyupr2	9acf53901dbf
a962toat9w	b53d7aa68605
a96qhb5vq	39e6805693af
a9gd0rfha2	5fad604e45e9
a9rg68197l	f5be26174846
a9rllrb3m4	68a20d0aa9ad
a9utfzju09	e6b644ff9597
a9v8b9m70m	7643001af897
a9wtyp6n4n	d9f428aecca6
aa6iltyee2	59fe0139e475
aa6wgh40az	6679ec01551a
aa7i0163ii	660e26c73a61
aa861cjz8p	2063cdb4f317
aac2i2cd1f	af8a1857d1ed
aafppnbikw	3ff7f736b49e
aagv0gf6w1	1490591f0bd2
aan7rn790c	e8ef9f804eb3
aas4a0edq6	b7b6c332f2a9
aaugfp2hb0	49d4b8232193
aazc2o9jz4	e74d0e6da34e
ab1xkla8ha	83c7847d77f3
abayx5ikkv	edd22705281c
abde3na7hb	1f03d499aa11
abdhbsczvc	34a5e92b7636
abe53ifmj0	a4afcb16a774
abfup9msxu	9715859918ff
abfvcwhllt	e7ccdb21e30e
abo09tmt3x	93bcc822495f
abrw2dz7zw	32970d6b7732
abvuj8d51z	9203cdfca64b
abxlv63t2x	99bfef2445e0
ac3t92pnit	25f312875acc
ac3vmoz7ed	ab456577145b
ac5ksimyab	4042ccc79821
ac81czse1z	41bafbe6a166
ac8ambtmjz	8a3e0be79d53
accu34kdwc	a2f69b46bf20
acdklg89xj	393626aaeddc
acdzvqnz1d	06884aabcea5
aceindpuf	12baabe702e0
achzoc0e0l	7ca9b55ba06e
addtilcgfj	c0bdd92c0e07
adeimqcqrv	93661debcc06
adhzrp3i5	094e84bef0d1
adoz75yd6c	e40580ebf19e
adt1r8gawx	c801312d6012
adux47v0q3	36f0fa3308eb
adwrxgwgqq	f534776f76e8
ady580gh62	7c490a4cb110
adzfcsxsbz	706d9e6dc4e3
aeatxb5mnt	5879e2255d4b
aeotiwpc7u	4034f5bd34ad
aerxnnr1y	9672be96497f
af1859auws	e0beabe8d91d
af20rc8op0	47962743c22b
af8qlglxe9	08527c678fc1
af94y7u7uw	2b18ce6653a0
afffwkd7k5	2c0c1d31cf98
afj36bcrd3	4c554716c4db
ag67uz8gf3	1bc8a68cd43b
agj4a39u2f	11534a512b59
agkeu999g6	27b5b14845d3
agqdkrizhe	eb14ed427da7
agryvqtakk	718d3e293ab8
agy00q8n50	2470442d6b76
agz1g5t39n	6ae557820e9b
ah2bdqs6yz	08280d1da565
ah7s0uqqu1	ce19b112e53f
ahaxr819q7	0bb021ac3d1d
ahcehiz2ta	5c5efbdd3d63
ahh2okgzgm	5ea9521eae23
ahsi0t67gr	8b53c83e1077
ahyulkzy2u	8f2251b67173
ai0p4a5b09	e9964be4c5a3
ai28hmi1x1	baa2298e4877
ai7vswte3z	5d9a54e9c53c
ai8qercn4b	c3b10c0205f5
ai9tfvdfvk	26bc8ae8e8f1
aid9xr7hii	8d1fb0b913b0
aidfqhpk0g	c0868307cf4c
aitg81knbc	819508ca1fe3
aiw0scr564	2288dedc964c
aj2i3xf7pv	8532d54113e6
aj7n1j3rx5	2788557ee460
ajgflbcwww	a298dc13cda9
ajiszbq7x6	c63e49d17a2a
ajmf1f0knu	35c2d0c6be45
ajp0sl7pa1	00f303631ea9
ajxwfb8ofj	8f1ac834f82a
ak0aqw7wx3	0c2d01f9ed3d
ak1eleskpw	48ee46e71286
ak3ij31wr0	77f738ba64c8
ak6vi2o0ud	90db4d360460
ak9h637bwe	bc6c144d0309
ak9lzhmm8r	8cccbe99d9df
akf7ixm22f	c85947d17e66
akil6dn1t1	a0c2246a848a
akj1iyucv	8f6ad7e2e9e0
akmp0wr2hz	76e8aeaaf67d
aknnig52rn	a41822db0d00
akxq14ss1q	0e4d608eaf26
al1gl2fct1	3ee67d82ea8b
al370xec5p	146d6ca2dc96
alca9m5b2x	fb2b6b9181dd
alorl7jzzy	3d707f732574
alosehpz08	ca0adbd6ec47
altencfs98	9d8d901f1b59
alvhzqlglc	4882a511e20e
aly3hhcgfb	a46237157d00
am41fbgpdm	4db3eabfa74c
amk9i1meog	99272b2b4b02
amp582h564	19ddd6201b1b
amwcepc6ul	c2fdaccc4b4b
an6qkqd0aj	0addbaec68bd
anda92t6il	79b5b359b6b9
anj8iy5arf	ed52a050aa0d
ansibhi6lr	eb231ab491c0
antnwqjcb	ffc4b3284c76
antty5cuja	7fd389a2c9be
ao2gaia0gu	1d00e4ce5433
aofne0puyw	45921034bfb5
aogsvyj3ko	e61707c8103b
aoj9h3asvc	ea931b595b49
aoq6wml7em	4e00221ce774
aosg3cppm4	39bee7c99e63
ap1zm836b6	5428dd5802f0
ap4gchab6b	95b50712ef06
apak3lximk	09182a58d4aa
apcxlu2kc0	b2c50d3dc212
apmps8j7nn	c3fb965b6176
apmr3ybtyr	4c874ce79f20
apoww3oxxe	5e3d6c5f23a3
apw1136dza	263310efaf62
apy15cshnh	0256eeb4c2c2
aq6677696g	db9cc6166395
aq8oa1e0x1	9505ded00696
aqha4gpz0d	76e9bbd80071
aql3u0pnm1	d3485bc47a3a
aqldx3exm3	4838cb9581ee
aqlzpfeoug	ef321a0cbbd6
aqmibei3xr	10aeb9f94e5f
aqmszj16st	7b4a01dc55bc
aqnw58yq0d	e323ed8383de
aqqdot4nxc	f25957083fbf
aqyh0wb1v0	072216e19818
araday7gjl	4c1db28d0576
arcb5l7xvn	56ac64986063
areaddzc36	2f7af812d645
arm26r1sto	4691b479377f
arn9rmnuhr	5150522a0ffb
arsp7c1c0m	ea40b5096ca4
arsu3mk6sf	4bbe360312d3
as0giwr9gj	649ac9695196
as1dnfsxji	e14931348261
as30nhvb07	74b96ec37d4f
asin2k4ldv	2fc90bdc6f9d
asn93vbfcm	98fccf26f923
asqt82vhl7	0159c74f86d7
aswi9lr345	eaf7f5870ae7
atc6mq34ht	00c7542ae0ab
atswl7lih1	d0cbefa44af7
atur5g59xy	539a9dffbf05
atv30i4kvd	419235e16e8b
aty3mcf6ab	eb868c511aff
atyd8yk5yl	9feefbf3a749
au8w48b57h	71ee62195c03
aucp75ejyk	a7229708375c
augbjpm6cf	81001ea47c04
auql9zeh5b	a24cb347f2d8
aur2uwb36t	05474475fbfc
auxyhmgxis	9abbd2b5c759
auzqe1ttso	032f928c7a7a
av434c5qj5	4dc7d32a87cc
avasxsanhk	cba1e6c97b84
avd60bt2j7	b378bdf34c5e
avdgiqb9la	3f391238bfec
avdnh3aacs	df8f6a6fc053
avkt0cet8w	b72b8f19d30a
avptk7r4id	2f85dfddf9b2
aw0o9c2bbq	fa7239e7fdb9
awgwm077kp	271262795514
awii89tei5	2cda68cdc2ab
awrt1b8eup	517a17b65579
awuvmx0jh1	17039eda6fc6
awvz3hemko	d20da5b73721
awy9yhpqmo	3557e1b02ffb
awzwt76hbq	7f36692ec5d2
ax4bg6qojt	e24f4b1dc70d
ax9mekfxed	0d5be0a613e6
axj84vcqet	2b785bf9ed1a
axl4uysn76	b3fdee0fad07
axoqnpjhb1	8feef6eb66d2
axqfft5d8r	7f99e66eb7b3
axr4cu8caw	3a00b81f6a69
axzeijp89o	3927caeb72da
ay2pav80z1	2ce548e0f205
ay520pckzi	8b56af39c885
ay8fzrkd27	e1a1af24702c
aybd0moxrd	2bf608cbbd4c
ayk4kikumo	4119ad93ae71
aywidk7d0f	5667d659ec69
ayzbl3j2zt	b256b118dcf7
az19wwazro	9c3b926e266b
az4yfh4k4n	0683d044fdcc
az8lq7u2ks	37dcf52b92fb
az8shxkn6i	cf417284b8a5
aza0h4cj7z	78d504bde707
azc6kzsv07	b2d841f44de1
azezobyj6f	37aedbbefeb4
azga0uuklm	4c5e5a153502
azi5tqvl3m	93568bda65a8
azkbodntbj	a586d2309523
azmta6bvcd	20581da8f9a7
azw0l6sgav	0614a0932052
b01k91t0xi	36f06dc1054f
b01unkm68f	fff75457250d
b029gt8qyx	93d03b4f920a
b09x0k0ay1	2adc038efba0
b0f6u5u25z	53e09b051b5d
b0js6unwpj	90f905130f7f
b0n9l5wo19	8e4bc4997c18
b0p4b5gw7g	a6a67dc81671
b15iqcdn1p	9374775d7850
b1bcb2hsvl	24a9b555b5f6
b1j2zaggvk	2e5c4813f6b0
b1mdq10gp2	c1e05e0124e0
b1mwn31g0	874efb047f4e
b2n9bl098r	4cffd64e57d6
b2ugpmkyi9	d83d2b58af7d
b2yhm7cb10	4030641c42ed
b301a68o4r	d363ebba602b
b39hoxkf9n	582ae87d0df3
b3cikqre9j	f68319546895
b3dsm4bo9d	2ef8688be6e0
b3et99a6gi	f56608a3773b
b3fjdw97hz	52d917d557aa
b3j7d5jew2	92eed0d52386
b3p12a2feu	349136eb764e
b3tadpf2cc	1fc3b775e781
b3wkt5ebl2	e08b90ca0ccf
b3x49v7v6o	15c0ddba9fc7
b41t8vjs8j	cad5e4e87cea
b47c7besr6	43981b69ab3d
b491izx74x	e76f7b9c7109
b494axpldf	ad8378c9dc5b
b4azxf0mxm	346c92a98385
b4eqmtybvy	f838725876ee
b4f7lt4d84	de67175b05b1
b4hxsx3uzg	3610a5e388a9
b4la6gbfac	5c641442b5ba
b4o1wfxlyz	785cf336ed57
b4qbnf2zrp	f51bb47b3369
b4utpsxtb1	8946c24703ef
b4vxxnm0b4	5571a607171c
b4yoeighy6	7823c16af079
b4znpmyyto	e9e9671aa540
b53bgr2o84	51858d3cc86c
b54fi0zifi	b96907a91536
b56f98o9y2	a54204cb66d5
b59s1jzf8f	b7d19da4688e
b5fa1z3w2p	6a8cb57287c7
b5go892jxe	0e8601a7fa9b
b5hifxf3gu	56f637024b8d
b5kbus7ygj	831d6143c54b
b5r7ym2bbq	7c69fd00099d
b5ttqslfs5	fb06e7666934
b68gydxr3v	d2cde0b81e49
b6ds7dpash	b193b606d86e
b6e3ncakmg	96126a46ff24
b6erkd5lg3	2621602d1890
b6esr1lra4	7f1146309386
b6sl3wimw8	85a33d440e38
b6v4ug91l9	4c484f35259e
b7h0bg0uci	f769732da06d
b7kwk7h0rz	3c88876ae3ff
b80sncudtl	03ff0836dda3
b84bbl1i0m	6e2c7ef17287
b85mgyhael	f18917f23cb0
b88urktziy	86a98503c384
b8ibblu6mz	aa88be744ec8
b8m6jc28ge	50b228b28bd3
b8mo7z97py	9cb64d71f5bc
b8stbir8zs	89b32ad30cd0
b98h4ctwzc	61dc44621757
b9mrq0qbrg	cd395b571fcd
b9n4xl5djl	4583f1774490
b9t0vjxs2a	252102e9055d
b9y09r987j	0c926032021e
b9zxjly8n1	4f68c1c479a4
ba0v0nf771	c7f72f3b1b8a
ba7wst1anv	aa9bd8e14bae
baizs6qj2i	84702f6c9050
balwwq3mkd	f6f9345ad2bd
bargejoyhw	8f6a43d32503
baxorwsv4u	d1a48089ba50
bb07bav8j1	98c0b68f290a
bb4toi8ocz	8c7cecbf05ef
bbb58810wy	c2be94ab5ee0
bbgr8fv2jt	885c14575519
bbs91quvq8	855aa2f859fa
bbskqmvqww	6465170131f2
bbv3h7n6xc	ab8a34fdb718
bc2av045i5	585aab3c291b
bc4zrpku1y	82a09b2596a8
bca4xdb1kh	6248353072bb
bcefy850co	a63be07275c7
bcfxfnt5va	76febf444520
bcg91qii95	ff221268be91
bcosu18z6n	66eefb43ce59
bd5ai3ip32	6f6f1aa35356
bdb3qwy8dd	3de57d00efbf
bdbqeix11q	aefadde9c118
bdbygmn6n3	b6174a1bd537
bdgz0070wt	3095b5d94a88
bdj4ri5dp4	2ecefe12f086
bdut6yxz76	0c4886b02384
bdv9a8vcai	e5ff53d63cea
bdz60xja0w	59c6af54f9b7
be34h1x7y3	93d7bddacf75
bf01w1jb21	24860db247cd
bf08qwrxvt	77538c23e94a
bf1lr6cdwa	d0610a7cfe8e
bf2rlwer6u	9423014f6ea1
bf3n1vsmkc	a7fff9b6ab8a
bf9u3koqda	ae45bb788479
bfki6j2lhc	ba2a333419ad
bg37n95wqb	104ad2984280
bgavnkzh7k	7e5c6027a8c5
bgdsqy0g4r	796ec9b01a5d
bgeex0u8k2	e5a28c6042bf
bgw88m1qwu	f98d08ae8c75
bhdkviymy4	691f7160f21a
bhg0yu723p	8189ee3f8ae4
bhqadbbjkp	3b4f3897ecdb
bhvoe7fqt	a92ce985b4e4
bhz1icxlfb	ea7c77c6cc59
biba9941ef	746b6da5bc0e
bidy7ztpmw	079ff245b31d
bimp4l02mt	49f65591334a
bizcb7y4f8	5161fdba7ac7
bj18qiju7	b44b23ad0f4a
bj8j69364o	c8cdcb55a26c
bj8vi07v77	fb5f55dd96a0
bjfxpfpvgk	e508dc21744b
bji23we56j	221e022a34d9
bjnwdfdzhk	9662a08238b5
bjpz6ngu8g	194e6426e4ee
bkebiip4ky	9985a94205d1
bkfcymftt0	5e9dcb21b79c
bkgh0aimos	04ad1509630f
bkip3vhw66	6449df595c1e
bkps02pu1g	79b4efc12d1e
bkrell7epj	9ea59332e1eb
bku6en0b84	faa80cb5927b
blavt9cea1	72c5f0d2be1d
blcdnzexvs	e7121bb9fa5e
blir9tvjst	bb654b21669d
blmjwe1bq2	e9ae27a09fc0
blnv0m6sl2	2d407ea115bf
blphhkxqdl	a131ffa9a6d1
blwkhdmnti	9ecab950fec0
bm42epnxni	78ec93741d6f
bm4kvjjslo	4e6db80fc5ac
bmfx99pbcr	7c5ca25bb3a9
bmpkzcbnqn	bd717490f2f2
bmrbfsvqte	a259c2543a44
bmuqw5ttmn	1d59d9983ebc
bmxq0gbac4	019990ff7afe
bmyrptlvwm	56ac9b53ce0d
bndawunuvj	2d60e00176e0
bnixx2uz52	2caa5440e7f5
bnpjbnioh1	0bc9fe19d751
bnwsy2bube	d0e1c97cc140
bo0lkzm5jo	0bff2cf410a8
bo2er2pbe7	08aa276ca54c
bo5z1iyiye	eb2005ee5bf9
bob5ic9cdi	2aece1259b9b
boftfqnnaz	db51a5a65b13
bog6ugl6e5	53ec0fc21ba5
boh6zfgy0a	865e67e01808
boh7rvt4qs	dccfaf72c081
boiq5ds13f	006b2a15d6e3
boxkq52ety	f764f8740681
bp17amnhkn	4fb6f4ecf398
bpboi3u6w5	fd486d83b2be
bpnwbzlzpq	d51857d58533
bpsm8p4ix9	b470ee0f8a35
bpy0tblr95	96d0398c323e
bq5o87xenv	41166be3687b
bqqmmqzw8d	227160550ac1
bqu86y11c6	0b2d105d0748
bqv0oqk9em	7bae7a21090c
bqy8702q1a	d29683dedb25
br1sb2hrih	e632e8fafd3e
br6txgjszx	00ae35b2d9c3
br8acm65n2	8008912de2cf
br8jyb4kay	33c8de37e8ac
br91hluvbs	6765c83f992b
brdfknscmz	747fc7666ce3
brlf0vdueg	b5d14a3753c5
brme77dvut	f2940e308254
brqq4nmybh	48575bef51e6
brtgwz0yfa	1906a16a0f30
brv5c1pfd7	e911951a5273
bs15yfqk9l	eae87ce3630a
bs2va6am2u	00c6eb715366
bs3gv0h65o	1daee574e08f
bs497eqm8x	de5ca408c19d
bs8adnmvly	1602f04d61e7
bs9aaodwch	beb564515a77
bsgmjf6ak8	e8d1887a9c49
bsqy3639l	cf1250169bdd
bsw4x7juil	2b1508443462
bt62aw4kvr	3bbd4d09c47d
bt6b8nrpca	d84b5bcd7fac
bt6ivuejn0	d5f6ddc2fe7d
bt8sq67mbm	594f451ad7d6
bt9a81g7ja	171b0d1187c2
btagepfecx	3a7e25d32d23
btj8bowchp	081bc0305253
btn7yxbes0	71a02b96f495
btrvtyrs7e	4fc0cccfa223
bts40exfsx	c057ce941e74
bu7emzzxqh	7a880671cf27
bu8ocf5mk1	303f1cd00465
bupyh95ten	5c0e876d8129
burkukngdr	255f19fd17bd
buuatdgr8s	2273cec80896
buvr6j6arh	1920ca85f718
buvsfviosk	1152c9d0d3cd
buykdkuc6n	9e5f70a3095f
bv7xu5s269	5229732f77d2
bvaysca68v	4e0c66cf594f
bvb86t2a0a	2046bd919b06
bvcd22wag1	1a64b3da95a5
bveniz5e0b	c42028e9ea96
bvs9jii9fw	35f24daea8d3
bvthb15z2p	da38562aee63
bw2brpv9qj	03ecaf05d168
bw7magwv2f	16b0f6443c5e
bwbbs085x1	c23ee8ae8a19
bwc1fb4dv3	42d0599831bc
bwdfqj7x7q	0c6c69662fd7
bwqqsw298l	c3eb230ca707
bwv8y08bzl	aba567ab132d
bwvbey4yc7	2455d1b9a0d9
bwwpjqma6r	d52f9ab671c7
bx27ky6hk8	5a5389233ab0
bxentq0zm	2ed03e41ee26
bxflvgzuag	8e0b8d9db055
bxn7zjz3he	409823b8e774
bxtvzgd881	83731d728396
bxwylazvh4	a803096c9976
by000uvhfe	c27bd2b43bd1
by3g4oqa02	5ef402b5a2fa
by42jzlf39	22da7f3fcf26
by4w1vi9jg	d77d96b9ada9
by6hpd0j41	64f360ef0b74
by8qjtrrks	2513bd333368
by9ysen73b	7eb408c7cc37
bya2vyrf6u	f3667b971c2f
bycj56kbrk	0682e9d929e2
byfou46xk2	e4040c0bfb6f
bymvvswq42	a8cfc916a33e
byoswzpdd4	f87ef09bf4f6
byp091kbyz	997c850136a5
byxkk95o2o	cedcfb67b858
byzvrwbl6	c9097689e9e4
bz80yyruqx	b6ce8317b430
bz8sw4unef	1181b2e766df
bzu3sm5qas	074114f59499
bzxrrh8rz8	6af43b2930b6
c053epc139	f98a7624eba1
c0731swt8z	76828caf310c
c0cepxi2nk	0f73ae0c4a9b
c0gci8y21y	5524944f07ca
c0itpx0cpu	987bbebe98f9
c0jnrji0yl	45d0c67193de
c0uwwxz1hu	5b67edba185e
c0yoz76ynj	b4fd0596432c
c10lf8iq3w	004fc1085ab4
c1dp6lxkc3	b5d53c7867ac
c1gll87ow6	66afa02fe587
c1olzcnm8v	59428ba8e7b5
c21yb3s2cj	861584c9417a
c28pm49nm2	42e11dd0cde6
c2bvsurt9l	df7abded3fbf
c2egsddwq7	d64f4caa011e
c2gahgombk	3f747fceacac
c2m9c5t8sw	a7a386dea317
c2ntkbeqre	89369f95132b
c2qphychxk	e3fc12e74499
c2vncjdfta	f69fd5d8b344
c2wr9o1tve	3b9604375541
c3163pg06d	f7b2414f5c0c
c3256khg60	d294ae180c7f
c3o35qirmg	7dfc9c492bd5
c3qwe0z415	d978bdd0369d
c3v52lber9	d72450905499
c3xig32tz0	58f038e0d538
c426hwu5qm	154163d3373d
c4366mwo57	56310cce67b0
c4aoi2r6jk	5de677a51265
c4id97rb94	3c3d9f069942
c4ifemmimp	1830c6dafb10
c4j6hj5mha	942ee3f6eb45
c4nvhzxb78	0697e7851e18
c4s6ad133f	e77b75895ec8
c4v8n6ybfs	2b7e2d72fa19
c4x8lwqgvd	d1492c36d771
c4y5rvnuzh	041c1b5f151f
c4z8rjcyuw	5141885188ca
c5db9nywdi	268464f54eed
c5kn7ggyog	ad1c3b2a5d9e
c60ql5jyek	92ce61aa3e8c
c62vgtn5xq	3b49cc82caab
c67hqajf2h	245e36e0957c
c6d6lmcpb3	593924f4d4f0
c6hhvcckke	177bdb4b9fcc
c6kjukqspo	e9dbeac350c8
c6kylyqcb8	ca2e936c7aab
c6lyzpbz1r	264143a93628
c6n9ww0hbg	9280d4ed0231
c6w7qgztt7	b7a2c918f063
c6z2aofwm6	7f32cb1e96fc
c6ztl3fege	a5aea6b693b2
c7chfvc330	17e08562ba28
c7gqca6deb	e26a34f605cc
c7ixtaqlez	0c09e3ae94ff
c7unphxwnk	09df852bf3d7
c80wejg2a6	3fd1739cde01
c8af1l0xh	6b30ab656d9b
c8knqfn4fi	2d56cac90838
c8t9fmksr5	231108b7220f
c8vb6i7nad	a683e41d17d5
c92q3lr44a	80f65e7b4f51
c9d12bvaj7	3f3ab1ffc821
c9idv159w2	15ea8fddaa66
c9msr8vt94	97d40d18cc2c
c9si2fpztk	fd783ce65170
c9sr46ofcp	9770dc7663ec
c9zt51i203	ea0042995ff3
ca1hws2l4n	acf57c697ec7
ca58o409kl	f87261695f4d
ca806esd54	3cdf73b72d08
cagawdndm9	cd9e7cd7c7d0
canvcsenta	509e918ad465
cawo0y3oiz	494624c8d1ba
cb5n19ng5y	0327c7577d2e
cb5t1a4wiu	d368e4831f1a
cb8uead4ll	906812eb8a47
cbbh5jfjqi	2d44d3c87b2d
cbc7cex91v	f1faed5425d5
cbi179mjje	4b5842029309
cbld81xvan	97a1a1a886ad
cbn36t8rwb	1a7c6a916515
cbqb2il1yf	ddee80a9358b
cbsddr66cs	f40fb0e35561
cbsxyt6a2j	03e7bcbe88ec
cc69jacrs1	84b594d46149
ccfyw5kwif	929ed50f3a41
ccjlcy0l49	c0d4b07d3aee
cd1mar0gut	ed35b00c5977
cd78b4415k	7d66e3e46201
cdbld7djme	b0b9f8f994fb
cdcpz7w4ws	7b794276572f
cdgl10v7rt	309b25c5f741
cdjksbk45	f1fef85a279d
cdzfe1pjx	ffad75bbee0b
ce07vaqlp	abab38fba208
ce4nrvrh5h	0c36a1fb8679
cefye8okdm	49849029ae82
cemrqqbjab	84990b36db7e
cepw3m24eb	5c9869e558cf
cepz7d7skc	702309899c0c
cet49n9cwd	178ecd62d037
cety0ay9ei	0a83b4b6fe47
cf1eas0wyt	3121b1f29125
cf2zpr1kmr	d626a469ccc3
cfdvib1a7j	468e4b09e4fe
cfm9874dob	1e41a5d5b19c
cfmny673z2	1c16b2342d55
cfqr95vzgv	87c3aaa7229d
cg484vd3he	55ddfd0a51e6
cg5pud79zx	129c430bd751
cgd7150fju	5bf48487f5ab
cgdt2y42eq	7b471c170d31
cgex0w7j5p	aaf0508b4a3b
cgld2uzjl6	8581ef1705fc
cgnw6g7n8i	9ccadcfaaa8c
cgwg682pt1	783eec018801
cgyiyi4wet	1c5fd98f1c62
cgz3zqh3k2	7d27dccca7a0
ch04ne81hx	31884330b286
cheeiq9vxy	066bccf5cea6
chgw3p3hb7	92530a36d750
chiv81pi1v	991087da18fe
chmimome0b	1ed4f7166952
chnqrtzfvm	374ea6ea1d4e
chstuh3c67	ff463f5a2eff
chu4go4jvf	209738c7daff
ci598yrklx	6d914f2bf7db
ci5ghqee2l	1b459cd76d6d
ci5zthrnl0	d6436c428181
ci8dacp186	b6ddef4ad984
ci8tp1el25	03170a56e849
cifc4msr25	4b12195c6a61
cionupmq9	ba8ecdc4d6ae
citihsc6oo	b9ed79b4a08f
citmfeh587	76220134c4db
ciw0hlwf22	93d10f58cecf
cixqr2pzda	d8bb11b5f4e8
cj01n9s3td	f92f729b1670
cj22spwrjy	d5b2398eb7ec
cj7ub0qjs8	a06dfde217e9
cjcbzlz65m	7deaff33ca69
cjd5egt2g4	8592ea032a27
cjjh3j7uf	5625cedcba17
cjjo6ny081	9898a5e1ad5b
cju9rp5hwa	7b2f8f76ca7d
cjuoh4t1nc	896743c485af
cjxco2bxqq	cfb6152d1f44
ck46fblwc	d22b7305c8c1
cka8jswkhb	82aa492a3af2
cketq504p4	cd06ddeedd1d
cklgz7s518	a8ea3ff0e3b6
ckqnviyjie	8a66d0d54a0a
ckrx6s7u0l	d38ca1c2e640
cktrdtsrqn	26613c7ad557
cl12hz6tl3	0ea9f0af03ac
cl3o3ukgxt	119ce568a069
cl903q1h8	34939a2ced81
clazhte5g8	59e342b20ff5
clggfig3no	ee71900c6f15
clhx0bkp3w	6327e0a4dc47
cln43euh4r	187dca3d8eae
cls0um7zna	ac56c7d3c941
clwz1fii3h	1427702911b4
cly73up2yb	8c72c6d16530
cm03l0pu6j	24edb926631f
cm22smv2qh	c8e376e6393f
cm3lnmttp2	d4a0f5d0da93
cm6ko198ic	770f39ef658b
cmo48vgp9j	1cb596773fdc
cmw6loxfa0	e04d11cf55d3
cmyt4veq59	d775586104e6
cn81l95av4	81618781c5c7
cnd9ij25wv	4195b022b5df
cnf68061hz	21163cb33c61
cnnszb5qsp	4490aece398f
cnv7bxn0cn	9b91abb58126
cnvecxkx00	ef9bdb8065e9
coerm69sec	2504223fc2a5
coji8sio8m	1ff352c1f377
cok6xigm7w	95f3a8e9e8d9
conwoljq3x	fba8a89c6ffd
cophrypuz8	b5369688b234
coragczc6y	cde77b85ef38
cortxok7gj	84c469d0f7e7
cp0e8fvlse	7290681aadac
cp2gjyxbl5	f95bcdf5b6f7
cp31vlnhoo	c0a7aebb0381
cp505opuqa	057de0594660
cpbng533n	e48dc9d3171b
cpiulzu0yz	a64384bb7ef7
cpk25vi1u0	39266f962f45
cpma45mvtg	af637a358dfe
cpzdwctgmi	a82e341b131e
cq62m7kio1	088ab87dad74
cqjgnec93j	44d36b6b3c52
cql29m03ut	22d3bc68b244
cqp00bm4xv	9bc99f0f6c07
cquq2sr1df	9a28bcd1bb25
cqy7rr3b06	2102033f1fe0
cr2i8ug5wc	38642adbd2c6
crhul8yrwm	76d19193d273
crpi97iiri	05f163f7764f
crqtaa7mfw	f702c883c0ed
crscmws7jh	61127a6292da
crvf23tmq8	41d991a6c0b0
cs0ih3nfn0	332b77f147df
cslnkurfcn	348c91efb716
cstx1q8hou	511c7f45bec5
csxxpee4vq	608ee0d380e8
ct49glt9kq	520892f6863b
ct4zgmlqw4	91af916d054b
cthrqjc3hj	d26f7c544ed5
cths7dhor1	4eb23bf1e09b
cti8w5gwtx	18695a49df82
ctlkmwzm4o	9c517dd4f44d
cto9aetw6v	c39b57b91020
ctpw0951wn	c5a7a2a5c68b
ctqq72zp8c	1461bcee9825
ctsr6ph0hj	ffc952d3b723
cttnk2sqz0	6d00090e9728
ctushzyaq3	f4d254f45152
ctv3b0tu7l	3b86a89a497d
ctwiuu3off	4bd9465b1ba3
ctwl3y6o2u	b4a311727d67
cu02rmhhsi	022a2f921a18
cu1u6lb70z	bffe73756a2f
cu4geo5al1	f17df3e50285
cufd3krpzr	93e6418dcca3
culhnove7k	cbdf33546699
cunt6mmkgq	184362121602
cuqunixteh	ce7581c7ee9f
cv6b8v3ykh	8f7f57fd5988
cva3kx97y2	b16280d3cacc
cvptfv4y31	508d51085739
cvszce9kkl	a4cdf3d0c71f
cvvtpwwepb	a51ce96cb84f
cw3phbam0e	2e1cbf3ec6f9
cw40o93e7l	90b701afc55d
cw5h0qcu8m	cce2c608eb56
cwe2r7eam6	11693a27f83a
cwhbdk66ah	753b28c38d01
cwnhpntgzk	9814a8f2eecc
cwuu6cj0l5	f2e12ed2508c
cwwntpo57q	32aa038a23df
cwylqoy23l	4060437e6dcc
cwzwq629gb	0d89cd422d6d
cx1u3cpwpc	d9d0773e11f8
cxh5frx8cq	e2c4cab9aab2
cxy2a2u1on	a8d9f54a68f3
cxyfv6h2wb	deed3b3b3c81
cy0g1kgndb	c9ec249704e9
cyazmfp9mh	f472825f83ca
cykvpyxv41	859e7111e12f
cz1kcjvb23	a41d75f4d2c9
cz510yfk0i	73cf83cfad58
cz9maczhou	b44239a47e0e
czhm31elj4	79b3117bb4b0
czp3jpfx2c	a7318d4f0bc5
czrdyecyel	ccf53127745f
czuy1ecjba	fd2be1acd1ac
czuy20hrod	1f6ddff38ba5
czzeyd26zs	27702b5ec51a
d08zy288qj	5ed2ee8ee60c
d09vk3qhbi	da015d6339bd
d0d7m5dhz2	a5f52e2c24d3
d0eyvi7nyz	879b6294c494
d0l62lpiyw	d7f81ffbef0f
d0mxfiumqj	f04a028462b8
d0ohsjlh21	59cc01f94744
d0qzxi1rbs	11c442c13530
d10nbymulp	64bda180537c
d1b0dyhnv9	87a2585cadd7
d1d7cwwehl	7e5830830233
d1kc008tsg	661219e9bdce
d1o9ytimzq	628f4af43640
d1sflushg9	f1db2bb9733c
d1x16i2b6d	57f9b7423ae0
d1zo87wwe	b759375a566b
d29tu9fftu	1ca2673e2c6b
d2dgfvy36	5df5c55a6ddd
d2e8a2o6jz	031ab1c2f0bd
d2u7chr002	9d1ed814ce12
d30fckm30e	1927be6304e3
d35kbcoarl	e8ac139f81d5
d3e15q2dns	3419cb051e07
d3jjepnw7y	21aff9e3b2b4
d3lwuq7vxu	98d67c7fca26
d3metvz7n2	4a6c3834f44e
d3myszmo25	939c06e1ad41
d3q6aiapy6	0b3d8eef1264
d3zg09849i	a6d475adc3be
d3zgfltck2	9845013eb68b
d410yxq3n9	145fc67e0351
d41e1hl52a	b1fe8cb16015
d4232a8zuy	b8f033fafdc9
d42cxte2rv	36c3e2d550c7
d4540k5p01	f438b8282589
d46h37uzq7	82ee479363a7
d46qzgrbuu	409aee5b6778
d476ccux8e	a40ff295395f
d47cq6dtep	19656527932c
d48sq6ows7	ff4b80d4b980
d48uo1mt5c	a83b08485b55
d4fdnsjkpw	91b9033d536c
d4frt542ga	515a83eccdb9
d4m8blmlgv	01dbf32cb394
d4mqha53m3	f40bde805eab
d4x8ar9zlp	e1ed2978ae65
d4xcrnafv2	d99973e7a45a
d4ylo147fb	c519c0e727d1
d4yz69i4un	c181ea7b9305
d52mdzyrsv	1821b525b640
d5ba235kuj	e02b7fa73ead
d5c1o0fk7b	1713564ac5cb
d5ishidobx	d404800faab0
d5obfhhqmz	a3279ee51ef1
d62l6vh1ua	8792dbe9c31f
d636s4dq1z	da457c627b53
d6502cpdtq	20b0c1440e76
d667625gcy	173aa446e1c2
d695smyk4g	43c60d7046da
d6f7szq6wo	ae266e1df971
d6plhkz1ti	e4c7a80bc9bc
d6qnvnprd3	730732609608
d6ri4i8eoq	9e29144f8258
d6zasneluz	19418402b9d7
d73mubwbbi	f1df17299270
d77o3jadd8	84160974dbea
d7cbnn9ttk	2735b780b6bb
d7ibxn51d2	396e7743ef3d
d7mohncs5q	08772ff0abd7
d7sk4htwol	141fb4959867
d7u5hg5rmi	2c12c6357d2b
d7vovkht3m	f3d2774ca8d3
d8of1ra9r4	e6f8db9d52a4
d8pseamm7o	7e93ab4b2a4b
d8qozw8anw	965d936cfa19
d8skdktcrh	f51fa2a3a822
d92e1zg1pk	6905497fb62f
d99autpxus	8233754e9d06
d9ejr0mb9h	6e74d647a0be
d9woj0xwp2	bdcebd2a9bc8
da4jp11yfz	b153cfede851
da4vho83rj	d20a4fc2a95a
da65vaxy40	dadffbdb1c98
da7or6s5we	21df8c39d1f8
da9pbmbnyr	3830b5ce09fa
daasicrbvn	70b71fa4a49e
dabxaekprr	4be83a9c7eca
dac1b7kpje	91ecc430bf65
daelh5zlgq	01bb7ecd9558
dal37irwpe	da5d25f3bfa9
danl6cqyyc	9135a975f159
dasxyqt8v3	04f25894a6e7
db0rozx27u	b50127cd163b
db1fy1aia5	3a8a539cf7ad
db5179hdl5	33501b0afe4e
dbsouuzefv	7fef42e0d3a9
dbuvuvnud4	bf5aa4ac3894
dbzap10gqz	efcf4a16f678
dc2ib6xofj	d1275396dd4d
dc9vqln1rp	6049f0d2acb5
dcdjbjnsr8	3551714cd97d
dcf66g9tr5	9de02773282a
dck447xnnx	e4aa7c82d97b
dcsmqca75y	d5930598738b
dcvse9fifl	91178dfc06dc
dcw59bopxu	d21553d0e44c
dcyz52oxlp	749d7e38b484
dd322jg7js	2dc75cad3d5c
dd3xnyop3a	fc2991a45071
dd5qjlopcv	40d3a57f21bc
dd7sfmvpzz	0ff3ff7ce7c7
dd7xjo6s19	8514cbcb9fd3
ddcw6h0ogs	9957023b5874
ddd6yxvup1	ce3bb167d969
dde8zxsdqg	23cb24ad2d45
ddtwy2x5oa	5e0bbca9346d
ddyx2lhfkw	171b6f73d079
dej8s0uh58	e7eca3ae1f98
dejn3t0nsp	2dfd277445df
demmtw9d9q	ecda65f17341
deqzrcoujq	a10189bd9060
desq7l5d5b	44b6f9af9973
dewtwmntqa	a2f132947207
df57ruhy14	c1ffabf2f918
dfduwtr1vm	4fa8395c3f98
dffe6syokz	95eada4a26ea
dfqjee5r05	a351b02b39d9
dfu66a1t3v	360fb0d91abb
dfv9eptzxe	fd2557b1ca85
dfz6zv6s87	933392c8d3b6
dfzja4aijx	fe265d8deef3
dg31igy7k7	e1d267d987ee
dga7epd9zk	624817c084bf
dgb33dviv7	3a74794a2c88
dgbuhv0pcc	750e093cb4f7
dgdzvl3vf5	a202e40d9c33
dgn6g8nqvr	4f7616907615
dgrswwzpr8	f9f2a3c61aed
dgvgizmyke	1a4eee9bcf87
dgx6guartf	1617d8315fa2
dgz4qe41oc	270fbcdb90eb
dh2s14spoy	4bb28a9594c7
dh6l7rorzm	e18c92e9271b
dhac4715d0	b26534fe1397
dhcqt2750p	87f3b0094555
dhfo34itz8	c1267de1fc21
dhgykeivhv	df0f130814e1
dhkkycw598	4ff0b2af5ada
dhle4jgqb	6c47e95323be
dhogengxrp	59f7146b406e
dhouuyohcg	0cf33b2b817f
dhqxrfkgmm	cb84afac2cb2
dhyx227ex2	ef242668a0bc
di10g55zni	885e4759f024
di1adwjhg2	77e9b1b2bf70
di4azrm59i	82a43ff1efeb
dihfwhzk5p	baa972145c18
dijouyqflo	699100f8340c
dikdbqgu5f	959ef303a2de
dirf86b6c9	25ab8b831423
diwno60z3l	a7e09bf3761a
diwuw2a8rb	1950f2a6e575
dixl4mmop1	98d6d8f1fe54
dizlzwxzni	53d9488f8261
dj1eurxadj	1bc0488ef2a4
dj2l4587vl	6625b1331ded
djdc2d6jtt	4718fd2e32f5
djec7vu6yy	efef1efa9391
djqi8plmj5	2e43e41aa547
djsl5k6hlm	4f96ae2d9f5e
djvk536rwd	d09823f1f794
djzh86krwo	1436742f35b4
dk0cpxckk8	6d6ac30b2f57
dkxigv2kvj	6bc2c226e131
dl1ko86gyb	a44878e88011
dlh4xng6i9	d5184cd7b60a
dlqv55ioj5	f1813f98e662
dm1i6ph3wb	d6cfbfc7bda8
dm1nl3x0kb	e8f23ac7054b
dm2gbyb5vk	dd47d72c9b36
dm8qi5kzzz	bd02ad1ce8e0
dm9vquesv	ce513f277aa4
dmbtfa84ls	a48bca0e79a2
dmfl2f4ma1	c00ce4884889
dmh73yapum	c25f04a03562
dmk050me4o	6511c2cce29d
dmlbk9ydke	8fa11754a45a
dmmmyqlifg	effdad8262a9
dn01qy7n8f	bbb2baa430b0
dn897cnij4	7f436bf3bc86
dn8fouqpp7	bdbb3d7be462
dne2lrs7ya	11ea3c5b89ca
dnmqww0fuv	1567b16f355e
dnrj9k0kqo	c3dba016c900
dnrjfmwtb2	66c59e987165
dnuial68xh	5d3f822daf1b
dnwdreo6vr	22b5dccb8c7d
dnzpwu7ji9	6ce292a15899
do8k6z4gzt	eb685084d2cf
dobc8o4l51	217d9cfb8869
dogl2yy9ys	2091fb1183fa
dopppqamc0	c36c810fc819
doq5ewiaxe	9d48981442f3
doqyarj551	e6fb9f36087d
doyo6dn4nw	fba0fff7d86d
dp2lixdn5d	7adb1f00dffe
dp3oh4jzml	2156e783687c
dpairqbn2w	53a18e8ed293
dpezw6rruj	04db180042ac
dpg1jlwhaz	436b34a844c3
dpkccsfoil	3c40b780e05c
dpkkb2ggxu	c98b45cfbb6b
dpmta7gy99	af30fcc0e580
dpmz3jcq95	afd53f238ab2
dpqtk8zyw4	b223e2866226
dpxi8kml9c	6064abe84c26
dq2gl4tgb8	056e28a892bd
dq49ngh8dx	60db87efd1cb
dq5qhtlzpa	c8e7ad9b4678
dqbq1iph4j	0ee07030aeef
dqf026uyxb	2bc34379321c
dqygu3c3p1	ea2ba3b1c720
dr0tnm07nd	b79aa19637b8
dr1um35acx	a48265fdcb33
dr9ere0bri	16bbf04790d5
dr9gjvoj3g	024df95e529d
drgagpyifw	76bffe7f4ecc
drqprp20hp	2a79419e1ea2
drz9llj1fi	56cb774f3239
ds6wyvm1k8	e617a6a8158e
dsacixc9wm	2d9d8cfb940d
dsnmbwsa29	0605809cef02
dsx7polj4c	34806d9e0f72
dszhutkqt2	0b5e47e277e6
dt5mib4imj	4c69c6c80f08
dtcpmuaetq	e49a0bc675c8
dthtc0l4pj	78816da083ec
dtij6z416f	18f078bf6fd5
dtxiybnu1t	a920e1df73a1
dtytph0lol	85c0da258668
duj10tyhiw	2f578260db6b
duntbqto84	3c0817256d66
duorsxzvt3	ce65c7e6e6fe
duzksfqfxr	880b10356b32
dv6yaujxtm	402cfab1764f
dv75n421fp	0bd41dff8ae2
dv85kro60q	d15474c1687b
dvbbqhqsr9	0cf32f40075c
dvbjbwuse5	d900ecf84bf0
dvioa6ub1s	be9b0cc38fac
dvm0l70z4j	47609090da68
dvw6m2tilv	5625588e7742
dw2m8yak3j	49b5b31a8edc
dw7mkcsn1d	f7b5dc5b8931
dwj65wjxeo	570f554f45be
dwlqf6odgd	a603b59f2380
dwn945iov0	5e6d28861fc4
dwobx5venk	509a7260b935
dwtbrd5d4i	ef688bda9522
dwy85yvdst	5b455d84adf1
dx3miqwz4a	4fbe9dcb8993
dx5amyv5e4	3083cf9e6394
dx9ikm547s	33743a3f69f2
dxc0nwsjjv	3b6733ce58e4
dxm1hvrg90	85b67e5fe3f2
dxoa0jm1st	3da2e15bfbd5
dxq6mipkpv	98cf6744c476
dxs9x38om0	eb2c979a7278
dxu075281k	51b149a2f538
dxuuexf489	4c04eeb27a7d
dxvhlbwtea	f75172612a55
dy1u94zrrz	56fc58635220
dy95xk2ia9	eaac7fe70a7c
dygf1f6ytc	898c19bff0c2
dyj1ya47p3	aad7d4cd6f35
dyjcsrqvu1	208b9c1cd597
dykit3emtu	2d8fca8237e8
dykoeiy6tv	0dfaa91de118
dytt9fga0x	dcf949586a35
dz5qh3xle1	f3e157568d4a
dzbcc4z9em	8a2617efbdca
dzbtpzg0iz	54a307210e53
dzggsegra	2c059d0380ed
dzkyrkvlqx	5878895a9bf2
dzm3zohck2	1ebede3d1d3e
dzp22go71o	d367774787e1
dzwnj1r0oh	5e7d50b4e025
dzy4hfuu51	76bf74da654e
e02nt2e3tg	8334d4975be9
e0jzem0uz5	ac1cd341d76a
e0u7aykqu7	998aa28f1d4f
e11qj7v52j	170d5aa72e85
e12c5rypdc	d0b9e02bbf25
e14ym9xh44	d9ccb06dcf59
e1b5on54tr	21348510e1ec
e1f1s93n8b	69a8cbe7fb3a
e1hbevjnzd	cffdbb7f4d37
e1sgngusr7	ebac0a5715e7
e24m08yk35	b4b1aac0024a
e2798n7moc	27d29363dabd
e28fy692fk	b55ddf597b30
e29vu7g7l1	8c411954fe1b
e2bojz1imo	a5f0b1998647
e2d35y006j	cad2bf2b3f10
e2j1nwihft	79291dad8466
e2rxawu4f1	7a44b9d84fa9
e33jbgk2zp	0c985085268f
e33kygew7e	622f32283d0a
e3bxypy1gx	195cdc0c2d6e
e3jdxq2yve	3a6de2290c29
e3knl4gysm	520fec44747c
e3pd9nqtuc	c9f7d84f28d4
e3r3ma9x4p	8e46e23d53ec
e3t0z2ftk2	b3240c7b71ff
e3u0zi8tfy	2a2382977bda
e45y0e7qz9	cef0d79d88c7
e498lws2sq	afa58781beec
e4d51tmkcb	3f0a2e97ec80
e4fdsg56oh	e406fcff6b71
e4igqc2m7m	584fb8f58529
e4s11gpf9b	ba54139179e3
e4tateef0l	794415a4b0e2
e528gvyg2a	01fb38ffc2c5
e59ww9cyg5	8531b54abbd3
e5k0dktehp	f1be6ece113e
e5q3yj1ka8	44f197ce258e
e5x7lpt9h6	1036cb9f9b6a
e614awcxjg	91e66c74d357
e6bs7ygcib	1550fccd7cbf
e6h0o3ak1g	3c632a663738
e6y6d9bc7n	0c12428f9089
e72wtixv42	0b4a03b5f1ab
e7fob1ys1w	7c5ba1fb89e3
e7nkeprc2b	bc3449350952
e7nzk56yr7	d5e8fcc218de
e7o6hj0h4h	3bc1a4a972ce
e7o96xlr5g	6027d6714bab
e7q4wec4kj	43a8a4a9b6a1
e7uvh25xlz	ea35ebab109f
e808gfqozv	fe797fdc94bb
e82jizepnu	d41f3418d89f
e85cqtzasj	50f8e968df2a
e86vq8ijkc	f436270bc338
e8au1nkvo8	4fe86635666d
e8oj1y8nti	dc5944f0161a
e8sm31sygw	ee42d0434468
e8xq4yrzj0	7846fe7fc034
e8yi0rws18	171f5117cc7d
e92hovegdd	c871e10b265e
e9ht4lexfr	f6ad644a237e
e9ih23g9e4	cefa80795a35
e9iu493mgw	993c3575224c
e9n9p44twh	1cb739b1d4f6
e9o5c54kpg	c55fdec28346
ea2qgyue69	3a636c038853
ea5oc3pge3	f5ef8920a29e
ea8xwdebig	4c3d64356e7f
ea9r55b0fi	ba2e84314b32
eam39jh4ph	58516bb28bca
eam9tbtqme	0ae705953ffb
earz956ui0	3cabacfb215e
eaudd7zps9	a3c587050fc5
eawjjyg0sw	91a616196899
eb7n6ab6q9	d66084389835
eb7rid0aov	0681af07e765
ebclf8hdtu	a48152ab3903
ebghxbalvo	92603d742766
ebgoacc0pv	0dcf624c9c42
eblbntyo84	b63632f98b49
ebmbar7fvn	faf4f157fbf1
ebn68b1jj5	9c2416eedebd
ebpnic03e7	921b5c50890e
ebrrbddo7p	8d8a22d892c2
ebt7mme2a8	0b13e33a9ed8
ebuxpugkpn	904b50578610
ebvzwd3qaw	1cf1cfe0bd38
ebx6u4690	709de09f3ed0
ec29vhwuo1	ab0dca3a354a
ecbxnpby0g	018ebb02a246
ecjc9a1i94	4bc94fb90e24
ecjij9k9j4	8573d791880a
ecjkp9cdnn	cb6b6246676a
ecjw0r9jd2	209fbac9cdd8
ecol0g6bx1	3c4842ee1dd8
ecozodwrca	ccd5884432a1
ecqvtw8u49	40f48a148fa6
ecscgd2an8	30ef454d965f
ecvm4b4whp	be55296c18f8
ecxvg6qsmm	bd444500e355
ed3caq22a8	4a8d6aab2072
ed3d6g9rml	c2f8b6251554
ed6ln662wc	4d9133584a1b
ed9eb6hrm1	fd71b22914c9
eday6eygwn	dfda114fecb9
edfm36zfns	b527f7881af6
edl1zb2c3c	5df32a1134a3
edo0cllj9x	851c9ca792e6
edpfbxluwj	677db242e509
edrtzb08p9	41431a483a16
edthyd4lhl	ab08a8d0b493
edv3htgx5n	9eb3c0416471
edxjw5la20	b851d6a0342b
ee0bnso38c	6a0bf3263934
ee9cawzdf	80ddad2b9de2
eeacdmcev5	512f0f22e1c3
eealtxuut2	f5d499ce32e8
eeirmewepz	7ae9436d9c61
eem8kz3fo6	336a1d65c9bb
eeouurlzqh	e1c77aea19d6
eewgvo288y	8b7246b5cd0f
ef18xeihqy	2c5c445515c3
ef4yab10nx	08658ab9a24e
ef5vk6wieh	bee53f16674d
ef6ysqu2ir	fb1fd4d4ce0b
ef7xuh3h5a	c93c7dcde653
efaklzxc1t	552444d58806
efbmwsgrbi	82b448043954
efg0rz4q0c	6cb06f401e95
efskvznrah	de5f57fb40fe
efsm39oeb2	83922f777db0
eft5vefnz1	1f3f371904e1
eg55apkkrb	508222f49ed3
egd60l637	7689dba4ee0b
egk51raind	20e4aae2249a
egpwrn3m32	4cecace5f78b
egq3srz6fd	d8580d4211f9
egr36sgwko	8bbf4c2c7a26
eh0c9o65gj	458f32ac8cea
eh8mb9v7eb	847fc85c2891
eh927ioc04	4218abecb0af
ehc68o2y1n	301c7b898af6
ehmbjz626r	a6b047da62bf
ehplyt0zuk	5ad2a69a97fb
ehxjo5v3c3	a7984afcef1e
ei5hzh8r69	05827a05e823
ei8q2sjozr	b66e3e427cbf
eicowpfxf0	b1227af8d2d2
eigxweceg6	c40885bf4227
eimsrbmw42	ea06d22dde15
eiuruxfowd	3459b641d7e8
eix3x5umgc	564f078fc155
eix91m72dn	0ee490d9a5e4
ej0oorgkpj	2f784b080616
ej5fcsj6un	ba2bb8dab14c
ej5jpgfu7i	28f118d8afc1
ej6diq16of	c30e077c3986
ej845wfzy1	9a686d39c811
ejbo7d2c1z	d6493eb39d1e
ejcn0aykxp	db7999264325
ejdsznjdjk	20bbb6211758
ejeaf08bxf	9f8ed2194474
ejhrc60fjo	82dedb27e324
ejj6n0xtdn	ba8d704399fe
ejjttpe812	3905e4bbc60c
ejkgmvxkb	6156654cdce2
ejmg5b3kg4	bfc83c84eb41
ejtrta0oy3	7de79c660389
ekgq84l5m7	314dff62793d
ekmsvpzqi7	726ffa65425b
eknxudoplr	040a922ab923
ekr2x1pp6j	349674e14079
ektpw9jdvu	bc3e1d291dc9
ekyxhfcyfx	c6e694e0bb58
el3g0awg35	8af87f8f1f58
el5uwb766f	2a927a3ff498
el9rrxpccp	c5fe61189237
elb4h49if1	6ef6b7dfca4f
eleawqdeio	c3a3bda0a426
elj9uvzs1	5300b55e6536
elkludk6le	b50ccdb90cb8
elpintqz7z	8534a0e9dfbe
elpyebnci6	88244432a584
elrlphzmgg	e5fcab4c61e2
elv7v83bwr	e6974e635d75
elzzynks7o	a575defc04e1
em2vtdkc6w	8b71b4b71f01
em94gr9k8	b14a3a634167
em9hoterj7	7a488d19c2b6
emcxdfzzjj	bbfaf708e623
emfe2h6hrz	7699cc7f3a92
emhgni9yrs	aaf344bf26a3
emjjb3gu3i	63bbbe26d0af
emo9rp4h07	d0b3c7d12d87
emwil6pisv	50bcecf90645
emx4x1ntt4	ac18418616a0
en51h8f9as	ec7d5a7b2b84
en6iy2n0xj	bfede28645c0
en6opgq1of	f697f3d00780
en7iu8yjk9	2497a4b9b5ca
enw890oien	1394ddd630e0
eoa56gu0lp	5fa4df569e76
eoa8oieh9	d4f74ecd3f45
eoevbzcqq5	5bed58a55bc7
eojnmten33	d7e7ad0942d6
eomr3sa2h0	8d9dbee8d976
eoomvqzonk	896ade46544a
eoooo3c8u2	c80fd84509c8
eoowycdhl2	c7a38a6361fe
eoyo1p970f	1895d7069f8f
ep04i8e7d8	32be93c922ca
ep055mxzxo	a8586e788529
epe26b2ziq	353d4ee67ab4
epkz7vkilo	40765dca1349
epnjc91fva	4c7d18fcc2e0
epum3wzj5m	1ab8dd07b923
eq0js30bq2	13b0d2ccd3bd
eq1qket9p0	f26eb5a42dd8
eq1zdedizz	f824a5b1bbfe
eq3w4ml27e	193398811b7a
eq5tcqb3nh	94531ed3537e
eq9scztmru	75f9bfa69ef2
eqgo8la1pm	a8e36fa8341a
eqjg37u4ob	8d9739417c55
eqjv4cozo8	97fa919ed0e9
eqpa8qp2gb	4480dc8ac85b
eqpodw1193	2a0e9a6a8896
er0sl254wo	e97a425c1fea
er7zg8ai6o	06af5d2861b3
ergb2vk20t	7415a3f52295
err9k44tc5	8bdea196bbcc
ersn1yrg6	11b1292605e5
eryf9sswh0	732be8440920
esdhanx565	2385dc4276ad
esejpk4hzn	a8f15fbbed0b
esen5wj5zd	9eab8d48454f
esh3v90qa9	64c1723e0361
esi6kmezqj	977068aefcbf
espoil5k8z	3a40132b2cc2
esqg35y4bk	3beb1a01a8e0
esrfwargw9	e1ca527fdf20
esxug86vz	a98c6be8761c
eszkqja3n4	b94589c09e4b
et0ns0dvgf	460f066b5a6a
et3t5fjk9m	26b60365731e
et79yuqx8v	106943ace55b
et8ux320j4	6e8aa462d8ac
etjm23o1az	0bf064402283
etk6fecbyn	d0f4e980fd11
etkmy1qafo	e810b84a76ac
etqna25z2s	c15d8146a361
ettbjb9mk7	9b2e3646f5b9
etw5hj6pg1	68dda73cf1ce
etw6xyhwa6	572775da9590
eu3xbvuhbn	682e1aaa5e31
eu6k0az4qu	dd53e3d3e66e
eu7hdurab6	4ca0aeded0ad
eu9kuqcbjp	4fdfca0a8e7f
eugynzzsv	80e36da52b3b
eunglffzua	c7bfe64798b6
eutqmd3rui	90107696cf60
ev3vc0c4fd	38e9e82e917d
evbuup1snb	331ab3d92f93
evi51s43bs	8d0fb46e6036
evnfkpcnh5	a79503946e2e
evx9cefkpf	a173ce2d347a
ewfinids9o	2780a312dbdc
ewia4rdrzy	1176781f01bc
ewnv875o9q	83cfad789db0
ews1ysodqu	23954a5e70e3
ewt0uh7e9v	caa6e7214fdb
ewt335by6r	b36073928b4b
ex29uzdvyj	d349e047495f
ex7gtrcy38	6534f52cbfc8
exg5kpdbp9	e965b7316bbe
exjs3u8gne	4fed80ebf803
exltzuzqqk	6c13d6173dca
exmhbnv7lu	af0f3fc6a115
exo522q6u5	aad9ca196137
exrqp9m2xt	4a9945f76695
exzy9lenzk	fb267e4f1931
ey4v45ndzn	3df11f32d4b2
ey9fl3uias	34d9e98a7d4b
ey9v8b2qnb	4d8601e6888a
eyd601twz5	570d4affbf8c
eyho9oduj1	ef7a65051a83
eytjmjkczk	4f87d73f5eb3
eyuixhfwve	db2bd923be8e
eyz4lw6axp	ee78174f7e24
eyztxdqm7j	0816d034dd99
ez4edxertp	e321fba2f400
ezjp4bpulb	0e2564fab506
eznypc35gs	7509728be4ab
ezoduw2jqf	3933e87494f1
ezvdzqcvtn	a8c00d412abc
f0gfth06yo	b26284a73d43
f0j16y2plr	78801f9ba2ef
f0jy92laun	9fe4112b376c
f0lkkl7bgy	6df5a7be75de
f0nqdrkic5	01b584fc9007
f0p1h5x9kp	112f02c85314
f16yg56li1	5f54a75eacf4
f1g3h0eimr	b492feea6b61
f1j871ifs9	7862c327d674
f1pbfn0nbt	9441c2fcba85
f1r2pbns2p	25deffe317dd
f1usg1lmdc	cadef541428a
f1uvigr00v	232caf13fc07
f205a2tp8l	4a478b293de6
f226jm6pqh	db84b782b295
f2klmk6qcl	86568352834b
f2n8dxz1j1	e8d62b9300c8
f2u9wjxaqp	017208bc1ead
f39zdclxr	afe97cf36779
f3hhic7otm	8887c66799be
f3jo36ilxg	1432d204c471
f3kwgrxjnc	c6fdee1c288b
f3odagxq71	007e07c11bac
f3s7l82e9z	8bce880ee755
f3t0ufaxtj	98a50249bfe5
f3vnm3etwa	10fae3f1ec8e
f43w9zkmd	5200acc68ad0
f449o5t2n2	7909b7a9257a
f44zmk7xex	99579cb5519f
f45gmht2i8	c67dbf4c3d67
f4iniqvayi	e5b22408d676
f4jrjxqrjv	eb6db48a2d4d
f4qpn2t0et	2212042136bc
f4svu701sp	5a080b6f6a8a
f54j30qzbd	b0a715723dc6
f58wfqdyak	40189014e0d6
f5pfzn2f53	d445881a2180
f664io4rr5	754f53763f1c
f6bmrk1bvb	a2f4e7b14639
f6ejw02gcd	034cbabc9f9f
f6if9uy8yb	7360554dece9
f6jye3wa3x	9f9d4d55bb01
f70z0piqqd	211c2e28040a
f73nyu87ek	1a2930989370
f75i980oyf	c97ea4a6723d
f7b353uf5g	1cf6fcc55ff7
f7cj7dgdcx	a2aeb0026dc5
f7tk926or6	ac5315ab811c
f7ty3v0lbd	36aa2ae0c2c1
f80u2s3gvd	85942f97c0f8
f8dhjmidjn	a478230a69da
f8inzf2qzq	16815d9069a9
f8kr7kkm2m	8e6343d945a9
f8lyq5e9rj	d4747f8fe00e
f99u8sc3fy	5f05453a591a
f9akqyev3g	bb9e18d4672e
f9bhjtrxpj	ce32a91965d4
f9giif3vqd	2c67f8dfb40c
f9ken63zgc	118da19c04d6
f9kjg0nodc	1ae631561771
f9nd42ah79	8104106d6266
f9v0sdbs3y	8c0f757e6077
f9wjv8i9d3	6d758ad0810f
faa3sbkt88	7ba5f42f71ca
faebnjfn03	253dee22b5fe
fafuk5mdoy	6380ebf005c3
fau6xf880a	a4436b92ca98
fb4jr0i0ts	bfe42be323e3
fb7jwo7d3n	33df822409e3
fbaldf1iwp	b2f60db5dc44
fbi4p47sn3	5710c96daa76
fbvrcyhk70	bff3567da6ff
fbw4kl6q2h	06f1a47d22a4
fc47nlxacn	acceb73c3aca
fco1nf7a7q	75fc9d3959a0
fcpk0gw4cb	6ca6ef2c2a80
fct6llp2nr	2354c994c7d2
fcw0y91ea2	328c465b2a4f
fcwn6okb1k	971bbcf40ca0
fd7e5c71qv	3c267f78758b
fdb1evhv4n	8d4d6b1c7caf
fdm03jzm4b	8f2e15a52bf5
fdnq0jctgv	96267fc21b90
fdsuo92jmi	cc129979cac2
fe193oq47n	78121f83c75f
fe4la4b1uz	0cdd4a481fe2
fe4si2vxzg	5864413eb3f9
fe7gm2c6zr	570c62aa3d45
fef4dcm2eh	ee900fece033
fefvlra499	df2bb83823e3
feujbzip52	973fc57fc4bb
ff2i3g1260	11e78e7d58b8
ff5e0hgkhj	9588468a5a33
ffbenr7452	a22deb518b6c
ffdbg7vbsx	295d4dd57a6f
ffk8glho5e	825865ca4e89
ffl6p00ycu	9efa4b90ca6c
ffmzzs8dd9	b6752d788a06
ffq6azv6j3	0f7c8b6b1f4d
ffupsccgtm	3582d3662d61
ffvfr2ubio	63582d31b62d
ffwlbhy7uu	0246fc05d50f
ffxv7ie6rn	b6a73ce99573
fg0w2qfbiv	087e493afafe
fg2rh1dfb2	d0e3c9878be6
fg3a2b9yof	dd9afdf9ce1a
fgby0qahnu	a80e4839bece
fgf16byc41	9021bdea7cf2
fgfgsttlsv	7a3709b4da7f
fggi30er6t	534025e783e1
fgm1mhu7zy	d072c3c379bd
fgmen8apo6	cd21da2b5918
fgp9dt8x65	cc141b7b8dbe
fh2y63q96a	e4c1f34f8df2
fh3pmp1uw6	4263842c900f
fhcrll7k8h	c1358884f285
fhdx2t9d1t	0054f22e3e34
fhhqffugqy	50ff6a4f0f14
fhj0gm7gne	c335e41f4b7e
fhpvo879zm	6d8e51c74b25
fhwd76os48	ac59769b4074
fhxwic6ah7	e0ab98893a0c
fhym2h84nc	a0b71fca9a74
fi1n2x97bx	833ca9cbc99e
fi3zg9o0v5	d5fbddd00c14
fi5vo71lwd	1011ffdf94c0
fi660zrmey	6c63837e175c
fidczqo6m	46c17e19804b
fie9nroaw4	1322bb97e17e
figjmowsa6	d31546571e7f
fijmbws313	56e67a0e1bc4
fin40u5a97	cddbc33ea732
finpd6hr4j	d52faa697960
fiprkgkwoh	4730b10b3346
fiuvupp23w	cece862cbff1
fj0o2fvfnt	e445bdc622b2
fj1899opzi	b8021cc6bdf5
fjcx2iolu0	c20016685579
fjf5gccyoo	819de7fddd59
fjjx2s6vy9	4f6d34040f27
fjn2oj15jg	b4632cfbacca
fk2owlfzj5	d6358227479c
fk4zd3i3hj	a13ddbc14eaa
fk5263nfk8	6aecf33bd403
fk98unuwl	0cd5d289d58d
fkah2eyuzp	f7d01159eafa
fkcvjmwv29	64f15f2c574a
fkjyxjd4f5	267216b35723
fkpiefqan7	b0d4b7559307
fkri4y420g	e8e70e9a4371
fkt6bvul0z	d377fccc046d
fkwrqp0idj	0136dd13da83
fl92gm0ev6	75f9f13ab8ed
fl9wrkg5a7	ea0d47c93a3c
flhk05jzqc	fab8ecc8472e
flp8d7bvzx	db612ad1d67f
fm6z3c5wl6	a77429746a87
fm9e659haa	fca5d12af4fe
fmdmsp3s68	2fafafea3f0c
fmoaitw1el	5340fde9e47b
fmq8347cyj	479baf5682d9
fmua9lxm7d	69fd418916bd
fn96k2evcx	e2d5ea233dc0
fnfuzmjim	4d1d11570e80
fnipiul3pz	8db5a0ea808f
fnvkq3c6zv	5737eb11b552
focqo8z3je	5efac85ec8b8
fof6d2cidq	7b8b0b9277ac
fojpr0n47x	9620afe16f73
fokxcoc60w	974801ce2219
folmf32hbc	e34e5365311f
fom0jru58z	acee68e54ee5
fop6p9o1wk	76442d8418b0
foqjv0e92z	5654780373ef
fouy11vhy6	423bd7ad6fc3
fp0xtmlugk	bcc5aa5891f9
fp6qey2t31	2fdba0b22771
fp8w3zyjyy	b3b74fdf63ba
fpgbgbin1x	fce18fd60ad0
fpmi611r0m	86df52799b52
fprjvttjsc	c317a180f98e
fprzt30a2n	ad9fe8ebdb54
fpsrwc29h9	5158bfbae526
fq114c7jxn	0f9064f6d234
fq2359pnox	95e38f8ffee2
fq73kpfbve	dacc7c3a2c44
fq9zxjk77x	d10759a103d9
fqhgfhqctn	7013980a6b6e
fqk8acu5zg	d11d7aaba443
fqpsd4h8pj	5a93ff0e924a
fqsae22kae	687efd3d083f
fr4952kplv	df7fc64a5ee3
fr6xju3j9e	46f2e5ed74dd
fr70msileg	c6824f2728ea
fr75ybbvna	b76a316c8ed9
fr882fi7bk	c28c22f5d885
fr969qy797	0a7131e452ce
fr98b9ut7j	a994c86c0a71
frkhbnlwcj	085fc0b05c3c
frkuoxdqv2	b4143924c17a
frn8xn3l79	5a161661c62a
frnh85kcrq	0786ec487ad8
frnvt13biu	7b0cafbe17d9
frusj6o524	dd5daeabd122
frvyde43hr	47ca36247a7f
fsz2wvejdd	c12801a51d74
ft7afxoh03	ee86a8f7b417
ftb5l2khy1	34ecc566b499
ftezi9mrdo	f7d5de80bf1d
ftgzzaxyl8	ed012189e1d8
fth1xip8h	4dd4db8e3528
ftho6nx7yp	d43f1adc23f3
ftmtiivxir	110515b13e40
ftnzxkgt9x	065c4d0cd855
fto655s13g	f766337c4ede
fttnvzzzgi	a79063485c0b
ftv5t1fowv	0287e41b5538
fu1ly2p09o	caff3f21ffc1
fu2pwpeenq	580a016ebd17
fu3cippgwj	864be328c60d
fu9n3gjomh	d5717535a9b6
fuc0p9818r	66edfeb42f10
fug4z5nwwy	e55c1612253a
fun5rkscas	bd62893b5b59
fv8g6yw9qo	7a4cb4efc1b5
fvbcplzhyx	f34b12193b88
fvc2vr0oqr	c90abc64c593
fvnsq5hpfd	74d7eef5fb8c
fvnubeypxz	edc9ab11c974
fvr7b7lnch	6165aa16ed76
fvv0oqtk8y	d0f47350c862
fvwil7iz9f	3abd5cd73df9
fw5b2ud79j	15ceead1dcef
fw73ccszd4	45ff80945c22
fwbaeo15by	14d8d593d148
fwd7wtfbrt	02175a724d1b
fwfxa0zi85	d09498186827
fwin1hoiil	546cdd1ef7d0
fwk12b6ox9	970d5d1797bb
fwugvoz587	88fe29c52a64
fwwqyjpmma	6f5851b1b638
fwzeup7ht0	564acf6a86cc
fx8d5kebx8	2b4b9e6296bb
fx9g48q3ud	71bf38ddfc88
fxhi6pca2g	41793f78ccd7
fxk81krhqf	3d4019a82802
fxkycgw97o	08b9349609ff
fxnh1xbcz6	82954ab8fff6
fxpazfbmrf	4e3dc1777410
fxspq2zgx5	fd11dc68a93c
fxt2b42a19	4cfff453d527
fxt98vdqd	9fc2f86863b3
fxvs4oj9gh	d21baf6e5255
fy6dgtq8em	cb647f6d49e0
fy8yrivj83	73909b3df037
fymlj7kztu	69b0cef82a62
fyvvur5jnd	32810f30ef2e
fywb4ctauf	c3bcb4e76a1d
fywqlbm9e6	8080da3bdca6
fyxfhhkvm7	8c4a6c78895b
fyxvtovlec	b97bd26f84bc
fyymj0n5re	f3187f6e1392
fzj4td1mf3	a05b8150cf02
fzrbpsn5eg	2f591e8e9c1e
fzs8n967	2de6f6145dd0
fzvocte3ir	5b45d5ac840d
fzz96lf8ng	f44ba157daea
g00yj3usvj	d95cbfd23a74
g06m73qqy	ee268b6b89e4
g097sv8x2u	3732f298503d
g0a76lwy0a	5535c482b0cc
g0ac8kbtf8	53dd83df5c5b
g0jkutgwb7	5ad6963f2a20
g0vizauw72	6e92c569d1ef
g187b0rnv	f0996107bcf7
g1bvnky4m0	01d82c34d560
g1eb21xpq9	84c978efe4e2
g1fbnfdsey	4b3ababc39fd
g1h6kys5sh	1d5dee6f9382
g1j4td0bby	a58c9f7f0f19
g1lr2qgbx8	8cb0404aef72
g1ocelqrq2	817e95204fbe
g1rt1ctbpv	6c68666a130e
g1wv52514d	ff1423972a27
g1xxkwny82	af0e952c5b04
g1xzfhrs50	2df330fe2404
g1yzalh9ks	1c1a2445e801
g1zooiu6fq	381c89a3b6f6
g20xlik5b3	bb25d6519b62
g22go61jqw	edccd93168d5
g2lihxt87d	3b61d5806b4a
g2m6fjgui5	9e3359d120ee
g2r4b3wch8	3eddc7156824
g2sa04g09z	c87415211553
g2xwhgnwzy	8ec9a662f473
g33qgrhc2x	1d8005d5f1f2
g3eds8ta5e	d3593f2019f5
g3eikx0bur	4e294d441c9e
g3ikaa08jc	96145c37ab8a
g3m07ucdbp	f2e64b8fd09a
g3pif1wbzn	cb1142fc7d9e
g3rfptu8b2	2ac9ba60f13a
g3xgxrgjke	428bb0c943a1
g3ynpazrfw	2534034b18b9
g4260ftwou	8a9390a3a0db
g42kg87l1v	ab834c0a661c
g45zmyye57	162a4fa38b1c
g4avgdotgc	1a37915f073e
g4brvrhhwi	1025a48bde4b
g4i1nbc15x	424287c27125
g4lp5r408s	5bedb38d1712
g4mdkdxxij	299405c8ef9a
g4nsd0b843	0620a53e5de2
g4p8xttdfd	b25815ad8b45
g4wmszuhn0	dd4562dff043
g4wrkw97tx	58488286b528
g4zuj7xfv0	6f9eba50f0b6
g55tzt5uay	4452da6a5daa
g56ag9csh9	4c70935fb663
g5d6gasefz	02d0e962f29f
g5jwzq1wxe	f9dc59bb1849
g5kddfdu14	21ab6b33279c
g5nxxh98zt	63dd44466449
g5s9ks2uh3	d9633e8525f0
g5vhqo1iu8	5769a29edf97
g5z1lp1tc6	fc1d1a410ba5
g63w1ckc2t	74c9fe569670
g650mwd7mu	571e882e0dc8
g6bkkdpq7l	fd0ae212869c
g6jdfmf22e	0c8f32b95b14
g6klelxqwh	b34baca74c2f
g6o6y6ffih	67b619422f89
g6o7hzuj2k	5e8f38279b15
g70s7vgh2d	4056e0c68bfc
g72mm5ric7	b9ceec3b944c
g73t3m7pc9	ae71064490ec
g7437jm1eu	00914f0dd6dd
g74iivwpma	4c87b75e194f
g75rsta9xm	928ccb570a9a
g7c4c9x9yo	5adac6a0a583
g7eb9jljbc	bdf957ea1c4a
g7gs4nwtew	62042d75402f
g7hs5y8kqe	842eaf1766cd
g7nrxs4h57	bf734d0c7024
g88b4dm9d1	e22e76ba4a6d
g88jv81sc7	9b8818528910
g8av35mpbc	71e90459e376
g8ax8x7ach	f901d336e7c0
g8i3mvhzua	f893c682a19b
g8iae5rcfh	6983b1256eaa
g8navn8hid	9cfda45cf19f
g8okltar73	31a50852ad4f
g8ol1489a8	377fb053f4e2
g8pdquzwlg	787e75ca87ea
g8pgcr2kn0	4afb76c725c5
g8vif1jwww	e45d8b637ac9
g8zvup6pii	ee3a61f6c7f7
g98zwb71fu	27670f25031d
g9aqikrtb1	a70c160a4a3c
g9bhr6qr10	49df6181db5d
g9ja13j7qe	a1c7f342aeb1
g9n2gq4tfp	e6722fe1451c
g9ng9ao80	e921753757dc
g9u5cwt5ou	754416562fe9
g9v9n46bqb	a7841fb72072
g9w2ifjhrh	0459e278b248
g9xwfj58ws	1fd7b53d3835
gacrf5rn3n	eedfd5e971d9
gam0ifo7rf	b1d941560212
gb9amkcipl	0fc5a793ac67
gbbv9wrxwi	a48001d077af
gbe3qsn12k	dbda0f628f1e
gbgwol3zis	7ded43d3c382
gbksxbhf52	9e85d658e340
gbp456uen7	540b7f4e0945
gc1556l99w	56b2c188c483
gc5bhrqep4	ea19e77e278d
gc65jybked	b36678e498b2
gc8zt6073a	f2f6ba87d41e
gcemcwznix	26d9585cb015
gcesefzxya	b0331f9165e7
gchk967kqo	ac66de4cc52e
gco4a080st	2299338598a2
gcsd0grogs	655047f00a63
gd7ie5ppnv	2f378bf69ca5
gdb7rd9jhg	ba96ceffa217
gdcriyy5af	12fd08fdffac
gdjmrzc4v8	6c636d19fd5a
gdkkfnyyky	6f141fa4c1b0
gdl741j5eg	63df253c4611
gdshhj86fo	05d9d5b4ce69
gdtxouc3uf	2ad00a38b070
ge32evm5e8	e2ac1ef252ee
ge6uqbejvb	63eb54c7ae3d
geaemrzmbk	8f1567ce8ffc
geaopr4103	46809d6b3454
geb29njtxm	f408071803c7
gehyji06qc	983b1babd8c5
gepmpah5v	a0a6df7aed40
gexayumntz	18e563bf8b76
gezf0kcsf3	8bb593e5e8d2
gf3rqemll1	cdfc7b767517
gfhl2ju6pm	214f906ea28c
gflvh3mhrf	056cca967a60
gfoo5vet6t	71a044b8ccfc
gfougp16bk	ecae178d6e39
gfqeqyr6q6	816cf6e058e6
gfs638yyd8	dc3516bd68ce
gfvk4293nc	32262951910a
gg0nzu937q	3f0864e28e03
gg4btn6gqb	8c63da7f8898
ggdb0bb8xv	8fff42417f3e
ggv5rnr876	5e608759c9ce
gh0gajq4q	b671fb0ff861
gh0kh0ghun	737fe546b0e9
gh42hxr8i8	98baa4c06240
ghhl9xlzn0	de4c5a00ddce
ghnaubh1it	060e7ab537b5
ghxvll73hs	740d3adda874
ghxxmommxf	d6a4e20a98e9
giaajck8hi	5cbed29fb9cf
gie43k62h	9bd4d4890e5f
giedsv0cg5	ed1875b958bc
gifyxpu4y9	9ef03f46546f
girstbouj1	e03885dcfc24
gis9ri2rp3	0e4f377e431c
gj6pfz266p	c1e35fde49b8
gjg7b8zj7p	88d19fb6056e
gjj8i8zxmb	605612369f7e
gjnugprqtg	fb2cda25d781
gjpr76ocva	f500267d7b89
gju9qinfz7	59f83daf8513
gjv1qt7l6	23ab39f356ae
gk0aci4my4	01c3da409da0
gk61lhfkk6	0cb8501329d5
gk85vfvy1z	fb81e0f468f3
gkixtufwvr	bf01f9677d8e
gko7v3yrxk	e09f5d9a5bd7
gkp0eyc8zu	0cad3ad0033e
gkr5205xog	eb82abf85886
gkts99wad5	60612e1f8f7f
gl07gwfpda	6d16b8406857
gl0vwqu2sh	24c6430b3a92
glem4xmd8d	9d9e6518124d
glt96l54rb	49dff5358b7d
gmejvsxzxj	0d144778119a
gmw37pwbdv	3d610a1d9c3f
gn0psnhbjt	4ff7dbc3fd04
gn11s9gk84	7f5e7fe0b0b8
gn1ryvy1vs	68b4e0adb498
gn33q46qdo	c885d5e4cfb5
gn77baj7bp	abce22416ad7
gnflwetp5	002dafd24f82
gnja62djxg	2b094596f686
gnjhss2be4	4a52a72bc44f
gnl03zcnbc	67f56d498a2b
gntzompjmr	a242546362bd
gnwp3s5jxb	aef1ac752558
go0byll5w6	56dce2ce368b
goej09y2l2	284fa106d835
gofexv3pfl	521368abbe94
gomwtop7x	adb94ea98891
gp3mt2xlsm	069708010113
gp42pkzryj	1ea491e4a2c1
gp68to8nq3	8a635fbab11f
gp88rqeoij	ce4fa76999b9
gp9d7po3wu	36148f17a5cd
gpbemjxaqy	abe65a80b7f8
gpepiofx2i	2fdbc5c7f0b8
gphxs6ic8o	4a84d04450ca
gpkcihdeif	caf9b0692915
gpm04520mu	9f9ee01a15c1
gpnp3jy9r4	0902e3336cd6
gpplee6feb	be1cad1e47e8
gprj3kxqvz	c48dd7ce0651
gprpzoqn6y	f4250ec9573a
gpswqfdcsb	93b9e7f04422
gpsz8okrbk	f5545b6e1298
gq48gp5s45	c99a783e9f80
gq9002gnif	68cc3836da33
gqc5ke8k9o	5bbcdd408f26
gqcdzlqyq3	4edfac5a2c03
gqddapzvoq	da90ec38b6d8
gqdl2hwvml	774e01ba70c6
gqj37bh0gj	d7323f84ed75
gqjr532nny	ff84e0639aa4
gqv131qphj	06f1e4114d03
gr3st2vtx4	84aa66db2b0b
gr7bm2gxv2	e9e0e1b4dd90
gr8wnrzhly	9b6d1bb7dba2
greadw1bee	a064dbac7709
grkx31ield	75e4d4ef434e
grm6bu42dl	8ff79a5ae3f5
grpttqj2ak	a10aea36ea0b
grs4ibuu6a	b1e21a77b813
grwe31vz7g	4e3861434068
gs3lvo7r44	55084624bb3c
gs6zwlg3r6	a79d14f3c3ae
gsc3hv16ls	4e5260fe697f
gsgwaw1mri	b502d506de17
gsie3fc8b6	9e185c200cb8
gsmc1x2ona	4e968298db5c
gsun166n8p	1e43cf5a4e7b
gsvs87qvgy	7f7f35a14a2a
gt4kz9au7e	49f70b85c7fc
gt6cka5fwu	083cb966525b
gtcp92vihr	e53b28dd1c20
gtkoivmd9z	26b2438a8387
gtt0bgiwv8	02ed48beadbe
gttr9zhc49	fa4366ceadcb
gtz6p41om	4fed85453df3
gu3z2gozu6	6758c934a95f
gucj4is5i	cdf224f03f7c
gudm90ogyh	238649597e2f
gufhn5j5zj	9b6b85c6bd66
gulwk0p80g	8fb5ebfb568c
gumzvzjt6p	a150bce895a4
guqsf69bee	b21b0ea63b7c
guuxz7dz18	a43d8cd0ba71
guvfeojve9	3aedea104670
gv3jgkoy5h	2738451136d4
gv5wuthmts	897b62bb638c
gvacftks36	73b4bcc0e0ce
gvaiysk5yq	91b9d7bc611d
gvb0ql0ahd	910f839bb71c
gvejpcx31u	a8ffe435bea6
gvg4v3av2a	000bdc6fb9ce
gvgwikwv92	eddc640a5b39
gvow3xphgo	b58b9f6a46c4
gvwshvih1t	fbb70f1c9835
gwdsmct9q9	7ee547bfd58d
gwkxk9vlhd	737176ec2451
gwn6xlau9d	1a4fdea95624
gwq8qs67p8	c289143cdfd0
gwqhd46cvz	32182f1648c7
gx04b24e93	e1659357c670
gx3h4gpzg2	4e43c1a237e5
gx3ulfp7kp	cf8bab233d4a
gxg1j3bnmv	78c119b07983
gxiuxv929e	8a84f298b6c7
gxjvq9arkw	920bc7a37ef1
gy36ao7gd0	ed169e5ca0ca
gy4eth792	c547ee24f179
gyky48vpgy	9e4e2fbe9dc0
gytser3pm2	646f4af810a0
gyv2brw3bk	abf2d67f2b80
gzpg1o0ema	559d846d94bb
gzya2ei6n9	5e6cee3e4abc
gzzvjxekux	ad412ca51abd
h0gg8jqbaq	a2dec93853cd
h0kcbv9pi6	18919c2900f9
h0oh4adc0u	f75b0f4c00c9
h0wihps0ra	12f9ba78407b
h11dd4893m	a3a55207b315
h12flm5odt	2ffcdb6a89a8
h1309a9wqd	542d2bb11bfe
h135g8ahtf	a401ba64d780
h14dim7wea	b18558d11cd3
h14u88311a	5a1a66f22a39
h194d9bq18	eef514fed4ca
h1gpbqdo15	c5d041b5481e
h1ly7oyclj	5c9d88015adf
h1m79gn5p6	dd70e4a7b3d0
h1pb0ztg7z	adf0eab1b127
h1s8jbtd4y	efeb0c789f18
h1wz316c3d	1c3c974eb29f
h26qkjax39	81f589221a1d
h27jhmbpfn	5f3df2c4a05f
h2f83k5ew8	965538d205c1
h2i6xae7vy	0954e135a0c0
h30vfunihs	1cdde1308e3b
h35b3xogt0	b13ca3a279b4
h382vlei6y	fa919e5d97d2
h3a17b7lp	11025aa1b7bf
h3coplwlob	8c0a7b1123ec
h3f3efnxr1	e5ea0d7f733d
h3q3q435cr	742adf1466e9
h3qq0u7pd4	66640b9d3b57
h3w591mx2v	9ae2ef686caf
h43quozywo	425f82992a17
h47nt075qw	235d94f55cd4
h49sfhn66c	e9395bc31050
h4kk7c73vy	c83e43c482a1
h4ox36p8p2	ab19c679dea4
h4whprayf5	ac97d0867888
h4ztofbd4b	0b8ab19a69b2
h57d8qbmmc	5681373fab4a
h5fbar9sme	dbcc68ee3d18
h5gxqhc68o	09dc02c9e8ec
h5yx1kutia	1daffcc9a47e
h61r4sb5y9	9e6ed2625f6d
h64uc71xgr	e4079216df91
h6554g3fll	1745963b8282
h67ag3122u	127ba9ec5479
h68wan402j	6bef2ef36726
h6b6eypce9	40cb7377e682
h6ilan1h5s	5701ee8c5567
h6lunbj1mn	71a7e21a27ef
h6q47uxxcg	dc7702d2ec0c
h6uoxeghj7	4845d02cdd88
h700dc62t3	cf1e87f66d80
h72hfbjfi0	f5ebce554bb7
h79ursmrgo	5fff0d97b951
h7ftpqdxdf	20980408666b
h7mhdgeuoc	5965546f0b88
h839wetqer	f23327aa9769
h83juz44wh	bc0f14582a5e
h8fhp94scq	05558c5fcf23
h8mkfxzo9s	2e801d37c41c
h8t3vhlz64	600ed252486f
h95r7uzzlg	e2514615e84f
h995twdyhw	6c44f0faaddc
h9ai1woupk	9cab0e933fbe
h9kdaj7jpb	5b9e89ccf993
h9kduk572q	a8ae56c332b9
h9r414qxbh	8df3fb3c331f
haj394cbyn	1d232e289ec6
han2hwumq3	e4e69ba15215
haq8oitc	a9cd99e7ab38
havhx44ihu	9718c0f1a972
hayhhanfed	0a136b7ee782
haz9ze4o8c	134f1dda179b
hb0krp4bc1	48327fa354b6
hb0p58lkac	56f3a61f6d5f
hb2f9n05ot	6a4b544f4c2a
hb5z65a9hq	af2cbf054dc1
hb6v9y53lm	37d9abf02059
hbpspgq77v	0d506ac5dc76
hbuk9mkbnc	87ed6f27f40f
hbwz14cfxb	a8885584267b
hbwz1thllr	e3861b1e9df9
hbykg50ta	aa4f8c04c4f0
hcbi2bwbvp	eac4675fdae0
hcesbkwz6i	dcb25414e201
hcknbz2vhp	375d38a2754c
hcmivktj0v	1eab85c6b476
hcn4esiriq	996fcdcceec0
hcno9qygqn	b665f4a90f0a
hco459sji7	705ea4590ce8
hcoa01wf9w	a391c94927c3
hcqwkdfin9	090d506df82b
hcwka95q30	49237224b907
hczpj9pgyy	0ef8532526f6
hd085xyi4e	842a293bd383
hd2y6of6hv	4587535779e2
hdkhfy0uis	f44ad6dd27e8
hdw4aj4ogr	bf899df1bf75
hdwt06ed6h	d224de92b85d
hdx6s37c4r	d92fc587da68
hdxd6u154g	74f2855ca73e
he2rusav0d	01b23b881ae3
he67m555cm	30bb9c4f9d60
hegllb8wlh	f0819729789d
hejxhi2orn	2473e485341a
hemtppqc7d	c8828d3f6ad2
hen2hwx61h	3984214b127c
hes9l1kiz2	0e8d72ff89f1
heuimcgg21	88b195b0903c
hevc16mgm8	98028be25691
hevhpetkcz	aa676d2e4c78
hf4kjfwx2r	57766a86149d
hf4pudzl8b	0c98e10fdb56
hfc5mgbrek	910e9f9f6ebf
hfyd3exrf0	a4e0a0a30e3a
hg0xjuyd5p	e5afd1bf13b8
hg325i0cu6	5d840ade6cc3
hge7lrgo0n	31f4f9a13c35
hgfs7evjsd	0712a55fdadd
hgi28wlfeu	8f07026d8de9
hgkq979mpv	5a058fd51a42
hhhx5vi0mi	e976824d47b3
hhixwgdnlw	0aaeb415d457
hht4ioap57	007d48b9ab77
hhwflxrkig	37e1a6db2c57
hi8n5oiza5	f21b51183377
hia6j4u3tn	1dfafd952bfa
hieyi7mr1d	20c076daab7c
hijst8whbo	2778b509ddc2
hittoa2e83	f062c171f58b
hiv1as9d0f	6445abcc1158
hj5jc8dofz	ab8ed9b95800
hjmeiga5q2	b4e7a19e2890
hjv0e6jana	aebfc7a3d551
hk7ew6nmif	7e3373484f68
hkabn659qe	4a35629f3c86
hkbfz05ez9	8fe665f6da38
hkbzc67qrs	f185897c4897
hklnhqcg6n	cdade8d74287
hkpla8xyzy	7a6fc4e2258c
hkpskbebkn	533137f3afe5
hkqzgxce6m	989e5faefb22
hktrjyt1a3	ba20588390e2
hkukd3uxty	15db62b9c417
hkxgk60m2l	dd9aeaf185e1
hkyn1via98	75a486a1199c
hl5mopvy1h	127f3bd89339
hlgauruyuf	b392ffd68d01
hljfpxq2ke	506cb5004b18
hljt9lp8n7	620a9a7ed50a
hlqwo9lvfq	a00f5d7fa1b7
hlsu7hs440	a90efd952cdc
hm2x1mxzcv	fac65af304db
hm35c4up5u	9170836ebdf3
hm5jt59bmn	00eaac2bdd1a
hmaju4jg5d	0171740b2973
hmctkntvib	283314e0952f
hmo0m66ody	3dfa84e27a73
hmv6564bde	cf273a56d5a2
hnd5zn36yq	c8f8f554eda6
hnh4awgby1	0735f5e45b85
hnhmgtcsrm	2d74ca40c9e1
hni3vsdt64	2e5ab3efe226
hnk4f71g14	faaefcb8e491
hnru5saaog	44a557ec3a81
ho35g9i2co	c6de4999598e
hoh94zp3kk	ad41012aea71
hojd9ddw5e	46bb21d1d5cd
hoqezlz0c8	e1a4ca24a3a7
howdhajqgx	8bdd5de7e473
hp0seq1vxl	9a48073ede2a
hp2ba3kga8	d13acbac7c94
hp5zj712ja	d98229d87c2f
hp7a5srzsh	1d3d05da2579
hpcwjeg7cu	ae7638dc195a
hpdistmv7b	b9032a927c67
hpfhi7gn1m	e3ac58f93137
hpspm8053r	48a8d3d3ec09
hq2glb704v	e67a74c97e22
hq2sf8qs7j	155e41693368
hqg2qcn78x	62cb00ef6d9d
hqhdd965sh	6c123533750c
hqub4cd46s	1a49723b17a0
hqvrww0evi	7059a362fabb
hqwztii0du	3f29fd22e6c5
hqzw2zf4f5	3e69aebd0f06
hr6sm6f1zf	3c87bfd720fe
hra11epu7c	d91b41ed2135
hraistzmah	1e7708279443
hrcw699861	34bcb47ff15b
hrfu1y9je2	dc02bc4b2fec
hrg5e1qrlp	d0268b14e5f7
hrga430l4p	398afb5ed0ea
hrgfngsice	7179709f9d4f
hrnanqiext	546529fab22c
hrsg7snqyr	f6eb66b602d4
hryrzc6b2h	f57f8f70933c
hs51toqpyf	99354f4c4ec5
hsiy0m9ply	a2d87fae35b1
hsozgbpw5n	75636e6c6212
hsqi76c1t5	403d03b738fb
hst9ht3mgg	c5e48b80c4b2
hsviyldlnz	2c3af538acf4
hsw6hyazn6	b8a1602508ca
hsx670i0zm	fa55c03a9273
ht18wvk99q	bde929ff5c9b
ht2aussi75	3fba1562caba
ht9jpodkbg	1ad601ee97be
htnsbuldjk	82c2e1ce34fa
htrvl1h37b	898a377f5b2f
htzz1e6sd6	9ed7cf478c38
hu0sgprdw2	ca661c01ae51
hu5g00z5xl	ebde69928faf
hu9wz3swxr	185cdd3f2bc1
huv4d28wkf	44d229dcf401
huw773ulkl	0382d72fb0f0
hva03qbign	24747a6ec115
hvc0sdmfbn	9f9f02f75ef2
hvf8iltunu	e87190defd4d
hvog7xssii	8ed710e57dd8
hvrwsh3ju1	fe230ffa2f31
hvujdj6i1g	882d325b11e8
hwan1hv0l8	892838c0ecf7
hwe76xgmec	871c5fc57dff
hwhyz9okb8	f6662c500a2f
hwpf3hnyi7	8b65a777ebed
hwro1rxr1n	6601691ba7c9
hwx7f59ni	850afead5522
hx6x47iwhv	830354a9044d
hxmjz5a7ii	ca74669ca5ca
hxobzaz1p0	365ff6bffaf3
hxtb8848py	d6a50882e2fc
hxw7gjfq70	82c2cee79638
hxwkvhdizn	fb120203b81e
hxyjiy4yy7	eab06b49cbbf
hy033uxsaz	38f1ebc4bb52
hy64lwrfiv	12bcf480e7dd
hyff5dyft5	4e017952aa6f
hz1kixz3ut	c97beb7f9e0b
hz29ex5omx	4d0905c66c0e
hz8nmdciqy	4b052f9e5f09
hz9d8x0swu	97e9309b98a4
hzhinvr1er	34e289eb2573
hzixnflkaa	9e3bc89b7599
hzlewxv11v	f955468234d6
hzvj7rdluu	e1adee0c95a8
i00x40y5q2	f7aef3641264
i04fbx05w9	8a9a6318a56c
i07hzmqm4c	71acd79029d2
i0cp8ypmfq	a7b02f9e9ae3
i0e57g3t03	83710aa06ad0
i0gd253f07	2ff5375a78e5
i0iu68zzrk	b7b8a0c4ed0f
i0lla2gtz1	284fca70e324
i0tofvgrbt	52728778e107
i12ohy2fs7	03ed273a6452
i1brk50i09	6c76412a2320
i1gys7w9al	56f3297c05e5
i1lmwa0gre	c6050aec82f8
i1ownx5ckc	61b55510ed17
i23nen0464	8243495491b8
i2dtewybai	6bb2a6ff0159
i2elpyb174	1c40290a1bfd
i2hyzk9mp3	89d16169e716
i2jh6kern4	9e2c90a2ccf0
i2k5bry4zu	b54ed8914ac7
i2pting9ui	01c90ca299a3
i2r0lpffr9	0fe3467d4456
i2tnrpklt9	f976f504ff56
i30umryjeq	056fb1da091b
i3182v4qxf	0de906c5f154
i35wmt30o0	0762a1479b1b
i3a4bb9vv8	4ac11895a696
i3dtxhzu2k	908fd2444968
i3efwrur7x	bbe77302f87e
i3hehp1hjc	a4e7d18f6b6a
i3hif51wv9	346b873ccf47
i3it7fnu8t	1975363276a2
i3ojbn1kn1	13c8a001606e
i3vhpi8mh6	61b64a8e7d8e
i3zqr8zu9n	d22295ddfe8b
i49r2nrlnt	95a49c39f801
i4cfw95otf	8a1a97688fa8
i4ew312s3a	8d5e4607a970
i4uioihwti	7e061cdc736c
i4va6cb1rm	e1358fa5fe0e
i4yv7y1oky	a0d527c3222c
i4z7q7mvsz	034ee5122cce
i54mw3p5uu	8a07fc525c42
i5529r4t18	6face9c4413d
i585knj8tu	1a35d070cfb2
i58p6bp0q	388bb54d86a0
i5busvhobn	99ae34e6ef60
i5dbns3m2p	c539e141e2e8
i5h7gdcitr	927e4b6bbf10
i5kkvk9m99	51a7bef302f5
i5rox4bxpq	69eb4af8336a
i5rsdjnk	26d126e94c4f
i5w8bg6r9k	a317d097e3df
i60la2dno2	b43c5c4e7678
i60mj67vi0	b272e241ee22
i6bu59ehdb	96c81215a057
i785rrg627	12ffdbc3e50a
i79kxem70o	c7e5d9bc4d63
i7hr86w136	b19cbfef40aa
i7zmwy8w8w	9fbb92eb310a
i859d20c04	6f5854d674e0
i89ek0fck2	2e81e008ead0
i8bclqm3n9	2a7f45af7628
i8l4eck0ja	17117e552930
i8oql9gdvh	68d9e937b73a
i8rqhs26c	808b97ff4202
i8s743dgpp	93d080920d18
i8sk3sf0fb	ba64d08094d7
i8v8r1hayh	50175abc4524
i93mr1o4kj	a0c56d416645
i94zhlk1lu	cff36e622104
i978l12w7r	1eb94b6321e2
i9fr20jc8a	ae30ffe033dc
i9i9g6i2zf	cc75a4a6bad9
i9ol4ilwxe	ad0981dab323
iahbs5eh46	bd2478c44a8b
iajs9qzq16	1cc13a50bb22
iamsb20gjg	5a06afdb8848
iarpm98234	65dbed10dd37
iauhstkihl	b879a425e42e
iawimbus7r	f8ab97f2da38
iaz0j5z273	75937133fdf2
ibeuxlix4j	a53838ffe003
ibf00jbgvx	42cecb5af80b
ibj2kktwy6	ef9d90551340
ibjwrckeo2	727e1b479c66
ibt4ppfx0t	dce7f19c426c
ibvticpre3	6222e1e168a0
icak7x9vtx	d5bd0476b8f2
icdm7hqi9p	e6847e12b5b8
icgx5mwk2o	97fd96b14d8a
ich7gooibo	2f7e08ed4f55
ict4ny8tuj	400725c52f22
ictd77tg7s	0c46399d67a6
icxmz3l2ue	9a75fe258768
id1ccecbwb	d137fbf4c2a7
id5vxlxe1l	3368c0935b7e
idb356cjjw	8b362526f4b3
idkbho1ne2	339925fbe322
idlfhdb1q	28005227f81c
idlvcso4qh	206b45bfab00
idmgt9xxzb	6c3db2bc3031
idplpjqtml	f9cc04fe12e7
idpzps07yg	bc2640e539e0
idy2rk8hf0	d7d72ea24ae6
ie2uhj8m13	ce06e855e2c3
ie6xc88fit	c48f1af523be
ie88xjtrnd	bac375d2c2d0
iebf80vmtp	69ffd157a56c
ied3juqllu	a3cffd11629a
iegbt5q7lx	294ebdd5b20f
ienawc5jh9	2c7dce52d49a
if1dj35j1l	670c18a07c1b
if49ppn5q4	d08bd91c5b5a
ifjcaldmpd	78994121483b
ifw0j6rw54	cc86effb2329
ig4afvect	3549a09bf710
iganhqkh9t	eff911f53c3c
igddcuue90	7d89cc0e756b
ighz8gwkco	15a45793f4d9
ign3h0f91q	7c31554ff3f2
igq70403gr	55d076be5714
ihoqcfa075	def8b263d349
ihul0g2rez	a96b31cebfe3
ihzgw9apeq	b356bea34477
ii90quuni1	b3685b70860f
iienx7vqdw	2e118934970f
iiezrdz9sg	c333a22d5413
iif274r9hv	49f66b5f9117
iilgfhmwzg	e3c97886af7c
iis4p26far	112784de0043
ij4rm9ngi5	13b414942668
ij6v3ufef6	390589529bb8
ij97oylrlw	402cf67d884c
ijfkm13xto	801d1fab0538
ijrfwmb6yh	ee30ec7442fd
ik0u70o45l	f9164009281d
ik8z2d73bg	190ff710fc5c
ikhtznn3c2	a117b46e939c
iknizz878d	77eb74251af8
iks49qmd2b	22c42e1d5b51
il038zcsum	7ec38ea91718
ilczcqm328	6fe9c8fc2c3f
ilj2zo3mp6	704f78a1b61c
ilku64rse8	2bab9e5bbddc
illtsxsiuq	2f86c1a0ac0b
ilmnslizof	e3b8a00c5033
ilxw95l9kz	05208c614212
ilyklgw91a	0a5a9355cdbc
im5a4aa6hy	5b457bde0713
im9lt5a3xu	d70513034100
ima70dxtaq	ae292bb40824
imayr3imty	9bc28c5a8d25
imbu8ev5zc	3b7b67edb9ac
imc97t81ed	4dab52c16a70
imevnpm5z7	161e22d19744
imlmescr57	babcedcbed45
imxzegp4xa	a407df36d2af
ingu18lel4	dddcb6603d85
inhvj79mzt	c54310b70107
inr1070kfn	3a8f94b192e1
inwdwcxiq5	617f6177eb29
inzk2737ur	2eb7bb4c8548
io1mw7tsn3	caaf9bdfa25f
iod68l962w	1d64e0ac49cf
iohdcbbvti	ef5aadcb6e40
iokearq3gg	d8b152f6921a
iorp9ibacy	5bf9553bf890
ip2vwby2p5	194a1523df3e
iplaqbzirt	b92080dfc573
ipn2vjqwv0	88ae0ebc8eb2
ipsbimfo43	768852150961
ipyc6xjyco	4dbf0da5b49d
ipzhxxmrz9	5c7fd9ce218e
iq768xhoa0	182295687382
iq9b2f1sly	90c70335eb25
iqj07d6znr	7a27d3346a03
iqmq5vw6dy	71fe978de165
iqny1iyv1l	3e1f1870a4e6
iqs81vwo82	cb9a942c1816
iqy1rlynal	2e6a84804d92
ir6505mtfj	65e67e496f80
ir65idj5i5	46396e616b88
irb7p2mtni	eeabc281b493
irbclipyfe	0ef030b75e05
irm3s3m0ls	dfc1f3c3798e
iro4eqyghs	e2d885991de7
irung6py3e	1e50ab17154a
irv9g4r3ig	bdff120c8d56
irzvptyap0	72a0235267de
is08w4w2ki	6c9c17de53d4
is3zbe56n8	75b99029a538
is8t8xuce7	c9d15b895656
isafwlnf5v	0ce629777851
isdt2et942	b2efbc95e493
isdzd0dpua	d8adb0eff1ad
isfk6shu68	181e4c4ac698
isgi27vuls	6bb7a5d1145a
ish3tbxymv	d1993d310683
ismw0sphaj	872526f8af51
ist8zihaes	8f5a086bbc91
isvmowmlcj	2338a58db080
it5aspur1m	a9b40f715a68
itepartt7t	ab94bf640dd6
itgtvsbmr9	165938d95528
itrivny5l3	b0f38a10988e
itu2wds5rj	adddec46dc75
iu0o6twjmk	7d17fe0e1fac
iuchtwn1oq	85442e0518fd
iulwsgxjiu	08b22a3040c7
iunr05nxqj	bb1072336292
iuxq74mftq	9bb189b3ef87
ivcf3jfu8w	7c1a187ccd57
ivcydscjdn	308decef4558
ivg0b0nv9s	e20e4988bb28
ivsp2yw05k	bccd9aa95df2
ivy5xduuko	391ce53b0015
iw8vepj2zd	ae2796aa7b95
iwuub3qnzm	2d8da26434f5
ixc57weauo	f4e0df4a2600
ixcy7tyqyn	6a6bf235dfd4
ixf6oapwsj	23d6f8a41bc2
ixhtsxu9n5	b30cacadeb06
ixtz55pllz	744986099401
ixv5ekkw2	3961e0212ced
ixzcvvr7ld	a149261a7a9e
iy1wd0r6am	e7862b14f61f
iy20hqs18x	83a5304a4680
iy70c2q7kv	471a4e4f21ad
iysimdkvi	8d51b801dd7c
iz1t6qhkwd	4c2834f6908b
izcgpdo53c	32f5a2f6d562
izua6gv9ln	e42f3f49a49c
izv5wge09h	ccc491852ae7
j05t3b3jmr	bc78964431d7
j09en6auzb	3a3b1d5a8bb1
j0hghkyr02	e6b78e5b0d5e
j0jizkbtag	be2c1fc8a111
j0rbgr85h	d7cbf8448a36
j0vqcr90wv	b84355437a4b
j0xybygjp8	12f744bb536f
j10uim2ze9	a072bc962164
j10xzlq4q	296c24c4f2f4
j160uoki9z	ee9dadd30b67
j1k6v4dpaa	5b5975a86d9a
j1rrzwjgg8	bbebe32a0313
j1ymv6wdq4	a0e68de38df3
j24pl1xghb	78cb304e6b40
j26u99qwtw	8175cf5fde2e
j28zognvcn	bac2246b1084
j2q2e3c8gw	7728bda8e54b
j2vu9kgujw	7942be93b054
j3b7t0t0jf	a0a102481830
j3xz50vlmo	889026a8251b
j3ysn1ovih	7b4d94228e90
j44iktecwi	40bde80c07c6
j48fgho9p5	95abeb3b0a17
j48fv3klny	d9b1f11dff4a
j4jpq9h758	ad3e1fb76864
j4kzjupinm	bef9a897ed1b
j4t8mvn4fl	824820c66309
j4z0wawco9	b0ff85bb0817
j588h6y9v4	b5cf4fda2dac
j5bn00vwhn	fcd8ed2a2513
j5fd0ot3ff	4d0414f7b85d
j5ldwtfdfc	e0c0fa3d3ccf
j5rfmj3xjm	89cc6cc377d9
j5tq0qawl8	64fc21c973ca
j61v4zg8vj	6d6ca353de3f
j6k6ztjw15	0a48061f9e57
j6kittnbvr	5204885e0889
j6llsf5ws9	1d2f74385414
j6o8znpopd	fed9cb00a0dc
j6olzv8a6p	0b5aac764ec1
j6p5k0osce	5396d547f972
j6u0apxh	d65257909409
j6w5ai74v7	d425692bebb2
j70pf4ij79	77bab01ae9ef
j723osrsq6	b433dd765237
j7lix9uwmt	aa8e5bbc1c0e
j7rmt8lgmx	8a8b4b67deb5
j7v3at77ab	0a3d4e6ee52d
j7vdz8dtip	d38f549c0a15
j83sndtjfo	aaec02fd6956
j88u131w9e	5e92576dc837
j8c8p0xzt1	f93d5875ee12
j8fm7t5plg	5739f6566441
j8i07ooz12	8da1ed549399
j8rl6kat7e	41901bff3b22
j8ts315600	fba185d5e548
j8w1fxuj9f	80fec14b7fa9
j90gzde5ms	44e067076d5c
j98w8xletk	490f43b04ed8
j9qal2ew1z	60e98b6c0d06
ja05mdpcul	eb787aafd618
ja3iver2nd	f79cc1e6393f
ja9v05wik4	beb75999dbfc
jb4eprblom	3f8ae5b8a6f6
jb9ztzbsi1	52092f9d337c
jbqsyfa1bg	60c9e7a8cb93
jbvkb7lm07	985befffe346
jc5shs5fie	75e4295f401f
jcae1he17p	71a853b5fe5d
jckg6ttdta	c3bb0738363c
jcm8nr7c9o	f5125670013f
jcn0e3wz60	a2bfa69089ae
jcsjkeaw8c	eb29fb1c15e2
jcwx8f9wpx	2f108e2e5b49
jczeyo7lp9	c048c92b21bc
jd2pz3fmxj	31a1dd346cf3
jdas4rau0x	74fa2bdd4397
jdb8qcsrfo	0380893b106a
jdd7yxzxpg	9c9e3324eca1
jdeggjvel	f67ed319ce2f
jdgbqlxgsu	46cb8fe19d70
jdm3kukoi8	bef9620209f2
je48ztfcp3	7c2ef50d9c14
je5skmlerj	00c811adb8ad
jecrl1iv7l	5fea0f91198f
jet3ad97c5	f548d48597c7
jeur7ajmbv	23dabcbb7dbe
jev3gsnti6	f0c474978d49
jew9fwvskw	eb76445b135b
jexzvdna0f	2550281f60d2
jf1wdxli2c	2a00ea54854b
jf8u9aqwdy	bf46756799bf
jfd61y1cas	71b0254c79fb
jfkjtg0lrh	e60217d1863b
jflnzmyzzz	f1d16b8eac4d
jfoyh9h458	0f036cc4f045
jfxbuhytcf	5dd280e03459
jfyo1kupwt	49c9ff163104
jgfgki8ot	8b1f3db035d3
jghg6cxjm6	b3ba078df12e
jghoys67qa	be85cf4a1a73
jgkb5g50g6	1dc5a90f0bcf
jgmhlz3ufy	f767309ff674
jgniz3ml93	90cb3a99a20b
jgpwb1bzp5	a6d38cf251d0
jgq12i0an0	60f25cce1d65
jgwe158bs3	555362a8074e
jh8dzjsoz8	b3a0dea526cc
jheboqapa4	1f43b6285407
jhnnsmivn6	3ccb58c014aa
jhzlzgtpcb	69d53aa347f6
jifsa19f3s	fd237fecf2e1
jigvfe8tgv	fb688556f7ad
jih79zxlr2	eb4955114ee3
jioh86befl	3c4d082a9650
jiqq1hedc7	018ac71267d6
jiqrf8kf5k	61cfa01f936f
jityg6rx74	bc574f30c0b5
jj9fk3b64p	8397180aa107
jjh6ms7thu	609c98f52baa
jjjs9dpbdp	4f3a7fa15734
jjqgcxp8c6	b4aaf1b096af
jk19w6knz1	87f6353b298b
jk2hrmn8nn	c93e4b3fef5a
jk4okttkkh	b2e99781f465
jk4y5t9hg	5cac6c744f26
jk5wqkqwnx	e16267a13bab
jk6lyv75g3	7bf646b18ada
jkbn336pex	1e27ac851c3b
jkf6povelx	1456904fd827
jkjd3ez55j	981fced8974c
jkjubssksc	1ba778dc2ad8
jkpoeyu08b	2bc508dd0c87
jkpq4gwf2b	6712c6d7a428
jkq5stu2nn	309b71ca29fe
jktecccmfb	c574b7bbebd6
jkuh6a1qz7	0fc5c38a8da4
jkxmpu312u	54766373cc99
jl2vrqjflf	50e12abd95a8
jlazh7x2gu	a8ba98b055af
jlda0mtr1i	a93d94376cde
jlhrmtn78y	70340e1cc51e
jluuo6lz0l	6decb8760408
jlzm99aqtg	f54819eaef6a
jlzzonpofd	37990d503fe2
jm1h3ir57u	1ac8eb1ea916
jmamk6ojc3	aca15c41e333
jmgsfr82u2	e78a26e16575
jmh0bm4yp6	2d21ffdeaf6b
jmhh4vjnn2	c76ca73eb8f3
jmp2kmrsby	e1a1f8e4f4cc
jmx1yckdlg	5a928876498c
jmy2l23r8o	1424e0b289e2
jmygabbamd	c39f97f28800
jmzl19f34y	0253f9bee0de
jn6rctrdjz	086c90e0b97f
jneldjigkg	5e3fae9db61c
jnhgl7mf8y	c8e316e6f34c
jniwusvhqd	bddb2c7202e9
jnmns14afn	7d43cca02d6a
jnndbpbmck	2cbb37d717de
jnpce6sru3	02842764542a
jnppqhepvn	7de96053a0e1
jnsjz75sww	ef6adcae87c5
jnu5whwge4	2d6467d73130
jo1i9c1je3	ce0afc17c31f
joriugx742	9aff23c5fe14
joykvu1xed	329047ac016b
jp2rwo939o	6d69cf7ea603
jp3awcdq4s	80a3d6878aff
jpaokd8w23	b74c68d38ae6
jpi4jhc11l	1093d9c305ca
jpp50ta5zq	3a731f4ff73c
jpptcxrbyj	c1bb8387d2bb
jpwxfouthv	9dafd14cf04f
jpxb3lhk14	8dc9d8e515ea
jqaod21ypi	49c0abc22675
jqebvltzcz	11ea6b1d26f0
jqgtl9tx6q	056b71b2ac4a
jqsl5s33rn	77358cd78500
jr4iqrzahm	5e0d25b8a9af
jr4p4ljyrg	1a20bf488613
jrbx69992w	a28a06b94aa9
jrjgy0fkkc	ceb7f77760fd
jrng8a2brt	c291b18c99e2
jrzx4zrbm	eb008de9e4a9
js1z7qqxgp	36987d1f6e17
js3c3rxi2w	21fd9f70ef27
js3vufw57m	fac4e1346719
js5pkf30zm	dbedf4809d7d
jsde79luz5	667c7271c0d5
jshosa6pj7	87e449b3ae64
jsjzcgcnnm	60a6bda96ec6
jsouebuozt	6173fb60da40
jss3wezg6a	026337c73646
jsyhs5bwg1	9617ffa7b1ce
jt1xtklkg8	94ccc4023305
jt3f5k1fie	173e5bb8d80d
jt49k9ubm7	cf2cb10af2b9
jt4oz5x5qp	103fba73a4e4
jt4tg3v1da	9bc8fd03bc61
jtdofclad1	8d65c1f6bb46
jtidc2r9i1	3ad75cceb410
jtnsjg8sph	c051490a2292
ju33q3kkz6	3752b0e7615e
jucfxhc365	53855e4a7686
judl65rust	bc0966b36b52
jult34c0v0	37bedcfde198
jvd35l3s2k	7ddd659a6ccc
jvlothac0	fad1e9670e57
jvma90n3qr	3430f63fc422
jvp8alq6bz	a8d5320094a7
jvuc5a5eqp	aafac2bacda9
jvy7wvfbr1	7ef140010bd7
jvy9wi2zhl	3235ad507c49
jw0xohvefr	035f210e8b78
jw18n6v1fx	1018962a30ca
jw4oog4jey	2138f82bbc62
jw5gekby0r	81f2362069a4
jxfzpz4fao	0118d9815116
jxr39nf7y5	67448ea5b1a5
jxt5u0zfyl	428e9880a60b
jxxotticbl	51c0899cf039
jxy23wpr6f	6da15db20c96
jy11ievjqr	63c56d9f7711
jy4aqaxe5f	aa32f7ad7d11
jynauki8vw	98839cf3b80f
jys8e9djgz	821222b5c958
jyvdydtqhr	2adf89b8f1f8
jz22t9r9ec	23299ae6f1bf
jzamt2ge7n	6fb93621f3f4
jzft62jpw5	d8a0773e4bec
jzfwdyr5gy	b6ac8b922da5
jzgz6gz1w9	05daeb9a84e2
jzkeygggs6	bc2f32fa1ec5
jzpemat11j	0f15c25adba3
jzuzpvfqc4	5e45fc3111de
jzwumur1oj	65176a87f11a
k01ifuuhpi	7bd9d18b409b
k03pyci9fm	6feba6c382d6
k064xndgwq	aab9122b3b65
k08uxuvv06	b6e23d9bb55a
k09urv77wn	88f18e7ac3b2
k0e7sy23g7	8d8da8bc00b5
k0ehzr19r2	d2bf3a1d30f2
k0gq85xwwq	c4fed284457c
k0ki6q5859	93439cbb4318
k0lfx3a2es	4310fb60ef66
k0npqu76xu	090b8fb61d74
k0oe8klldr	66d6bf639f24
k0vvz4y0my	86a0aad35ef5
k11kpgq2mj	5e7e0647cd5c
k13dmyni6d	4014dc0d0c3e
k161e4we5c	f00dc1c7e914
k17i365cbd	7b25d858ff63
k17xxg3268	da59e6788062
k1eht65ujc	99c7d3339696
k1jx88edwr	a97ce7d66916
k1lqrzro9c	a204bb4b42f1
k1mv2d5t8k	c7dafffe2265
k21czdcc1e	5105c9f69716
k21lpxbpn8	d8aec94781ab
k21xc7cyhn	29a30f341147
k25hkjfwgq	6c4086cf5512
k2gai8kgd3	61e9ed77262b
k2iusvqc22	a0df592c2ebe
k2oe0ytwkj	f1e7a715f53f
k2rgsl4o6j	ec558f55dae2
k2rks5cs4v	695e2efdbb46
k2wum7r14l	5485dd9b1bf0
k318n5bgk0	aa3b7b833c09
k36th45v6p	0b9ca75e0b20
k37ndyc6cb	8399378c1e64
k3b9q3zk9i	e8d31006ce5d
k3bsu0gys7	df73f13036e4
k3do36gdqu	7519a7e052c7
k3gp1qmazj	b57ee3c96798
k3h7wfkdju	47db18d77644
k3klnvr10v	fbf295099345
k3n759rcup	15fd4887b277
k493tfeb5f	0105ecb43f40
k4fljphgg8	f5e1aa8c2f16
k4htins8az	924c8bce97d4
k4zi4pc1z1	70e2a0565869
k51vlceqqn	7c67b7b63f51
k54gax5thr	229c03cc635d
k56iybbxge	fdc357e33c7d
k58qq0ipsq	83e859818cba
k5k5siiujo	35ca493e26bb
k5rb86dgzu	23f0f489487f
k5t73uu9ci	ef272eff562d
k5vbx3db9l	d076ef639450
k6055leoqk	18b561860aec
k65takykz0	a84055a89ecb
k6ob2yh1cw	04f0c2570759
k71gkj7dgr	608206cd8226
k71zixpdqv	a3abfc09cca5
k77014aobg	acb82e25879f
k77po1rn4l	5733fbe59b5f
k7ck8bwmz5	270f436c07a7
k7gwsafck0	1381f626a952
k7n4qsa6oq	08f1be8ca28d
k82s8u5pmr	5b36db561bdc
k86gszp9sz	bdb0dad6cdb8
k8ak5wv7w5	66144ea762c4
k8rksrvfen	2f6ea7afc007
k8u3fw0gws	3f0111cb1da8
k8vwgquo7d	c12fc25f8552
k95a3qkwwz	c3d0f910fe29
k9bnuf0o4z	d1f30a7895be
k9f613pgq3	6a0860d6d11b
k9mxbaat9y	8f14d9fe26ae
k9ogqwyc16	f3d425505f2f
k9z81qvzcp	f4f6006817f7
k9zao4vw97	3abddfb74174
ka9anpr2ej	84fb860f9f75
ka9v4akikl	421f0552cc21
kaemu7r26r	0a4ae0603159
kann3alsty	c8418d226171
kaq4jbl554	4b505dfc81fd
kawgq0k4u7	c9259136ff6a
kbiee5idlm	50585c8edd53
kbli0y7wyc	2b57068d44ae
kbq0u84vt5	1410a7041a3a
kbswa9s3f	4785b4c920a2
kbyx3zxorm	33dae9d8a03f
kbzrn64jtl	b5f12c1515db
kc0ddod6he	fc84b4e7fb10
kc7oqzrqt5	03fbb42c76d3
kcauarikc1	4e4ac279af3c
kce9k9q59	6a195cbac493
kckh3anytz	644db9cebb8c
kcnwo4bs4i	8685ecd16399
kcpwshmj5j	7360adaa0fc6
kcqu1tx6gf	859d4a178e4e
kcv6o2gb74	003af25445cf
kdc0ofc954	98890248dd47
kdgomk2eyx	d22d887b39ec
kdkc4sz4ir	f8e9506d5b9f
kdoir35mwp	59a2b5b04d73
kdxzh0zi9v	20b0c1440e76
ke32ndhhya	b29fb7657879
ke89dv3hli	f50f62cf2a37
ked4i3x596	11d8a6ef6a27
kedprvw6na	26c9b7738b2b
kee852p3m	03130c586d16
kehkmepz10	2729fe2bb17c
kekpvfyx4t	462526647aa8
keou25753b	59296e99cd4f
keq0tdakst	4fa919abfa31
kesys3zit3	12f7c5afa847
keuqb9ipvv	37ebdec2f484
keyk0lguyr	3fec31e5a249
kf0r9az0l5	569597b24e73
kff2jhtiu	0934d625e10a
kfi0bh86s2	1675abee0827
kflybkc2n9	762d6c72662a
kfqvctiba7	766d0e57d677
kg1wq3a1lh	e03bad348316
kg293diuv4	5026ce30e6fd
kgc4flv7n	95ce68f5bf4f
kgdcsuy0ay	f125bc6f5b43
kgqyr791ff	f63b302079d2
kgs2inbg8b	50dc483b7003
kh4nysa84z	e89e023997b5
kh8s7fdn6e	367871a78b4f
khjntfz1k0	9e532b4d5830
khlcxb4ibb	08d1f0640b7c
khsnd2eoza	d775e3121dbf
khta5e4xhz	77babbdcd5dd
ki0zw2z99f	e247a03e8748
ki2ya1rdor	d0f6304a5ab9
ki41o7f4p8	aeef713c42bf
ki4a9tf267	d5169ff22b8e
kicpfgo82i	267a8b08aebe
kiiidofk5r	613c5d7a3b5a
kimtxtjx5q	9e7458c69ee0
kj9pzp7rv	2a7635591202
kje40d7too	6b09f17ec56f
kjghx2h203	7cc68c49e620
kjo6mlsu94	75114d450f12
kk4nyuy9kk	26816a721ecc
kkbc5dbeyi	309b55df1d94
kkicy4upqn	1a89a2e302f5
kkytdvr3tf	72939f5e3d2b
kl1lqbkkeq	334792d11452
kl327sn2zy	f88b0e79b5e9
kl7kwdj92i	375d7c73e98a
kla36z2z7c	96b338d750bb
klgd4cjhk9	b47e44d010e9
klhnwekxei	636ad401cba2
km260wokxs	e19bed883db4
km4la5jr6	ed0f979cf2c4
kmo03dgu36	1871d4794a68
kmonzcl9ei	962d47950280
kmw7c6q0j0	7622b31452b2
kn3atnz6mx	f0038e78f851
kn8styntnr	b49179414b00
kn9teiwwcn	04f67aecb8a4
knakeee12m	9b77f33576b8
knh0dst5bv	4c87c51a5513
knm01ab3qo	57c2105d55e2
knmquqyl6g	5fa8701fccfa
knr7zoxtjp	799b08c27bc5
knw5spwlqo	bf03e73bd3ac
knw75nsjoq	5006c2f5c6a2
ko1ji52h38	c7ef3e2d08b9
ko6m8utrg4	e611d8cfc8ab
ko8uv6xkad	6f2ab17a1bc2
kod93fjf2	6adb6c71755b
kohz0up8th	aa58574731de
koultccc3u	bd662374b379
kowun9qhez	32ee9eea1484
kp0gl8cy5e	7ed358022ce3
kp64o5esjk	598188bb2e6e
kp6cq7gfd5	96f33653d846
kpaevwq5a2	c6874e180577
kpg6oyaw89	81b60fbaaeef
kppwpvdpak	bc6873f5a871
kpq82g52k3	6d19364c2fb7
kpuxy5gzu7	ef9bd1372a48
kpv8cz9x7o	76a697afe6f7
kq0dvswkhg	7a31bc1d21ac
kq1il2fys5	e626cb77b95d
kq3p03m87a	87c227e451a2
kq3qhmstg9	50bf4f69b5a1
kqep3dasna	0d5005b69ece
kqkj0qhhrw	292311037771
kquev8v4du	5e07e3a20c4c
kr2h75eqyb	df46e522bb77
kr3hqr1h5q	9a1c2c554d22
kr81zkfpjv	6c5cef1f8b7a
kr9rk7rd63	02276984417c
krthe9puq5	d7dd320692ee
krwqno3pqv	7c32d37a8876
krxx3v5lrr	e76732384879
ks0an6z02x	132ac22476ed
ks38zmyfwu	02eb8507bf12
ks3cxqpdcg	67d1321c5536
ks4b9uotgf	e76732384879
ks7e5s7m6g	b0c91306cc9b
ksfwbgt7o1	076ea7463c9e
kskmp7sz76	a1d46af05a50
ksmouy3wpm	4fb3f154ca1d
ksrm7wk221	1c370087a113
kss7a11b6j	8461dd81b04a
kstxtwaect	b5372ba1059d
ksvu7gm2le	0b2a8154a31b
ksw0snt2e	4541870e2831
kt2t6wd1fe	c2d3521c80a9
kto5ebkau9	2b2f9eeb06b5
ktuvpv5nrn	f4f374c651c7
ktyrp9rf8d	41db0d63ed2e
ku1vnt1wpx	b3848971034c
ku3yj5l502	6f0269f65519
ku9ut1qxps	850e712ea3e9
kub8ml6hfx	80e5f03c02fa
kuljbghxvp	d0b24000a36c
kurgksws9e	15ecd4605020
kuy01ficih	a740dda61695
kuy6e73lze	e16d223e5c77
kuyfroylvu	59efb7925e08
kv72gwrsk4	457e9c8f6eb6
kv9ir50sp6	d8ae7041109e
kvg85ymwnf	2069161857ed
kvgkaf6vx6	777c29c36a6c
kvnp2c8v5b	850248f9c2e3
kvost9gkbe	8198636e3866
kw48pdxyzg	a2d59506db03
kw9x9i8gwv	4870d5a26213
kwcp3ff1ob	cab026c9485d
kwe64617kf	c2c7b01f464a
kwfexae5ax	c051baf15115
kwlwsiyikj	74320ef00c80
kwmo98e2dt	d67cb67193b1
kwr7lgz1ut	90c8d6b20abe
kwv1dmoly4	04637df51aff
kx1xrkgcga	bb242bcac0cc
kx84wrii7	d19b80071b93
kxdu6d3ljz	fbe8214498b3
kxdzfaz79q	a29432da3e73
kxlh1jwr08	6a8f13c10095
kxm8qc4twu	eb657df3b247
kxowg8zymg	65634f7d0b44
kxpbluicpo	185bc8b899ca
kxwk4pru3w	44d56f4dc587
ky20s542ju	d0d593625d86
ky3h509uma	112e32aa3a9a
kyh0l3u9ie	5d1c891984fa
kymmza1j8n	de383e04cc50
kyud6e2ol3	433910495db4
kz9kd8qdl2	ceab754ccfc1
kza7jxl224	cf674866279b
kzd357o6mv	b5ea40fc994c
kzgwgk834q	7c7da5790f28
kzjapyfhol	efbce9f1c804
kzncgsf34e	b36cf423fd7e
kzol0sexvi	c611dd96ab61
kzwsomexvk	586a1fa03a38
l04wl67mou	744217777c4c
l090su0xhb	d88108f53e06
l0royzlj2r	8bc07f63c058
l0ww3t7vuy	ccc6a1093ac3
l10bzsvldy	6b9b93ac98c7
l112eli0ol	feecd1ddfcac
l19nezbywh	bab9b8ff2ed1
l1cpwk3x6o	5f8d10dab2b4
l1d67m4ya0	04fa1a68993d
l1h8ait196	e9d0a33f34ed
l1k0rtwj8m	eb429909e66e
l1t17pujiu	f6d64d8a5046
l2csur23rj	f795ee275d85
l2fhtqbtqy	cd0259bbd6a0
l2hvggb6eh	8c3bf9ccc351
l2t6vprgys	2f3f1b16703f
l2wb7hmgj	39b19c75dddd
l350z97nca	0da0ac51c281
l3df90sl2k	e92af47173d0
l3kiv2wpnt	0a3fd3219c67
l3m585tijx	78227f6c5d5b
l3mpjdwih3	65df36b52298
l3skdacmuz	01d739648917
l3u4ctbt6w	5c00b22b2448
l3v4k5hny5	baaeac4633ce
l3znk4cmig	1ced60ea6117
l41u7rg970	cd8c9b278ad7
l47x4dvfb9	1489aa843068
l48svh9m6x	92dd0650d42a
l4bkmzvo67	1f1119e53bc5
l4szut02t8	f30dc384d51e
l4v9p0a64g	28ab3808aea2
l51f5vfhr5	6ee41e2358fa
l53kp6ykx8	79f4ca2329bb
l58driwe6q	cd77f6482da4
l5c3s9t203	2f7844c1dec4
l5h8hitahz	70ed5c931327
l5hi3vov6a	77f717e35491
l5ijvig69g	ccb55854e0b1
l5jwe7kiby	8f713a422165
l5ka9kv0ec	a6408c130158
l5wmahub95	fde6cd8e90af
l63hui380e	fae1bc099004
l68c23m376	f2f896e02722
l6cca187bk	a85c7a6fab2a
l6p5wmvfsp	d56c7c3091bd
l6ptge3jkr	ba0cb06997e5
l6s7b74t4r	4a3745177ff7
l6uf2l5i2k	47c701023e11
l6xt0ynscj	6e30d4be66fe
l77glh8oab	d18866392989
l78oemenam	8ff492c7a3e0
l7g74zvzpu	37275c7edabf
l7hfl73e0x	b477576c62b6
l7hqt0oyxm	e5e1557f4cae
l7i12usce2	a35ff56c331a
l7k1y7mh9k	696cc122f25f
l7o99c3chf	77f5ad764fd0
l7okx9qwy9	c846c9f190ca
l7xzemlkfo	87abaaf9f344
l86wiymwyz	da1f0eb7f969
l88kar8rns	a8f28224c6ce
l89uxisvvk	d8c7c041d0bf
l89y6ts6aa	8134ae0ccae7
l8bj10udxn	886f735d6241
l8byrtxj3c	de592147b492
l8dy5rxyy2	cf727edb8417
l8gk9tcgby	f0e55ed0a92d
l8lag921cz	c610eac0a479
l8qmn2c8hm	1d2d32df7422
l8qoi043wa	cda63dfd7f81
l8tkixvta2	783873098e49
l8y5yc8wsn	67c2af4ed0bb
l8ykgyhu37	c849fbc7885a
l9676ps7lt	cdfdd9bbef98
l98k2ou0ml	2b969bcbecc9
l9afndecdr	cf74d30f2c60
l9ezrqmp4t	df7a19be5a96
l9j0rajiyh	8febad8326ef
l9jikivxmw	4486c80a0243
l9mjaro10k	cd5f97e3315b
l9qguke6vu	8c634b15be62
l9sq27bf9c	855b5abfec92
l9z3lf2kvt	d8308aa2243c
la0wjxlzbt	784559d74738
la91hcog53	9c6cbc6caaaf
lae7whcscl	2fd67c7e4d52
laj69ik375	e43f8646e416
larkbeqlhh	95ce55794c9c
lasaqtnpoq	247386da0118
lazokmxc8q	0cc9aa6661a6
lbcao9rxbv	e4d4ddd0cbe2
lbfzctndnp	322e5f5f033f
lbgzc3r64i	6e0ae20596fd
lbjt0rhwaf	35d20b854fd5
lbkvjwop3d	ce6561ad64f8
lbm40mmshy	15982dd3e2c3
lbr98womxt	69cb278e4604
lbzvams8uh	0109f9b0569d
lc1vt1apdp	71741da480a6
lco7rsxrmo	865fcbc1d5b0
lcx7jxtz07	f56149906dc5
lcy44hz605	69b2bb513a52
lczkn7if2u	353106aeadc5
ld7c4vw6gs	236232c03397
ldbxix1yh4	e00eb59e706d
ldpckmjlr1	4ddf0ac50beb
le0z56bim0	52a3fba52467
le82lvfzxn	d0500083e799
lebekb03kl	5ee64ef15bc8
ledr45s6e5	7370315e9924
lef5z8ed2k	b6f40da2d168
lenklcuc0c	0dc99721f56c
leqrl9j1kg	b5f264749840
lexh55r2nx	e35f9741591e
lffr6b1hyb	17e5544c78e3
lfi7cmna49	f3c84015fc2f
lfkz4sqsdd	965a2fabd62f
lfsx8edpgy	f486beebc4cb
lgddvak017	ab2aebacda0d
lgipq2un8v	e9587224fc5e
lgr4wrz02l	8963f8ebb9e0
lgvslfx0bl	6d77ff09893b
lh1gwe9qw3	8c9c132e3d18
lha0w2svsn	d86c1d26802a
lhfenvai1	624a58e790da
lhfx8yo88	b7738bb2ea46
lhkfhjehi8	daa7740ee871
lhqw0pk6oh	0c7b5e891e51
li4jmtotpy	4ae8ed340429
li4ou53qu0	21c71fe7ac37
li8mbvvwir	8e8a6c4bb9fb
lidhc6ghf3	a4fd979df94a
linmi5bttm	e8504e95718e
liqybx9p3n	0eae687e8e43
litlc75rpt	1b40fe034d9d
lixcknr5p5	ba6d66c4bf8b
lj0ee97nsq	05ea1a389e49
lj855c7q5v	14fe0bad6057
ljblocvc9z	0cea8fccb1d8
ljgnvnrs47	a93a1ef3cd04
ljh8ffusgm	1f8616a8dc53
ljhazrqxyx	79652b1fa9e9
ljrmeqido5	3f75a563e15b
ljtpxqiec5	a0d027258cdc
ljzeu8pfwa	b3a0f790ef50
lkqbtksgch	60b56a32d8ab
lkt7lb005o	6d642ea9dbfe
llajsr479w	72fedeeed8f0
lldbnb3zro	e29edf4d3cc7
llejp455xd	aed6e8bae40e
lllj0biqo	a3c2d03573d5
llmqbjn27a	08c61df71056
llmtz5c0tf	3e2e09ea25f6
llrty851e2	4651e5bacedb
lltxa1aqqw	bf7d2e9e4b7e
llxa9bdgv2	194292503225
lm239mh5so	9e86aa24979a
lm8z3rc02s	42c1121fd494
lmcuq3bkjf	c57ec42a1ed9
lmgddx1efb	7454bec544d9
lmgperuiuw	1f7497f03090
lmkcuhgty0	cfbf17dea54e
lmo52dqxv3	f99cc1e137bf
ln1tgeq94b	10e4adf3508b
ln8jv1llu8	0ebd4355c54e
lnmuciqhe6	f2b9be0446d8
lno6r7x6q8	7015a9c8f3a1
lnr5t3mn32	5afa9a52c352
lnsy693cjy	ead2a5d001c6
lnvz51ij30	4194e315e955
lo0zepo0kk	a69ffb18b9b3
loe4btfaiy	c112c10f6d52
loey1itwv4	1ef2c161dfb0
lon4t6k580	467bd42b6d72
lorixjvptf	e2921aed9cd5
lortqrtij4	55fd83788b46
lozxuogrh9	7e3359e5f651
lp4mjbm9wh	a5124208c37d
lpebn518or	e64f364bcecb
lpflh9y7eb	6fce6ffc5f89
lpgnig3dhy	b7ae7a12612e
lplamjnqu4	b584d1d100e6
lppjcoy195	a8e8215ba8e3
lpsmb22yc	60423a9799e0
lpzrgwnjzd	76c439aada57
lq1y7zw0j9	1b3b1fa706db
lq2np7z8rr	8a85485000b1
lqju2xd01	2ad546ba5a34
lqlxkv9927	7b9963767e4a
lqpp58e5mn	4a5355016952
lr0dmxlpx1	8782cd52289d
lr8atqlay3	5f8bc71a68c4
lr9f2e2o2x	0f5d2364df48
lrev9iow87	44d1320e3ea0
lrggukuyh0	1933a1f1fa57
ls2mfvwwkl	4fa6675ed17e
ls7c38tasn	b8ba38b79420
lskoh8e9ce	e824ec218f5f
lskybzm904	584a273e779f
lsl5fpu4a0	3247c8d4b832
lsnwai5geh	d85e4ab5b969
lsooaygt6r	ac4ee28862eb
lst47lslel	f8cc67949b30
lt2pr1prza	202644435b96
lt4qfto709	2dc68fb64e46
lt7qfxh7m2	ecca1877aa49
ltfuvbbxe1	f13a3b509381
ltlc47e66u	c3d5340ab8b6
ltvw5cqj6i	233aa9ee578a
lu2rwhvswg	ad936ef40e61
lu4dtt0t6x	ea22dc54454f
lu4rlgx1eh	f338f26232a6
lu5muheh0p	43c95b0d335e
lu79bs1w3s	1bbce4579e95
luggf6an9z	a46e06b71c59
luq29vrvub	fe111a317540
luq3cun8ut	6f2c2ba64c15
luqzik0iq6	433520747606
luzd9yjwy2	1867321a0c4f
luzj60u7wd	6ad7a5691fde
lv0flg5n5q	0bde65331d9c
lv3pxscast	f9c9484d4367
lv8kdna9u6	edd1b52e3ab5
lvadm81hfc	852ff6847c6b
lval67pmra	3e1f09b588b0
lvalt2mmts	08d01cb0adb3
lvgqlf06b2	1d5ea80c2f0a
lvhmcwqr31	0fa4a80f5c4e
lvlh80ibq4	d8d53721b317
lvp1h89ql1	0df95715070f
lvvnw6g8nd	dfa97c50b7c0
lvxby09n0p	22d8e9c27ffc
lvzce6rxcm	3bff1e917f5d
lw0fi6kkdc	c085ce4891d9
lw55vrp520	1b87e3e75eea
lw8tt7m6yj	1b2ee1f67afd
lw9wxmg5ut	c20acb048b5a
lwbukizbmt	b91a2457eb56
lwe6mm3e2n	a20bce3cfca8
lweoyldes	ccb599d451ac
lwiz91jcr9	14d27f27f7d6
lwk44qdvy3	33d6371203b1
lwlinfggn7	85781f8824f7
lwssdff00y	4a6eb2dd6e11
lww55asvy3	b8541d957ee1
lxappb6yty	f40346098499
lxcjbw3shf	97ac1c5dc120
lxe81fllif	f95bd01e6c73
lxh3ujxpx6	0dc945ffd87a
lxzjwlvtfi	c6d339345631
ly4ilmclgi	eb7596edd718
ly9n54pd9w	a13a40bd0835
ly9zu3bhg6	5934b7bd7141
lydld00slw	caca5dc328fc
lyfedsns17	6d7978be67c3
lygj59fgcm	17d9817df8ad
lyks7dbe1j	c8f965e712f9
lyoguullw2	4b49b7dc508a
lzcksbx627	ecbea8d94230
lzocihk6ap	14a1d825f551
lztff3dgov	c243ca5d36db
lzvul1dze6	8854f58ec28a
lzw6uiz8jh	91ecd4313c60
lzyau5d8uc	f41da64f15b2
m049vzvjmu	cb6f8abc5130
m059ylzqo5	17c2028dde8a
m0ixz7bqdn	72ce9ec7b3ae
m0jswo53u5	e3d000678028
m0l26kj425	2fe8c342abe2
m0ngl30g4z	89f402ed612d
m0npfeghga	e03f976dfae8
m0rh2plfq1	1b8988c2814a
m0t65hiyws	b30422bcb4ba
m0z841rgsi	ac77d08f525c
m1cl4b5igw	b8d507e82566
m1dqvxovjw	a8b494f947ae
m1i9k0i5js	1851b38a67c9
m1sydyq00c	499c029a10e4
m21dx5nhgz	126e1b05e5da
m2cp9fyb2u	61b7c2852a52
m2ihrxge3i	1bbca7163c2a
m2pgkmiqz	8fe13b2ee3d2
m2q11k9bvh	edab15ff6216
m2qfe0mt3t	97e3918a2dc4
m2sv96ewoc	a7644ee58102
m2t4vytabq	f2020a9e4c54
m2vc4jpjqs	a69a0ef4be3f
m2y0vskp7h	8d59376d2e80
m33gvttw2x	eb62535c6fb4
m38y9s8kdo	f1f196aefbb0
m3clwnq1c	3e81ab029786
m3ds6mpzrp	7e41793a2788
m3iw8fu8hf	d738f7d149b6
m3munp8dgc	6b13c9c2c9f8
m3xuf0xh7o	ef1c3c92ae5d
m40c02bl8o	b410c9f83148
m414q2rwq1	51379be4a3fb
m41y09i1vu	e46fefc4a2a2
m4akxp1sj1	0b5cecf15447
m4gddfx1vf	14439f587a81
m4j589az5v	18ef85875a3b
m4rxnviubk	5d5f6def75c4
m4w32ayvcu	23e5bc5d5b93
m4wfx2zwrv	4e1c47db16bc
m51wdjddtm	8d196cfff4e9
m51zj915mx	2fc44861100d
m526tlb9ku	af53ef3c9ebe
m536mohd4h	101fd985617c
m53byab5dz	971e2cf05e56
m55rowbh1n	b8169505ab79
m5ao20cq8r	e03cd877614b
m5fnyaxflp	faafd327e7d7
m5nx5gap63	393c045b2938
m5xhcfiazs	c488d796a460
m5ze5xgg3z	e23d28de76a4
m60t1o9nch	2ab7d3afe7f2
m63upnuhe2	85ad03b794b5
m6s1macey9	c4bcee3ad1d1
m6sgvem343	2eaa9bccd5cd
m71d0zrh74	4da93fa1dd67
m71r1eksuk	c59166811d7c
m7ba1qeooy	43a1045e58d5
m7c411vu4l	c04cda92ae3d
m7elqz8sf5	705bae180b47
m7eumdg4bi	b350ebefe1b3
m7j9q693pu	ff563b152954
m7l76m5k8u	834cc339f310
m7otpde5ad	b3e54297754b
m7sl03lxci	9d11f3fdf514
m7sx3drw46	c322ef24f31e
m7upxhno8j	2d149774d851
m80z6pfcgz	02e7e30ec9f0
m8599yn73w	cef20156b421
m85fs63h3p	708d2d96eeb6
m8f47msh7g	9fcea083a08a
m8jf2iwk1	1d5f3eba1d1d
m8po2eb1xm	44b5a2f6f221
m8s1glisv9	8c400d315109
m8tojpt7lm	96dc375ca156
m8xu027i7s	e6a5cb7f42bf
m9chfhfqcd	5f31c7899a07
m9mf4c67h8	23d3850a9002
m9siti649n	83c583633949
ma65z1ajzu	f983ae5ca011
mabzueohom	c29c70af2db2
magf4w16nw	9ee634c1446b
mak2a0zi46	1fb8d4b78286
maquhu5x8a	55bd4d65dd35
mau6b9lzl0	82e5159ec3d4
mautwnwfx5	ec5670baf0b3
maxyk21phb	2544b8981dd0
mb4cwt9z91	936b5dbf5018
mb523y9o6	be164419a2b9
mb6l1w0xq1	18bed6ef459a
mb7cxng3yp	6569282e4702
mb9z2ill37	505ce36f72d5
mbc05989o4	48d9dbc4a755
mbc7lg67ff	48a6593b2701
mbdee6a32	bcf634fa934c
mbe7mnbuh	753fe2e38530
mbexipbhm6	c14ab58df410
mbizlycltx	36f1bdce9077
mbkeinrvdc	a5e30043de7c
mboznmrai	9246ccc95e62
mbwn36isam	4fbc741fa6ec
mbyngdva02	5749305a071d
mc5l6nxog1	12e35e69a0a7
mc6wsgt15n	dea4157bb488
mc8qqvsvea	ecceee999a21
mcbhdgea00	3b71dd05092c
mcf68xcsci	711d8a98d42a
mch7tt4hjr	fcb378b7d4f2
mchxdrie57	cdd8a83a44fc
mcroql6fdg	2460105d2c85
mczxgfidte	af85cd3db5c5
mdbycne06o	dab22dc61452
mddtg9h7s8	0b3860a3497d
mdh0t95i4p	651a4653fcb9
mdhf26x6kx	df95f145f72c
mdjypoht2a	2b6a9075691b
mdwpag820f	c84f39767b30
mdyeyt1f6r	3a0731e28a35
me6hu6hkey	51e36dd03676
meetpoi0b3	977812fa4d9f
men4fo3l5h	5dd520bab233
meossny83i	57ecf2ae276d
meu29slfy6	0e2bc4362cbf
mexuyq4qsc	eeb118947a0d
mey5qemvrx	fdd4f3a7b404
mez5ewcf1c	32a2239211ad
mezspabdiu	18ff98c8cec6
mf4razfkku	deb5e17e1ea1
mf9jn8c492	3bc79d5dd65e
mfd84qaiqg	4590796740fa
mfdvod5tlh	ac64ebbcd56b
mfvkg5lmnj	9d21dfe7efc3
mfzwljp6r7	a4ec90a2bd49
mg3a75964j	47458599d1a5
mgjno7bp18	e03de78a360b
mgsxjgz3jn	cc2de49e49a4
mgtpr9vagi	51a0ffb3bb56
mgya6xiodx	bd12bcf300fb
mh1eyewuno	9a42b3d543aa
mh30d50d2t	d28161b690e8
mh9dzq9xki	328b4363485b
mhcwo374ym	c9246d90420d
mhv2ovtdj3	20383ed4fd75
mhyaq7j5vg	f4f5dafd2e40
mi1ncu9uqw	c8d4459e2e33
mi3wwamfr3	5ca15f881feb
mid6cpkkt7	c910eb3198c1
mie6t1cgq2	84801ad06269
mii9fwb2sc	a67e20ac7807
mijil9qz6e	11311307940a
mikqqdk69b	55c4a1c1f1e6
miragqbt8j	8f521903667a
mitogq5sbv	0070c9e37a24
mivt9avq2f	d85689a98235
mjetducpev	00c1c498a748
mjgvwiyhx4	56eddab632eb
mjhfjlwftf	0ceb946578e0
mk0sfnfgbr	7cbd912cb56c
mk1rlv6q4i	824486e8a2f4
mka0fgru3e	0df29e62531d
mkq5yyvz4d	1a261e8d12bf
mkr85o7uyj	163e60b01636
mkxy1mqvnn	fc5fdbd416a6
ml3esk0div	98239a0d0742
mlii6oeqhv	7a667f96aa48
mll4d5dh73	aef68fbb3bec
mlmcbon8eg	ca93dd583d4d
mlsbnhabdk	f5049cb3e36c
mm3lz82nc8	56d2e86368d0
mm50ykxgh6	8273d60c185c
mm58fiqds4	20d74ad85133
mmm57ka83h	c0394c93d794
mmtlbfv07f	0f8cf66cf07d
mn0ch8naq	7a6984fbc17c
mn0ta56ff6	84ea4492920c
mn8s92woyd	de52d062ff1c
mnp0vewyiy	9095b00e45b7
mnplj1hx53	70826bd21254
mnraff7j4r	94bca2bd7350
mnw038ryrt	fbbfb92a23c8
mny5cr9h5i	2d0ed5f4af6d
mo9mhaw5eg	9c515e135dcc
moanrk70j6	1863ed7bd5cb
moid9tlqn8	59e1eb1e00f7
mp8ut5k85f	75616de5360b
mpe2qcp8jc	631300d57d52
mpild2ro1n	6dfe39a7fae0
mplf1s13jg	ba7b66debc2a
mpp9svv5	3f7492b3712d
mprbeokqd3	86c1ac561966
mpsgq4rhgm	e777182ac48a
mpvyr32y06	79db1109b09f
mq24fjpxel	c5fbed4340d9
mq3uzzzdl	d9f06671e258
mq3zus7f0	5a7b84bee1d1
mq71fbeq43	90b896e6530f
mq8lfhqhli	2da58886ab2a
mqegwugq2	5ad3b10bb1eb
mqiyt5mhhw	e9dd9baad953
mqjji5ys40	b9e32661a062
mqkzl5g965	5f862e5fc7b4
mqlxyzb0nk	0a5b1e33e914
mqopq0fwcs	aff8d121692a
mqxeua0uw5	fd0b6da016f3
mr00e9dfp6	ac8e3e8d81d8
mr1fkx8wha	3ed40ad8ea55
mr48g0mbte	401ce19e6e64
mrh8u73pl5	cfd35efb0e49
mrnsmyhrl1	fa2cc5126f9d
mrp5yhwmmx	1ad7230cfc5e
mrsbj9r79p	e8c690f122e6
mru4anbh0z	b46d80ed0b12
mshgvz9dr2	10da629c92eb
msuchscbka	536be1b57e38
msx3v1jv3t	b375eaf94476
mt6w86c6bk	f864ee2dbcc4
mtauoa0xqv	09776b4be744
mtl29cmncb	09d7b78c7299
mtlnjcr2ei	57ac84cdcb2d
mtv9u77io5	e72d15a38d83
mu9lsaryxo	de00cbd70f38
mub5ortg85	5cb3d9e9617a
muegn133bj	8810b435d218
mugfjtmd1j	6786a316e7ed
muijt9otom	e78ccea644de
mukajneh2s	aa85ee351ba3
mumo2viquu	73454f50f58d
muq8xk36xe	02fb52661898
mv2sm52b73	79791d6b2b71
mv6o4btazh	41d00dc067ee
mv7h0im63o	026620d01bc4
mv7q7ur7mn	a5d8460bbae1
mvd6jxk150	c09429eb0de0
mvqeip7nuo	1ab76d0d577f
mvykl3cj3b	548fac9fc6e6
mvzilbd4t	ddbc65f30450
mw5jl0nv6u	72991ecb0ef1
mwngrsqxvf	a7477c76852e
mwrppqefhh	b5267f9e93b3
mwvl2etks5	325ef9a0981a
mx2dqxid1c	1802129be0da
mx3twu2wv4	bd0ed18ab8ac
mx6el72vpk	def830eb0991
mxfw1latkp	03c1d32c855f
mxhzgqfg0w	b19774f16dea
mxkwfrhtye	fc02e55b50a1
mxlh3bwme2	c51e8a245948
mxo1fm7hip	a80f17713c34
mxzyv6ow8y	e275b539acca
my0n5ar8e4	72f6d2577fb7
my2rumpffy	1b3087fca73e
my8n43iyra	bd7dd5b2e914
myg8ieftca	e0cbd89a6401
mygcdexjlx	63617a04735a
myiddw2z8w	508a03cfcd98
myre90ytx4	1c6abc6f95e5
myrtrvcx3q	2f318945b3de
mz3ogilzws	2c8416844104
mzejqya2se	33c47303a94d
mzkc9o063s	880812380075
mzkvjogjs2	5367ff93fc45
n01m5wfgpi	b99082b20379
n03dkz8zz3	8edfdf11ffc8
n03jxclmg1	9873a21aec33
n0cni5wpas	882366db8a70
n0pay2knu9	07d0a7e5c883
n0pu1i0bof	130c8f3a916e
n0uudgryro	2f2924edb689
n0y6wvxhz4	09e4ecea0674
n1030hlk9d	6c3a40a71d16
n11wm4e5oz	116b3af77f94
n14cwmt2y8	68a5dd0be2a5
n16omlmb0w	bb3fdcf85bd1
n17lw95vv5	21ebb7866db2
n1ku5kufmc	1c2db5fc0100
n1lqu07tds	7f756f54c3f6
n1msvsqg19	7625e96767fc
n1oqe3lgan	69e146f7229c
n24khqd8zf	0a5f332437b0
n25cbcox9x	913800e5f790
n298mzzdi5	d1de05d47d79
n2bk1nauv2	29f7fccf4f81
n2dbodb7vk	e02bc443d062
n2q5qedmf0	9e137e08cbdd
n2uzt8nzy9	c96ea2f3f3a0
n2we7hg4fz	8a76142b95a3
n3jp71h2hu	0fb907424030
n3mb81fxqv	a4c877bb8599
n3vj71jg7m	bd754fa3f8d8
n42a8mvsv0	fcfa583f673d
n43u76v832	103067263002
n44utmiluo	260252bbc500
n45g59sj4k	1da7e10d291c
n46c6hth0z	44f9c1f518f1
n4ei28pfw0	8e8df9de2274
n4qk0474mt	1b66e4fd60f3
n4rza9igzr	65135fcc5635
n4sbdsspuf	37b4ee356021
n4v3ap9ezq	6425768bf5d6
n4v63s8f98	a9f27d6e6d26
n4wesu36qr	3159a4b156a7
n543h3unu4	eae86dc9ab96
n56z0az5u1	ded32eb9251e
n5darb0lyb	df19a3439555
n5di9cipku	5055872f36a2
n5imx3bop2	820a7ed3b15b
n5n3ws6ptu	3016697b1618
n5s2jq7xvz	7541ecd162b0
n63h31tlb4	d707387a3e03
n6b8nmiij8	8797c50c01a5
n6cp0zx1q3	289727e2a669
n6lk25vgoy	751216767871
n6o48qq34i	c140cd156212
n6rw4oyv6x	e97c8560e28e
n71b4c8289	55e1880bb597
n7ehv3z3ry	a8bef8f3197b
n7j0dj1hce	b4e5aced05de
n7k2y2s9dd	f658f9487d77
n7nv7k8qsi	96dfa280e452
n7ot6qdzdn	8c2d4c4fb803
n7qgj9my0i	8a557b9f755b
n7qh3uryww	fb119c20b1a9
n7tdfsz6b5	9a6367dabc26
n7vw02rlo6	d9cb3a9b2dee
n7ystqbps4	93873faaa462
n8823kqdsq	9f2cc2e7eb4c
n88fa6j6y3	564bc08843c5
n88x76i6nn	582d9e397c68
n8knuhur5h	b59db34c1b6a
n8n6llqub7	4986204b5808
n92k93h1tn	98aed5fe0b8d
n92pw3gz7q	9687703b78e5
n99avlj2yg	7061584aeda9
n99famyk19	a1e81549024f
n9j0e6n05b	737a08358406
n9j75wn6ys	c328310e55ee
n9l1kd5srp	f0b09bee3cca
n9ml1kzpld	a9d5aceef545
n9wj0o8a7f	2d47f7a1106d
na0t4p78rc	4319718b425c
na2ifef485	7cec75f18065
nampzorx93	6c5beb65952f
nanlomusfb	3b18e2857053
nap0mb2ci2	d535c5ef8211
narit2b2m7	1f5e3e03f888
nazj493qcu	3d77ddd77185
nb09xk9ktd	a8d4bf57888e
nb0jz3v507	198a1124af57
nb5670hvzq	9333a550ef2c
nb8mdh1hsy	ab67eb4937cf
nbec8m10ay	4de131f3fdf1
nc4idgrm2u	ffcadbd1d7f0
nc4lckn9np	60ab94449a8e
ncacmt1he7	e926b2aa4538
ncbm2chyg2	aecd01a9893c
nccph8p85n	8955efb9253f
ncd5k3kd79	587bf8cab949
ncenz3z5v2	2122354a88b2
ncf27h1s0i	a73a8c23349e
nchm2i7i2s	b772410a2c6d
ncqckq0fyc	38dfaca2263d
ncrdjp3wqi	410cd3a167bd
ncyy783am5	669f86e4be91
nd6t33jldu	c3335e89a7db
ndb18hyi2c	70b686586995
ndijgt5c03	bec7ff73b42e
ndk0q1l1d4	c64d8b98a954
ndmsnalkxh	481842a3cd3b
ndxbf7vrzv	73e6442c0521
ndy9aqblli	9920ebed7ec1
ne13lrz6nl	3261cddbd892
ne1cjxevx9	30e903dd1d37
ne3w44sel	e76722f4aaec
ne7atc9hg1	bb3fd56ebac4
negbvaqlgf	b1c1c5442bcb
negz38jhye	1b7d05b668be
nepklhr7bp	e89557232c5b
neqm0gwdjs	2128cd3fdccd
nex7sit4w6	45d8e06e6f2e
nf50gq7ua7	c7da2aee2a60
nfawgotq83	8309c7cb2100
nfdi502y3d	404ff4f1679a
nfgu1c7cjg	29240a23eaa7
nfzs6gyqic	3431b10a56dd
ng4ufw69so	05a732d9f378
ng6zjj53yn	ee08b20df5a8
ngind8mlb6	47985110e0d6
ngirchr08k	b63fa6270782
ngmbrphc0s	9bca08cb67ff
ngq4z7shjz	b497f737cb89
ngqrhqemwo	08bfcbcf8994
nh01zbnw65	07e01ff6d61e
nhbsogbl73	576e004488ab
nhjykzzm46	5af77bd75e61
nhlge0xtks	29c11021daaa
nhpz1n9x4f	afaf13fb3d0d
nhsen0jbfe	2249b96ad13b
nhsuqv5znr	ee7787e18680
nhxrm3ynb8	6780f0c02c7e
nhyua5pri2	0203a9d2d4c8
nhzisdkdfg	ba9e4c849d4c
ni6ez57jbo	9579b5a49377
ni9p9n1aop	077fa0d1ee77
nic5aoj7pe	49068f29bcaf
nicvcexdh0	c123820f849e
nidzbxvzrt	cccbc8d51fca
niiz2tss4z	1b4c44096bb8
nikst9c7m6	8357196072ef
njdmivk4dd	624183a731a9
njdoi7z0wg	bb029a22691c
njmbuiaohj	690d4e247c22
njnob7gbgq	e0166cf2737c
njti42tkdu	715e634219a2
njzzzc14jn	2117822ba935
nk153t1r57	d3a38f899cee
nk2zijglzl	ac8f878c9b3e
nkhmic7wpy	bf6cb80ece6f
nks49e9qld	a883db2b2042
nkstrbxh0l	a8b9d6b452d2
nktx9wp71n	3b45768473fd
nlifudkh1a	a56173c5d3f4
nlpcocrb8c	7e012db2975e
nlqzti8fmd	99d8885842b3
nlws0ndchz	55502a6ffa90
nm2f85cav1	857a3a550504
nm94oh6y5a	cfe36a3f47e1
nmj0fqn94x	b3998ce39f24
nmn7qoq0xv	c6c5792756b2
nmt6dtjd3b	639645969085
nn1eadzs2p	4e6c83ea295a
nn2i9prwoi	bf72d2f93aa5
nnblpnsz3	37b9339c4ef9
nnmkmnc3ct	8485f998bfd8
nnpnklwj4a	916f4e767ee1
nnq52wc4ch	108838182d1c
nnsl55wqo0	1dc1f2646092
nnvumemap	d1a37d88317b
nnyonjqcul	f84b04ea02a6
no6xaov6cl	a20dfb986149
nobbgh7v3d	b33d4abddc3b
nolerwi3zf	e0c5a526c486
noowq0fgk2	adf8f87af146
noxkdfbsnu	8013054f354f
np47vgc250	e82770cf131a
np6ja5orz8	91378710ca4e
np6uqxgsw4	ef240246d8ca
npi1d6ge7x	2dd3daa1998b
npjeke676e	7aaad2826a44
nqbax0128r	a5673cecc18f
nqf0hl0x2y	e4a4f1f7510c
nqkyevrnq2	6d55a2cbc563
nqm22irzy4	4a7ee11555e1
nqqprz6mb7	bd694e6f4891
nr0owruiac	9a9da5a6a087
nr1iips4tg	c186f1cf026c
nr24camiqj	e1f0efe3ad90
nr5b9p1ji9	bd2f38a7ebd4
nrcbz9meou	7a45464bf99e
nrct6txy7e	0d0372ca2352
nrf1ydw6wq	5a049e9decd0
nrfeh2lit4	76c86648889d
nrpvaathej	41439658861c
nrreygj044	18b7267dc767
nrt6vioopr	6d79e71e811d
nrz8vvaj8v	b8be3b5f053b
ns2qogxiti	b63c13462bcd
ns2u1hlthe	f4b2aa2fe76e
ns6ykz2nfi	0ad1196242f8
nsed29ote6	262dbf7614bc
nsm54sesb1	80968e13e415
nspzitp618	974f5b6ef27c
nsydvg5d3r	707127db8ec7
nta7c0ryxs	bb1003a6ce57
ntc50ryo4p	3f69f0d1ec7a
ntgnfhentg	558a573fdfbf
ntk46uwikn	52e2621ee8fe
ntmka8x15h	c4382d1b75ff
ntsg3hbvx	dff374069730
nu0won27qq	f5f4e689d1c7
nu2g6mwxay	36a3c2be1f50
nu5yb17mpw	096d208b1b0f
nub766jcuy	4601f83be210
nue31b4by4	456a65da3d52
nuyry0mwn9	ac77447e5e5d
nv3xg0arnp	ae6634c66572
nvaq4n5wjs	8cac90674ca8
nvbrrb8agm	268c0f33e0ea
nvq1rtekaw	060788c3855d
nw0rc0qu1o	0f2b002558aa
nw56ogxxpw	ea60be0ba40d
nwaw3slb4f	d0f366adf795
nwfjvt0nmz	97e8c5526e33
nwz5lpmigy	0d89d97c441e
nwzczc2vdt	dc4fb04603d3
nxibnqa3rj	f717f6afd406
nxkuh8mt1r	b25d93182ce5
nxm0ro21y2	819e9e206965
nxr1tv2rly	add17f6b4dd1
nxxvdyrl7a	dfbbdec82955
ny5rtg0pvv	b6cfba391a42
ny6rtcjr42	a22b36510fbe
ny71719gyw	886cc009cafe
nyhn98v7r1	2202c1f55830
nyi47snbfi	2ddc89a4dc79
nyixesdc87	3ae99b64bfe0
nyoqgt32b	c5ca25861574
nyp6becw1a	3080923c86a6
nyu1wx19gg	120c2537dd9c
nyzzz0tklw	53d1f4c6ddd7
nz0jew3pua	c5e219c54444
nz3oslvgqa	83257f46c466
nz57cszqo5	fde590b4ab0a
nz7owr786o	e997bad934e9
nzr2ptj2d9	9b92ae136109
o010og0zov	cd985ff4763c
o01wbsnzkp	8cb55205b124
o05hmq9dt	2a97d76fdbfa
o06yqg2rth	1adda4a9d7d1
o110fo0u4j	4825c1bed49f
o12yccd5q7	033d73ab9614
o15zd9jbv4	3ec9b623b231
o1bj8bs3q7	6e952b57a974
o1dfihhcov	0548f2924f76
o1e6i46drb	5591b9da2342
o1hai58r1f	3e40645a89aa
o1iu2dndq3	227e30c77f5f
o1kclzqlkz	002a4d18b5bd
o20bj6hmse	d48ec204f36e
o21ad0zs0m	3eb0353b6ec0
o2d7kv6p1h	149ddc09d7d9
o2d8tcwilb	126d3c4a78b4
o2i59zjna7	9b78a2acf284
o2lq8s547g	c6b29291c73c
o2t43gq2kj	2382ad61626b
o2yspwg4do	8aba2e9f5a2d
o32l9n8ffb	f24d09c972df
o35zdout8	dc0a13e95d16
o37yy1fkqb	5d7c761244fc
o38s4adh1o	84b95616146b
o3kr41jy2t	cc966216e968
o3sq4qzdn0	0e00684a9065
o3v1z324y2	31bf7af0092b
o4bd1ntuad	4dfc43303e33
o4cjwptwb2	cca9488221df
o4h123h0jp	af961db8f15d
o4ln0mz7hl	4a457d083e41
o4ol12dkio	180e8cf74f5a
o4x7ch0vb	1fdbfbd782e5
o5878axpq3	08cb8eaa6115
o5iv6325dt	051b700b4197
o5ptphhlee	27a0aac4fba0
o5q39xggbx	a83d55853bf1
o68q9zmqm9	5da673e1e515
o6d58iy3nx	4c0c99031cb7
o6guelw1kx	6b4f9c9adf17
o6lny2gfwr	6b4459bd2b1b
o6ste8pvt8	410b154a3f6a
o6wa6dt9ks	c4e2bf6019e3
o70tidnw7b	aac3c2d3a2d7
o79ulkmm18	311cb5eb552e
o7c9fb7wv8	5e5a2d674480
o7onj08wn7	1bce80b1f401
o7p5747llr	e549f401d428
o7pcdcqjth	0a79cf7dfe26
o7w2fbqfcu	9aa31340aba5
o80g6ewcex	b11d72494fc0
o82awyvefc	7e0939161fb2
o8f2ehs244	9ab8817af541
o8ga9uaikx	984678bd5ea0
o8nxfgjook	47b81dd86681
o8okcmyoqk	62f3462698f2
o8s421w3hu	53e1fc72ce5e
o8ulegmkwj	de3000ec6e1c
o8uptu7hbn	7195a2eef082
o8ytbcbx3l	db34d62401ff
o983ye0yru	25999ad95b94
o98vosm0t0	27663bc243b7
o9n8zt89qa	f6cbee0c41e4
o9obvxa44m	0022d51a1eb1
o9pui2ob5i	d96a341c9240
o9pwirnejc	1e29169049e0
o9ygvtm5d7	3156053f6830
oa8g0wcdhc	44d97a2c37d5
oasadpc3ez	704052beab5e
oav91ri7ua	10070ad6231b
oavm5hfq2q	253f5f07a8ad
ob1qfuch54	9ee59d4eb086
ob8jkp16iq	540a3678c0bf
obbx6khauv	37eab48c979c
obcbl305h6	08a807bc98f8
obilagxn7r	a21e4137661a
objn75u21a	641c30523e9a
oc34tfl4ow	60ffea1abd4c
oc8idi4owg	c45f954bc206
ocbc4vv1i8	0300282603b4
ocget1wos5	98b9f9b11629
ocmob1oxd0	3b72efb418a7
oczyjw9yc2	b717818c6cfd
odnnuq6oev	57d4bb5f20b1
odon39j6bj	ecef81f46250
odw83vw3fw	0bb92ce44b45
oe0magk48j	fb7401ed28d3
oe26wdahx1	965d861f7265
oebde2cu1t	4db3543f5627
oedctcospa	3338117539b6
oelx7842b	ee5a96b30bf7
oepeo37k9b	ab1d0d7c8b42
oevom9nsg2	d5b8ebf81885
of6i3wsj4l	c629a095050b
ofbtpc0g91	ec5aa9e439b8
ofj958935c	d972338c0204
oflmo016ez	b1d83b5fe386
ofvxhv2g0x	9aecf68c12d6
og9ldkon9h	b37197771acf
ogayd3vuu2	3aa8c20e22ee
ogcxhmkxcd	fbe1004f9dc4
oglqqh5wii	4e8aebb2f987
ogo3fexjjc	3011dbc8f396
ograbgqph	9c4144a1fe35
ogttyij9b5	c4ce5d9568c3
ogvcvva9pb	283d7e1c2ab5
ogvhp73d67	ed10136ee5dc
ogw6xz6fod	7a8fac940a8b
ogxlcf8131	7716437d59cf
ogy08nem86	a2647ff1bece
ogy6v98r4o	32a1defc946a
oh1tmxqamx	2efd8213548b
oh53ui8qat	0c5e3d03ccff
oh653n94uf	bf755454efd5
ohau0pwqxn	ee79561c2044
ohj59nw483	6975811e3e49
ohkd0d19qj	46d5fa01a393
ohm5a1vo18	e0c3d268bfef
ohsvvcxoks	2e83a4eb84c4
ohwazjdxst	fb472998cf4f
ohzl14oimn	33a2ebec261c
oi2il1kc5	ed1b568f02ea
oibjrtdron	a81682a1d1d1
oibpoi60cv	1bc978bca1f8
oifmeltmdw	5476c8f0e100
oii0kub85p	354caf710ab6
oipmgbgvlr	a7062fef5b24
oj401rmk1b	9a9342d4a819
ojhnttjmuh	4058d61e5b95
ojkawn2unh	a6f29564b995
ojqv5uefof	228cbe83f6e4
ojskfgo9i5	c69498a63b9c
ok7disgfsp	c6b0bc17a38d
okbrlja1oc	56ee9eb673d8
oki7p9c6ut	7ecb8684cab8
okjf4kav7s	667e0ee76cae
okquhd6k5f	a45698cf99f6
ol6fdcanwi	9655691b1a52
oldguxewjs	c7e120165747
olorpjdmc	cc9b9f2a29b0
oltsg9kpxv	a7be66e286a6
olynqykbcw	2632fe6ebb9c
om3ir0ea7p	516c94f551a4
om9i1doprn	a59488fe3acd
omeqowiefi	4459e74eb867
omhz9zgg56	25796feb16da
omjiv6zw1x	68ffec2c9a81
ommac8v4mx	7884808cdf65
ompywnycwi	abde36bffee3
omsqfdj6p7	778a27fea056
omugq26pdj	bd370d7f64ec
omxt1awskh	c5eaf07c65fb
omzk9r9c4c	67b3f69396bd
on3ar4gycq	2f58898c1b27
on9p5xofl1	84b84ec3bd65
onfso8ocri	2dd9cada0367
onggs95q82	14ba8b23d6ce
ongxk21aap	a3dcae6ea4ec
onlu2ewiwg	79f4a48bcf0e
onmrgjbs6h	22748237d59c
ons2mkwndo	ae6a58789853
oo21k38r4m	eba4a1a89c89
oo5zsndznk	4f83b040a1a5
oo6e715vcb	ca63c55fe479
oo9ay4ty3y	d6f5f02e48b2
oodwytqnmf	74ad82c0bf17
oojskmd4jk	8a05b6ff8353
ooy2ycq057	0cc657f081be
ooy4n2qif5	b86f6fa0e53a
op1nh3oyll	02d88615bfaa
op9rguddqx	d3ebea2c33a1
opbkbogw39	79637d3148b3
opf1vxz5my	eaf910aab196
opp9a7n95u	adc766174bc0
opuk9uf5s	2a5f453bfdf4
opvldi2nn7	a93a29f37ce4
oq1awlls90	5fba223d1e1a
oq4pc4hwo6	de98b5c61d97
oq9vrjjqic	baa968dabaf8
oqc9favilx	423b84525909
oqgn3cwhel	3cef332643af
oqmnncczyx	1218f7b461b8
oqpet7tzhe	97ed37da0d83
oqxz2uzy1a	ed6b5e0ab6a0
or5hqy4daj	ac99ca878a9f
or75jfu3b3	8ada708a215f
orazj007qr	d692068eb9cc
orjwusnlp	5807ea0db004
orwjewy77h	93ba283bc730
orxe6w3v7h	d83ae260c7cb
os5hg2h9oo	b95292b9bc85
os64qp16tt	401540a2a300
os71ctq2if	65deb50208ce
os80ldsisp	aba9ed1092b0
osbcahehnp	dbdedd9032f9
osbhnabswx	ccba887ebe56
osehkemrz0	00e4dd72a73b
osqu9x4897	21bb72900180
osrt4frqi6	dc84db15372c
oss1kokck3	913408e9b1d1
ot29akrvlv	34cf57c8da8b
ot7db89hkc	2c15539589f0
otbmojyxux	7a28f2d7d77f
otcyxz8rth	275ec08ef2d3
otjtfiwkpr	f467f7fd2a7a
otsfjey1j8	71c0546b1ef3
otuhcgdjs5	3a7e3f41973b
ou85jr3e7w	53b134a4a52d
ouk0nxj87p	1d449feeda7a
oum70ouurm	5ec50105ce6a
ourtr5hlb	ad9bbd5f08dc
outqgvt901	36685dbd843b
outqhs3wo4	8144f72c93c3
ouzlnv7t7g	aaf6d6f95f29
ov06swhjlk	62e6dc418b0d
ov0jdu34en	028fd2106700
ov5dxgu1ia	f62b277d4586
ov6jmg2b0f	cf442e4a15d5
ovf0bs5r46	1ae26ff1c342
ovh2hevy9i	a4e24d6cf6b7
ovkkjns9mv	331a81472795
ovl2il4cr0	70932328fbd8
ovzy3z08yd	51d1907ec324
ow37aafoxp	7c897b6cf2b1
ow3ysc5hdb	6916ff7232a0
ow7w33x0u3	c1ebf1f11022
owe8r0s4b2	5897f76ae33e
owe8rsun9j	16dd53c9f06e
owg6kaulaf	efd855173491
owgo9ew4cs	7cd0a0442707
owosvaqo91	b0e59b82904f
owpwhkeosz	a0ab051d2110
owy3jfa419	40b2bfcaa413
ox72f54kde	d648780127e4
ox84p6a7cp	6930a06e3579
ox8cn11iq4	c4eb3a310b2f
oxddn8gpha	f7ed413578ec
oxgpgvp9gp	fa349dd46ab4
oxhjloag5c	f7e3d4ab33b6
oximv0fhyi	24f08b9018aa
oxj2j9jv4p	7a9fa0c835c4
oxkncy3ltg	7aa290cf3fea
oxr1691dte	04b37a386baf
oxw4a5jr6w	7584931952e4
oy945vrjg6	4d58c43af8e1
oydref205g	a4bff7cd9ee4
oyh732hwju	6a9e0728ed9f
oys5llxqzs	89203a1613f9
oyv1oehlep	84c03e5640a7
oyy74sxnpb	4fd64e85e1b7
oz2zgy6ivs	7c01a10d47f6
oz9p4krslx	6de4de39812b
ozbjn9nqcs	1d4f65a1cf83
ozc92iodsr	17b97168a997
ozdif2uhlo	c9a48b674db3
ozg63mp4po	90732ca4d220
ozkbp6py7e	08edf1822f40
ozoipt4moo	baf1364ca7c1
p0153lfzv9	d43dcc330a82
p02ozgh23q	a5095bd55525
p02p3rr4mj	ba02fa1b0c70
p070rm75gw	f1fbb4907cc2
p0a02j66nw	ec8ed2f9c6a8
p0gdnb49hs	f3f00e1c4545
p0sj2a5994	d0a3c8fff7c1
p0vqx3scu9	b80c429443f5
p0z0ckq8ty	b62dad5d1db3
p10app8rly	5e22c033abcd
p18l62gut3	1cee1b504769
p195dq5dda	046584a2bae1
p1j3ovwmjw	2a8ea2bad4ff
p1jaqvwyaw	9a9b1798670a
p1lawx7pur	cef6cc466f0b
p1sqpnlfeh	031a33cb2365
p1yewk1y2n	3e2b11dddace
p21golgrpq	240388f9ae86
p239lugdsk	880a5be4f4cc
p26nzpye62	6b93d7309358
p2ge4a5tll	0400382ce18f
p2gnuy800r	fbb8d79cb080
p2nzyb0ijl	161cf181bec1
p2xaut47li	2362bc9a0c1c
p3415svcp1	ca9f3401b310
p34tx49yv7	6a11bd4ac1b7
p35gkdwzko	e016c32ed57e
p36g59cqae	4e9b59b1a8b5
p37drejo6s	c6ac9460f651
p3a57tbd7k	351142841971
p3dh7dlw2c	6032678bb23d
p3he4no4u	1de8c1f95153
p3igr62u3d	f93c4eab97c6
p3pvq7yjag	a4158db71104
p3qgbsk4k1	8df0f8913347
p4ifrcestg	aa4c411d1c34
p4n5nf6at	d8b4a134292c
p4ppob06p5	2d24a6be0f0f
p4snxj5htj	2ff5ba40f158
p4sssn52xb	1c926a5f7f37
p4u0ju6auc	7cc4d6917a21
p4yhbkfsxi	dc40301a91a1
p5atxqwi3t	4b53eeaaa456
p5ctkcjgjt	af6e05d725b8
p5ix2wpbin	6ad538fc3819
p5lgtaqf4j	a9cc9de6f2e4
p5q7klrxm8	ac7ea781cb2a
p5w8u7r0rr	7111c3a9c3e6
p5weexjjkc	03cc3d80318c
p5zmt2syf8	84e03f8241bd
p63ci6dcsx	7df8b2db380a
p6awymt5se	845651d08fc0
p6b35ydeuz	d2d34740ecc2
p6dtnq17h0	48df13029e2a
p6me5g42t	4ab6e8701d09
p6w24nuzsy	0ee78d95018f
p72awhw5uu	d09a100984d9
p76ajmw9sf	38ce1f650c84
p77fr00bs5	f3701bcd651a
p7c29dx0dt	47e043b0ae0b
p7e7646pnm	d4f4a7b13ae3
p7ugkubn7p	5dcb926f88c5
p7veaj32he	ec4e954dbcb5
p7w3236l4f	e603fdb92099
p7w6197v72	99943cdd57ce
p7xzc2fba	8b63723f5592
p8j7dyn1r1	70233eb8d271
p8n402tfgf	32e2084bffa0
p8vgpq9z24	c987e59488b7
p8xkksb3bz	0ed3abd4b5c9
p96ugzrdmv	0a099ef23675
p9716rqhpf	14cbb67986f1
p9f9f1rjn0	67d95f86f0eb
p9osqqr3zb	37050a0ff8f7
p9piuhsbyp	1175480e23bc
p9zgaspucx	569b658e028c
pa0muksaa0	1a659fc74e32
pa1y7g1fhb	1627a1790249
pa21elb0gw	d5f7ecf2b01a
pa7s4hucak	9bd1899aabf3
pa9slfst0z	4469a3941294
pabyk9tbw3	dabf3361324a
padj3ckjgm	bb257d845a64
pao57epovr	ad9b65405200
pb9dnpjkoi	4c0b0e6390e9
pbae2rnkvl	3eb9b568ae98
pbbf5ouh1t	4420914bf8fc
pbkeq4vt38	ca952c7856e8
pbmvdj3edp	435097c494a0
pbntjyoh0q	566302f66f22
pbpdtq460d	15d97a747c8b
pbr9d2s7ju	da2b3987d7b2
pbtqbpefoe	5fefe67621a6
pbv54i36f8	3845d615196e
pc42ombegk	0e06a33bdf03
pcb95vrsw9	be75110b49f6
pcbivu6wib	3bcb6c54cb4e
pcjxpood8h	5db4f7bc9fe7
pckqln8uxf	ff470ffccff7
pco1nvszvt	67c4536c2a3b
pcs1j30liv	bced10430205
pd3h21mqbp	84183cff6839
pd5dc0iipf	9524728c561c
pd78djxohc	5963967d44f5
pdlomc5o4a	7d1088d8bd5b
pdnejtfsve	89f58f9b6730
pdu4ubbfv5	59c67ece9b2a
pe44edecfi	20480c13f762
pe6z8mc36p	e13899c6c606
pecs9nqlhe	84a57b6707f9
pedd256qzk	f7b9f4c68f3f
pepfoser07	8128b09a6431
perj5ju4w8	50b459c203a1
peso1n8o3t	e34adfa2b72f
petesplfte	579a33d81b5d
pexwcin9ex	9f5f2f6554f6
pf01zqld6c	617e14d856f0
pf672htxsl	15c314ba0a7a
pf6aadjbbm	f26c6d5275a3
pfcy2cydjt	2a50855b8878
pfibzos5fq	f9ca81edd444
pfz3ufl0nk	b031b853fd7f
pg1gteqxwc	fa85fa663b4a
pg30uteg8s	9ba074b40e86
pg4648cf5s	db1c19bcb2aa
pgbvq2tn2c	aa126f657a51
pgtq1swrwm	e07dc9969f66
pgxips57dv	3ae53f122b58
ph31f4fyu0	96c1abc866d8
ph41s2yfmg	337534051922
ph7wysfo0t	3d10ce084d8a
phqfyaz5t0	87e5455aff89
phqq7rf6x4	7fd3984393d6
phrvh0e06t	3e15d71960d7
phulnv2bb1	b2f1ada44a73
phyuou1713	39db5d487881
pi51e69e2v	d0dad4edbb51
piptdcxupg	0e55e987a25c
piqj25vl4u	0d4c8aada1b3
pituqma4c9	a465d31e9f74
pj8zjao7ac	f384d34ed961
pjf3xtgzac	43d8ae0e19f5
pjf5lpdg4j	bb2cd9310995
pjlc1nobr0	0d8e9216e57b
pjolk53u2s	9bbcb3b04d83
pjp5y0hamx	01cdaeb47479
pjpslbj874	56210ced3343
pjttnrgpbg	82ca3550a1e1
pjvujnjmzv	1ef89ce27e88
pk09p72jbj	e2b6ecad7c7d
pk72wkvpci	9e419d241b1a
pkn6skq429	bc5657f27ced
pl39pqie2k	333099ed6b75
plc6zxsymx	afc274f59b00
plgalvj5oj	8774fa238729
plkv9ade0w	245eb4eef591
plu82452at	6b6471924289
plutfjmmik	71cd8037a3e0
pmb5tg299x	68d68c5665bd
pmcmrvpygp	07a891dcebc9
pmfizzzn5j	3e18aaf369d8
pmj2bzp9s0	f6cd48e7c86d
pmkgzav2ie	a14841b9947d
pmkteu9ewi	0606779aad4b
pmu3bzxqz8	fa747e872853
pn0o4rm7am	8bc293ed6307
pner4qon1q	e9e1b42ab243
pnq1yvyh8x	822d8eec0b04
pnswga4po6	025e38e58b15
po0fq4iqlb	442462ffc07c
po4xd65www	2786d6f75cd3
pofcgz2o89	251f22f0782c
polqouks3c	21081dbbb46d
pom33fg281	c89d167ec60e
por4e90tru	33c993c5f8bf
pp5yop5w2s	f0728ebd24c6
pp8yklzgoy	75d3327b6fa7
ppgexkj3lf	87932f768aeb
ppgrq5whzx	386800ef8014
ppk5o708kz	40955b5dbdff
ppvvflj6la	25602590b16a
pq6l5iyb71	b379e065be5b
pq8vzqsie2	3dc96c650dcc
pqcyf2wak8	811542810785
pqrs2gqdve	bfa7ee5553b0
pqtnii6q83	4d9fcdb99fce
pr4xdo0vyr	88ebf3157d35
pr64ws4qag	9f3a8f5e43cc
prb972y344	b27dc39c3241
prc28kmiw3	71368b8b8e18
prizkuy5ik	3e9dc0e354e4
prlfhfio1u	84bf0dbedd20
prtuzzhffc	5f551d8f7422
psdgyre03s	6bf7781b6340
psdqao1huw	312927c9de30
psir8ph4b7	0f3382150069
psnzcgf93d	ad73fe75dbf9
psr86yxu0p	4c781028450a
psygufg9sa	11d254058f43
psz6k45hzb	3c141a445c91
ptbschqp7j	6a2e9df53acd
ptcyi9qge4	6a1a7d6c2986
ptfvpjyyvh	1722a88001fb
ptfxbgz2ps	0616ad4652cf
ptizotis3x	f44e69fbc034
ptjb0muhow	d7c560d6f553
ptkoiqjcfi	3f82c8930071
ptutbcan6x	149d25cca780
pu0qnyi928	e94d16258adf
pue2vjgftj	1f0fa39d1d99
puko36slwa	e5b588913313
putu4f3jxy	3cb0242b652b
puwep5l1ad	c18e0206bfc3
pv3mjk0qb5	adb02b5e9f20
pv7sy6latp	a8d85ac50d43
pvemec61il	09b064196f1b
pvgfeecyr5	cefa583f128b
pvim38vwyt	2102e17f8429
pvj5ptc55n	6f5595d57c14
pvn8q4lfog	294be0c1b485
pvrz6ke9so	4f675268ed10
pw2qobatr2	1a14bb4f6856
pw5plmwys8	3ff490d3934c
pw7izhbmao	323f30769d29
pw9nhz2s8y	a9ff3b91627f
pwlg50bkj0	ff62d3f952ae
pwr3sl3g6i	b3a085caf7e4
pwxyg3ypdi	dfd68e0d203d
pxajgcojvz	032e6fc51921
pxbmnfab64	7d6ea0397fb9
pxf0652r3d	61630aa2e311
pxgrgm8hpe	493795cc5da9
pxhrx4pt0h	df341ffa0f35
pxk3eooutd	8829e0130954
pxpzml8tsl	6556f221d7fc
pxqih3r3p7	7c2660d6ea2c
pxtyjq1orx	eb0421cb5e9c
pxu9dxvnc	74fd0388b62e
pxwiqdpf2y	1edae792ae75
pxybg1hnrk	ef66c394dc8e
pxyek3sxhx	216c0afb8c09
py95cnm7sn	b0c8a9d720e1
pyice56ds0	f2b604444f3f
pyjsz64wq2	b6f14beb8dea
pykvo3hvf3	199ffa8f047e
pyuv9dsrhs	1daf1ffbee63
pyv1zruil5	bc1eb2b1e0af
pz8dvtywco	c3c72bf3c5ca
pz9g9jn5r8	22568d1199e5
pzbyx8ivhc	b37753ae5487
pzven2wppo	78fa9f4f870d
q058sctleu	4b30e704c8fa
q06eev3fsc	e99834142896
q0ahfn4ayw	3d6b9c05266e
q0b2xgkfpf	dd22cee8c3b3
q0b6atql7a	e02c63fd577f
q0dxsucdmm	8b76777ebd73
q0o22r945w	6fbf426f48e9
q0vz4m0qp1	1c794e306af5
q0z70amaji	ded14d3e5a66
q14q9kbqo1	711eb1d5f4c8
q18n66ka52	ac0b908a7625
q19aufnru1	0fed2c3ac3bc
q1ciul9et8	f4014e0c8d03
q1efz0xj7h	192fd67c234c
q1eobtbvm9	f189a3227695
q1fhldc2jk	17973546d807
q1g6si5e06	f43d1562c7f5
q1nbhnpy2t	52fbe06e2451
q1qzdkna6y	83fdf5e0636b
q1tq27jeoo	06ae0c0b0f00
q1xhl6edk	5efaca1dbebc
q2btvsv0lm	c68553b3ec00
q2e5o2yvlr	0a45646ceb44
q2ifefhl28	867000db914b
q2l6y2drdy	ee26836b5694
q2lfz6pz8d	9850be9e012b
q2ns0o5op3	8dfdab6c15ef
q2te2p3b1	0bc3c51e886a
q2u2hiq289	87035b2eedc9
q2v1qq4nxr	fe6f41890584
q3bsi60ao1	e1ed6930d631
q3cwsvzfq8	652dc5fdac39
q3gmteru40	bfd46ee913fb
q3max08gyd	2d1cb54786c3
q3mo6a5o6t	6924057b6866
q3t2kq02w7	23f4ba52e5f2
q3t2w42egv	6eda007a9c06
q41i0t29xk	d82de12c3413
q4a7v7n1yo	acb7773268c8
q4dpnusg2p	368b56ee530e
q4il74zdo2	be9e2cfe72c4
q4m24b57uq	40ea708371e9
q4o4i3q318	845760c440c6
q4ogb9cxht	f7ff7ebc671d
q4tha7m2vh	ec482fb99e07
q4w8yzr7rp	29e48f4c7e70
q56o9ogsh9	7e02d016adfa
q582txqo22	e6bb9ce14be2
q5b25n2qrb	5fb50f6222b5
q5c0p43y0p	0a41a4aef38e
q5f3zz3hbe	351d500e3b5b
q5gbv8j540	3e57f9e47408
q5hb2toebk	75b36db1e0d3
q6gr07j6vb	1ad133114c34
q6lkywm6p7	fd3d407c8b49
q6nzqdace	a6bc4bf7d607
q6pyevqm4m	88cc4cfec5f2
q6rx711yav	8090d30b452e
q72trarul	84433c0f071e
q74g1lub5r	99f3349fbd4f
q75uj02spa	6a6f33a565ee
q77efl1sjq	6416b4dd0509
q7hlzqakyf	2f79f42e1ade
q7rbxil5b0	49fc544d4a69
q7wdxvqc56	69f4039cc1d5
q7zch0fx6w	3b2dbba9cf66
q80t8uy445	dd05a0f89fbe
q863sunudm	560a72b14f40
q8cbwqzdnf	cbe23d4c3000
q8d93dc9pe	d4b2fd4a1e9e
q8mr73whna	694259ce81ae
q8yfjoswwc	8fe4614f9813
q901wh6zm6	e2a39cee35ff
q920rwv1q1	6f264b6a9ceb
q9j57obxyk	30df88881eee
q9kpysu3b5	6feb9ca300e8
q9m8au2y7e	399a9475333a
q9qzeige5e	8b27b92fe883
q9xbxwrd2e	8b5fc93c9c57
q9xhouzw7y	6e5b86701cf5
qa2vb68lgi	90c41e2f1838
qa5zvns36e	796eaec150f3
qa9ck1oabr	5c4c17165af2
qaak0dlkwj	331963fbbe67
qaeoyzx9z1	767954160267
qafklhieca	c5226b6b47c1
qah3s3rcng	d1048832aae9
qahjpgqu1h	d15bfee6280b
qakg3t3a22	b39cf25d7b99
qaqxqzm3ua	1b6c446ac2b3
qb3sx44ec4	98707599f146
qb5uwjvsxe	94ba8e9d4b5e
qb7tvf8hj2	d0fc4925f8b1
qbf68writr	1e493a92cd47
qbhh6402b	b02a15695e74
qbi1ptbmfx	16b4a90aa0c4
qbw8gvqcsg	332f02be6eca
qbztzx5sx6	eb5a1188b2cc
qc2gkdno	30227164c9da
qc4oh5s8pz	3cb00be02bf8
qc8enu60xw	a7db6a85857e
qc9yk81r8h	3c95f30ccb2b
qcbo54dm8p	0e402dc3b621
qciminvnzp	291ed01eff01
qcjkakw9ly	f9bdce125fd9
qckl7y1pqg	bf0ce65f187a
qcphr3ez3f	4a2475bd3e0b
qcqs2mtp4q	0bcc58c6b7e2
qcskcdcssv	73c1d95530ab
qcwlaar17v	4023e641f2b2
qd5e539dn4	ee9cc39fe9ae
qd91isddbo	51741bfeb1a6
qdcfq96miq	2e3066e8945d
qdchis02s9	32b396ce7cb6
qdfqjcp6lu	7583d129c6fe
qdgyutsop7	21aef370d119
qdjk7uuidc	20a744c21dc6
qds0a5uedg	fadb4af3e710
qdv44y6o86	d5c182aa16aa
qen1k8uc74	ae3aedec08d2
qer8o6sxd	60f6d55571e8
qervalts9r	a811a93b4cf2
qf3je18r0b	a8cadea71ab7
qf6m0bj0v0	0ca6c676539e
qf720xo8l9	4dc18221f86f
qf831infxh	d9ebc11c269a
qfiifqqkxs	2c943e71755a
qflgo1dmwb	5db6ca040779
qfnpq9ajg3	b9b6a00ef729
qfsbhpnhdx	aab661f541c4
qg2mb88h3n	a51ad613a86a
qgbby23ydx	0a92cf4c652a
qgbvujdtp3	4b67cc7cdda2
qgdri2rx8y	422e1e2fa41e
qgnhwawega	acbc1a2fa439
qgnyvgcjjz	c6a8e86f8428
qgu5zlt6yq	12c16c56f7d4
qgva5hhz7k	632b9f736620
qgyi6y2z17	ab3524460974
qh166s33i9	4b4c38f6d746
qh8104l31q	8c6b31de7f06
qhag7dq6w9	56e0e2239024
qhe5a5i8z1	c03569aef8b8
qhkzpmpyes	e3c04788619b
qhlzox6m94	776bbe2b2d67
qhtqsxmthq	8f08acb6c171
qhutskm8jw	f154b530cf99
qhxiuwu9z8	2e2ede6ba7f8
qhze8l8h5d	bda0a9ae4950
qi9j0e7a0t	61bfae852458
qia3s1sway	2b532295d64e
qic1a146sc	3e3d06e8ab02
qidk0cwi0j	ce9d5a26818a
qifc50bmf8	071614c74471
qilciy6ekx	13e4114dac9f
qj5ugdgjbt	b88dbb5febbd
qj66vgrhy5	7ca4a2fad882
qjnadxtpcy	c57dffa28bcc
qjou9iftyo	f9131566ebdf
qjrp36hno8	2dd726025ff6
qjrpwt4fcx	4603ce73e44f
qk8c4l5i5j	94fa8504fdd6
qk9xlebnip	dd8639ca40f1
qkabmylarr	16a8777b6cbf
qkbh73a20l	64910f69030c
qkbjzdec5q	abc105d24d9b
ql16b7xco	ea501fe87da9
ql1qhprg6c	810b80a6be69
ql6qshd2et	86dd884922b4
qlclh16lfx	bb946bca465c
qlflfem7s9	e35524aca5b4
qlj9drd12z	e2d96eed94d9
qlk6bx7suo	a8e4316926b2
qlw77lbenq	e0a6c6d4cedf
qlwtloedu5	f38fcc5bc5f8
qm1k3pd531	077b261b43a8
qm32wbpahx	122caf215582
qm3mjdjnp6	5ed75757da8c
qme3lynsvg	6aa451a954bb
qmkb22sjjh	d58fcd2bb4f3
qmqtgfz0cq	a9cdacb7fbc0
qmsko5zopk	a5a32c448db1
qmtd8s2n1h	9aa94c769025
qn2tu4t155	8f2960bd2402
qn4k0xszcu	61af99e0909a
qnb1odjzdm	446d66c77f45
qnjvcr3flg	6b5b580b27a0
qnoiulls94	5ddea0ab8098
qnoq214w6r	83d4f45db6ef
qnotdfr2gi	314f182b266e
qnqc0aodzy	46bd92066735
qnwll3verk	2898bae09802
qnz3xj5ka9	6523590d0117
qnz68y3fm7	257ba675e230
qo61ts2wfr	8fd5bcd2b74e
qogm8db402	3b440cdf9248
qok2tu4ueo	6c6171e897fe
qopiwmkdxp	140eb2936a34
qoqgius60k	25c13643d5da
qotloi4rxs	96ee04f79494
qotq7ejsp0	fc493c7790de
qp4zv0534y	7cc38a55f3e1
qp770i7v8x	b232b44d99a4
qpep0c23tx	8bf746e6ade0
qpf40zxubl	0f213fe949a2
qph722he2	26ca8fa31e99
qpiht2tf7y	91728a01a665
qpjmsyzhs7	6a699d43aef4
qpjp791c7b	7a65bca8625c
qpopxcp0qc	113359d0afe2
qpqxcatwi9	75fe084f9f92
qps3pmgr91	e4f5e6261090
qpsiakb400	06ed240c0b41
qpx1s6dpqu	9536a6297390
qq8wrx9vpi	df23a622f337
qq94hmdxwo	cf90433a5524
qq98n8essu	2e4d4cf5777f
qqedr4qno4	30c49b5a21bb
qqhz3mdg58	97d02feb0210
qqkp5lk27j	dfefe61f4d42
qqlbadpb1b	7c7761eb431c
qqmjt25sp7	92fd6e9e3448
qqnl9a0fj6	a547dc18ecab
qqo0hmruuo	ac61dc77d8f7
qqpoo0hk3z	2c6f68e6d5f5
qqvpblrl4p	e43baa0b96ae
qre38yf4q2	a45c58dfa8d9
qs0r07p2zl	506de83736de
qs13lflpk5	ed7564dafc1b
qsbtj4cytf	28c7124740a4
qsfax56vb	b6b6fbdd5652
qsovy4ct16	9aa4cdb9a220
qssy03dvm8	1f80dffe70e1
qsyogoqajg	511ae7c1a47a
qt1zr9n4vq	71dd1944ce2e
qt7b3kied0	10dc7d373291
qti15rwvzg	e4bbd88b7b22
qtls1yddr5	6eb984bddeae
qtn8ll3m9p	2439c33aa81e
qtoqc2ggeo	0bb8e6f95638
qtq8a86dk5	7e176aa114b4
qu135nupbm	fe47f3973290
qu5qquqsne	6020524a0a64
quf1mqdqr	6f4040110e86
qui7cp28bn	7489653997e3
quj3ggjbow	111b7feb6510
quvu1zpx96	4854ecc43935
qv5xy81cys	2f1bd0cfd99f
qv6qwqgiuk	1a522e18d548
qv8funy55u	551dba0c19d4
qvctoobq13	28210684b55c
qvlnf9xiwq	6aacbee2b205
qvx1vohb3b	038b9acf8a2b
qvx7pte15h	cf66e7ecd747
qw3ygfloyk	381264c75abe
qw87xv5u6	d85b5290476f
qwby4wnraj	e7b44aeb020e
qwez4z77hk	43d24594c138
qwjgmtit65	1607b12ea010
qwpp03ad6r	3a4d6952d51a
qwrxper0an	bf007857261c
qwwccj3r5j	dd61a52104fa
qx3ihgmo2y	51eaccb4abe5
qxba28s6hh	b50f22087bdb
qxcjo16ukb	ec9f60ab0b59
qxkhu05uyi	3ca812743a59
qxlfp5w3rt	76e7e27cd6eb
qxmtmkwo9b	5d0a543098a1
qxtr1thvrt	96a36e751051
qxxhqr9f5a	e14306d78c3f
qxxnf8swe8	48ace24e728a
qxxpf1s6vr	5ff52e0f9bc7
qy8lwmxbwl	c4f7c677de37
qya07jhv4d	87ee3d8d514e
qyal19ajpt	bbd020d0d0c0
qydbdaf7a6	7d01affafeee
qyozrkz79m	643655391398
qyw54m410	015cbf9a0694
qz13k1ep90	7b03c5c4d571
qz4ea627z2	8c92a8240dae
qz6364octj	2677c76b874e
qz7zl1zk9f	7c57909b202e
qzitai4d7	dcdcfa21eb2f
qzuh5d6vk	67ae13c14003
qzuhi3amow	effbaa98a990
r04sjoosfh	782b37d54246
r09r50i2c7	80cbfb39856b
r0al94kffg	45912444931c
r0ics6uigk	47912059a644
r0jubyd8xs	88a2103aff68
r0lqy4b3vl	ab8e19e8addc
r0uqd20ov6	04961a610218
r0vdx9jwnf	6b80a92bf1ac
r0vm4s93t4	ab6bad1f888e
r0wizpb65l	d1cdede100d3
r0zh1n07gl	de22b86fd73c
r10dkqheej	11458e798d12
r11mldi5vg	0bdc2c2c0afe
r14b8l2j2p	0934035f873e
r17mbd8jy3	e5a3b149529e
r18w0onhjd	1d57855ae00a
r1dho4gc9e	0bf6a3084c86
r1hvxwysxi	f8305244e6e5
r1ki62d2zj	66328a418705
r1peu44nl8	2932fabd0df3
r1scfcukko	775e335886d4
r1zqw50hgx	6788695fc7c0
r2h8cw37q5	44c186cfba6d
r2ndru0cf2	6a1c47575761
r2o19athp0	dc0b088cc3de
r2w645tdqs	19e576af7619
r33vv5gb1q	281a8ef2093b
r3ahjpm189	383a8da4096e
r3fzb60q25	ca4493d0c722
r3g1oll9i2	6db7a947fd1b
r3pbckiigm	af0bb9da9df6
r3s5jeu4jh	7246c863a94b
r44umynzac	022037e3f2e2
r49s1sv5id	44b1c01683dd
r4b31jnyyh	12420cd9781f
r4bhj9xivi	0b04d90abdd3
r4jg4o6ibc	ee70a96cc9ad
r4ojrgb1d5	5e5ea5815c0f
r4r7v0hgba	52e73ca97c6e
r4t0537xfl	673d40efa46e
r4uvjvqaki	3973b0a3cd37
r50zfdt0go	9d9401d57f01
r5gr8ts1p6	3c8da58602cd
r5i1vyefw5	161b6072bf96
r5igbf5gto	1f1e7c897702
r5j2e4nief	2b16c3e70f7b
r5s7kblpct	3beb33b52ca0
r5s9ks7g4e	7dfd7946742f
r5ucvuskyw	8699ecc4a565
r5ylbp45jl	020695da2262
r65jxioinf	a9298278e467
r65v1x2ghn	e729dd7e528d
r6agpyuwsz	270bfcab4c18
r6lg5gmfff	b34f85f83453
r6rjmvp406	04d80108e80f
r6wqqsw246	1eca33c97dab
r73qifj79u	5a284d009c31
r78u2v7xkp	26dd0155fdb7
r7bnp5ypu5	8e3a9e265a31
r7fkksrb18	539cf232417e
r7i7bpgt21	1df956ce0a93
r7l8s4m9dq	c74382d7e01a
r7q7sdmfpw	c2e923a84b9d
r7rvcsznhz	ba07e8ed90b8
r7syde1qk9	10442eaed413
r7wt6zhq1i	6ba9f27ece01
r87ft8n00p	5eb2eb4769e8
r89muk8lbq	4399b02af970
r8awfldek3	c339176e100b
r8clke4w9a	65e76ae5a44e
r8fpc9ppar	f9b8f59b6844
r8gh07lzkl	b6c76fa7a683
r8qp3dgv0n	7115bab67c09
r8syukqlvm	21f36674ad37
r908uli6pw	d3b66ede8bf7
r97m6o0cp7	d062f2195ddb
r9ba2bkgxu	6cbbdcbf0d05
r9gx86aj1w	3fca016b57cb
r9rc1zlt3b	8368ccda1829
ra1k7c4khw	e1f8a0c75df3
ra5tvhnsvk	7f670cd04aa2
ra7bjr4yrg	4c0460316810
raaaib77fx	5e53c5c213e2
raackogp77	28b13ce1f8da
raepd1lmga	a9410dee4b0d
raerksr8bk	0ceb0cabad51
rag2wv4tdr	5b54ab5602db
rak0lvfsuw	2f795e361d90
ram57tjdos	b679b04029e8
rapvf6zz5x	1975991ac388
raqtyzdz7c	191de3510791
ratypf2ye4	420409f6d27b
rb0lds61f2	eee3e6f5720b
rb5kmq77aj	3c68f78b811d
rb8okomxr3	091ddaca8ecc
rbegnnj5ug	80f90afda17b
rbfyee9fqp	1c08e8568a36
rbin8wdw5n	3dda928a8151
rbmj8b7pc9	34ccc6be837f
rbq67y180k	6a20f503a946
rbqf3z6z2q	82232ad9612c
rbu5ky3xv0	5c06438e298c
rbuqfp5s31	2f9269cc4fc2
rc2rvbf9zn	72dc65a3fdb9
rc8x1814et	17120cbee235
rc9q861xd2	5523cadef23d
rca4e539ew	6b72454b4967
rcbyq05jjz	7dc559874e41
rcd2blhepr	0bc2a7349dab
rcgbdcsznz	e43e55cf73ec
rch0p9tpfu	eebd147becfb
rcjrnldirf	3552211416ed
rcnk9pgu6d	f997e3cb00c2
rcois4to6r	4587d3a13414
rcqijg00pg	0448db9d0be3
rctg4whrpg	664d9956b948
rcwipu6ibn	d16b639963e7
rcwkbalb6q	2581da30ae05
rcxit2s0jg	592922aac536
rd2qjuiv9j	b1d9df4dbba3
rdc0yplpf3	b312c080c976
rdo5g936cr	f6dbb21de516
rdqlqzkp2q	6a9745d4038a
rdqzsmrlfx	9ce1fb313344
rdtlt7wj4q	b951cd1fd2ae
rdw2e9unyh	56fa322e73d6
re4yhljzui	dfcee899898f
re8nyqukqn	efb652fecefd
recrj3kk33	9afdf7c01f2d
refc9oqsaw	d0dd08965ccb
regg05sa8i	e89864efa439
reljhode00	c33831f8d0bb
rentnl7qru	94cf6b459686
reovno26gb	64ce4d9e5158
repca4i7pu	ac0bf0bdd8b8
reuop4whji	3cc91ace5742
reyl35r4bt	a38e82d4988b
rf2sztw1o0	ecef6f80f21a
rfgn70wdgq	147e5105fca8
rfny8vhfeh	542c8c7053e6
rfus4ca64h	aa1979041582
rg7ycwbt5h	73f1e08bc860
rganku6pul	cbc0d71950a7
rgbhq3ftdj	21ec2488ad57
rgmbz53oyx	5019c3c448b4
rgpc8w9oeq	3cdb85f68a17
rgrx0wxasd	8d237ba0ab90
rgtyybdwuv	14a3f61157ed
rh0wq355du	efa596e955df
rh1opni5i3	6a0949a38701
rh1vcs50tf	aff60e94349b
rh39poxmf8	a57ea000aade
rh4gq3al25	f6d3c5f569f1
rh72w6ynrw	bffb2dbde643
rh77d2ptm8	111a67ab100b
rh7r4xsv56	7baaac47a100
rh8vgb4i4	63d3a4f5a691
rha3m8llce	d271f9846288
rhfgvd1rd3	94af1773a544
rhmy4a4n2	dd6a94a6aab7
rhrhi5j4sj	7aeed8a66a7e
rht4xamz4k	5a1291d7cc9c
rhx7ar269n	66a0b4af45e2
ri0y35oe8m	c72719576e00
ri22xlmxn6	91e2937f6b97
ri2hannnic	bf714c8fae7f
ri41mkiqoq	822fb181bffa
ri5h8ivxio	f030ebe5b48c
ris3ew433m	75219e332868
ritzvajt9i	6e3e10323633
riwjm1azo8	cc459e6c8493
riyfsw8sb2	a774e18055b0
rj8mn35m79	1280b998df2e
rjgpq65oej	c78c55678b7a
rjh7xpr2do	9cfa388757c8
rjk8262xi1	b1ed90a540ba
rjnsl45bd4	ad71b4302655
rjycqgg04u	3abf030db547
rjzuamsvh1	4ced67e951eb
rk2h78nbi3	78100a4cb816
rk6be27okz	c91aeba047d2
rk9wtik04s	ad1e2541c406
rkc447npvb	e1c2a3e81f9b
rkg2ak8ilw	2c4131519078
rkjtacr3h1	8a51d11035bb
rkl5gntndu	d1a442d9f930
rkpdz49sg8	9b95af27d7c8
rkrlvsr72t	8ddc79586dc4
rksbm7uaeo	c387a88eb960
rkxh7tc1j5	1f1a414dda8c
rky6nkagke	0837e2c0106c
rl0azpovu7	fc8a950f11b1
rlaxtho8fx	486781fdf8b0
rldc7s12lw	a26ee0712eb6
rlogyim1lv	43b039c96c6d
rm2cxpspve	5529eb3c6df0
rmaulrktu9	ecfc7bdca92f
rmd6fy150h	161f7043bdbe
rmhtrgrhkg	311c464dba51
rmoghqyktq	80ff41d2ea37
rmsvl7kdmr	de7c35f868fe
rmtik97bjq	e91d7accf418
rmxlyhft04	2320d918cf45
rmypit3vr6	544b62570ac9
rnbreldc4b	4bc7835811a1
rnm0o1ia42	4b16f0c9e7e6
rno7mtxa7u	9a434cdfc4ce
rnx6khtk9j	babaed1880bf
ro8ba8qoei	69cc54cd6336
ro994rb81a	2824c15c2e60
robc6swmmw	2d7f55706274
roc58iv1tt	b1733d0865db
rocw1cjj20	7d95f612969b
rofx3u83wf	3f9fa42f7b8d
rols0hbbzu	8975ef5122ae
romk9o9c70	88a4831fba7e
ros33sj71q	1ea8a33842bc
rovuzowc7g	767b2d60ae02
rozh04p56q	0ae50881a716
rp7mvazu55	50102e2bc4b5
rp8m7dvqnu	5a1da16a52cc
rpe9zq2e73	ba124893432e
rpj9s2huzw	1d0d76f0556b
rpmhe25urm	e51ebe6b2ef2
rpnchk0qx	a4ee1500a5a8
rpng66uy6h	fa53063fd50b
rpwxyaokbd	df549e3dde91
rpx4qtf7j2	9f9b8582d700
rpxwphc5zp	9e9b6492e816
rpzdghuua9	7bb9d9fd81fd
rq6c9pvq1b	7b388644ba4c
rqbysa3efe	8983f0146533
rqdcxq0yo8	6d0e6319bcd6
rqeut1vdfp	770c7900b4b2
rqikg57u7x	c6446d013570
rqn5wssu4q	3b6a0e0536ae
rqo63gp5qr	63b6f8ed2ecc
rqqynsz8ra	72e292a8a6b0
rqritfhb1e	895bf936cfc4
rqtitlsew	c3449e80257c
rqvixdw7rt	53f186ce3a3d
rr1typ04c1	200f08ebe7ec
rr88e2uoio	1518ad4bb784
rr89rn991f	ac2cf2a3f572
rr8a0iopd8	f2c7d6b707e2
rrga9332e7	a53b2e98302e
rroupv0goa	b4f636286fd6
rrpky2aej	04dabeba4e7e
rrsrd2e5dj	89fd7a6f2810
rsobm7df4x	737b5115c58c
rspv5cyt1g	15d6cfb71d23
rsvuey91vn	cd448857ef2b
rt5vnxmlsi	888f5f075577
rtcwq8yx55	023430dc4572
rtduyur4ss	a1a0342d521b
rtfreb7ly8	946d3783fbea
rtkcdullsk	3fb7c81b061b
rto2zkoh5d	945bcd5625f3
rtpbiufz0j	0fa0625f9522
rtrkd9sbpe	6ed5d80e5c93
rtt1k8qasa	416622022028
ru28kjprlv	347653429aa5
ru2wkgihu7	dba463c41049
ru75wdbc0i	50066dacbacd
rugfwot855	a025fed6e138
ruhjnelq3b	d3ec3d48ade5
ruiyfbtbf1	1f9f7ca9c689
ruoa3iq5uj	40f8bb4e97ae
rupg35oegv	1cc7b695144e
rur94kmgs1	c2297e4b9306
ruwcsljzor	d669ee5b1c49
ruy6kaeii6	b3b0931cdca8
rv3gre88n2	0bc4ef49b20e
rv95rahbii	8931c52323c1
rvivwz4r2m	4825ec731893
rvkp8lxj9m	6c5cc79a5ffe
rvmesm3bi3	af74265bbdbc
rvp4150sa5	2df6c129dd89
rvqdlygqn5	16f5f9868f8c
rvvcvai1kq	97eda8b304d1
rw02ps6la1	c1890900d0e7
rwblk8hz8	fae0d3a03db1
rwdnikspzp	ecffb8385d23
rwdv0pwnm1	992eee5f19d2
rwh58b7ya7	1ec838942503
rwic5t6nc3	0e6fd0ffbf2b
rwmdg11f12	0916c5d04295
rwnt7lyaf3	a6f46b10b390
rwpalrrxq1	3e96045741a7
rws026rycy	3dc8a1ea6570
rwwi9dx60b	7a300d4d1838
rwxyh6bew2	6f17153ed406
rwz2ykd4r5	29de294b4cc0
rx7g633u4p	9535510d6fc2
rxr4fliwcj	bf8ca33787d3
rxsq4jxq63	be30a359a43c
rxtybja9lv	fb786710d1a9
ry6cmmaz8l	2832ba27de4f
ryg48ub94v	509be531e663
ryml8wwwtd	849931ad6638
rz7i8xz89	0d734f974f81
rz9iky9wa4	0fa41114f582
rzjp8bcrxu	30e1a40e2ae5
rzklhbs72d	2bd200566796
rzmapwn3kx	ab19a1c07b3b
rzr8z7a0ut	3abbb3116a16
rzxdgs8hsj	d3c72d5bd1e6
rzyzjogcct	243829a439a0
s03rofl2om	110d5cddfea7
s05t6u3m2k	e68ea76e550b
s0b8lea39k	b1515bcf8335
s0ez82smtt	b89725f71c07
s0k2pm4jxz	e5d5092c3329
s0mxgkm9ud	59763bd92af1
s1abhd9c4x	47b34705178a
s1hprvsbdg	bbae3eb4aaaa
s1qawa7wrg	3a0400afbb84
s2c6bne565	011c8ed75a6c
s2dgjwcgt	04dce4f259a1
s2fhtkrs6r	fc1616e976df
s2gf49pla7	97ac739510c0
s2inx2kl0y	fde20000c9de
s2myiamdej	564c1fff9947
s2v74cp0o9	729fe7022b58
s31yu30rgl	06f924d5abdf
s33zhyo4uf	99be51bd07d8
s3f6gd0wrc	bb4cec4f237d
s3gb7azqy8	f7579b4ce701
s3liip3on9	5712f37cf07e
s3mtggdpf6	3e1b7ad2c2ad
s3n3eows5y	548a831ea688
s3qyhmifbs	1eb839d0b02e
s3s30yhf3m	bf716b48bb12
s3vddted64	507a48fc5558
s4688m7veb	4624b3bda513
s46d5dh0ni	ec8817fbebf0
s4pxifoo5i	9d9c798aa389
s4snzw2g4e	e78fb0b36ce9
s4x06uinpy	6be004d59357
s4yjthx6q0	9c4b22659969
s4yxnitip6	31a1f7b8fded
s517omfqrs	28f231f0fe2d
s587xkiq4k	67f3caca128f
s5hhx1f6mh	ce0c75619a86
s5izr5xa1c	e086c7d6ba20
s5qtmwp6am	873b57ea05d9
s5r6ga9xga	670aa11d7e1b
s5t5fk7zt9	df4405269787
s5wrpyai2r	808413c1b144
s66irtd517	20cabd70c2b8
s6i0cm3xs0	a7e21cd79429
s6iuozfpax	76fcab018135
s6kw1c64cj	4a74c0e8d55a
s6nrlucjjx	55fcecb064dc
s6sizzfbyv	5ac7968325fa
s6t5rfn16r	eba2232bf5c1
s6yopc50pj	b41e960caf27
s74a2oqvs6	5c1d243646c3
s7bar4r0ph	600614912994
s7i2wi93xq	be64880dce87
s7ltyezurt	834bd95d0a9b
s7zv6ffna7	e5e049058821
s85fw7iiug	7dc1a65479c4
s8esnq5gmc	403e997e7d1e
s8g5bq0bk0	08101cced98d
s8h8t5noxd	84e4886853f1
s8qgoua33y	0985ad2656fd
s8t6zconao	62fec5073b5c
s8tg4521s9	1c6316b04681
s8tyhvcqza	21bdf66796ba
s95kg22748	717151cd557d
s9bjzs50fh	25cac2e17cfe
s9d5rfr9ea	e8c0ef6eec19
s9eqt2fcdl	37d607ebd1c3
s9intwesv9	8126cd3b6849
s9ti3hbbcc	a4f9b6d5ad84
s9y42b6auw	57de66839249
sa2oacj1ly	b5f19b84bde5
sa3yq7a75m	153a70a7c8de
sa4a2pigy8	af8a6af213f2
sa5xc83j5o	24fc6c268d42
sa7vierksg	ac09e3fa6f69
sacr85uzot	cfcd08a7e3eb
safrgprlvg	fbe874151f59
saie2jxkal	7d753649dd5e
sajugf0l6o	10aa5a1c6f59
sao6rhlk0g	66598911c1dd
saq83kis7j	f0a46370462d
sb51wyq60y	e9e3923fce3e
sb6ks8kz2t	a2e305e3d2f6
sbeuvihde6	856ec4122604
sbuo6unn27	6641362ecdd4
sbyxwkftw7	52a772b93ca5
sc2bh59dls	a03a46ddd565
sc6a3hxcdz	095dd7f3e952
scasnukfgl	846eb822cac0
scix1ofzic	c59f14ee2a01
scss19c319	ad6c93141a38
scy7hpxeyz	d2333b7cdcdc
sd0x0yzwby	76ae618cf8cc
sd14ny0fyc	e365704797a9
sd5ci54iqh	c2f3811b8d81
sd6t05k5o1	aff8c4432a62
sdbn6rhcci	c7eaaee319fc
sdce9c8cnm	4d9e9584be93
sde4n5vn1f	f2fa5f67d6d2
sdk4gldaq4	628db53b04fe
sdm27y19v9	24648f517f4d
sdodwabe62	3829d3681bc8
sdojd0rkuz	619580b025cb
sdqxzsut41	04cd3627eab9
sdrr0nylvk	e9b528be4c12
sdrttu63vk	6f65b47caf0f
sduxkn1xsu	a212876841b6
sdvl6grx6k	8b529039f9d5
seezhv3gmu	8a177ff1d754
segcarhg44	60a90a70e7f2
seitxo6fwi	5137007cfd11
selwmwd357	e0cad26926b6
semffuq9ah	537dbef1cfdc
sen9rnykca	6e260ef10351
serai75wus	051f55988de9
serxqauxll	19fdf4ba28e4
seskkcsnij	a31f4f39503f
sev86vgww2	1513dc44076e
sf16ssgmbr	bc318b26d9c5
sf37c94iou	22c36da84947
sf8frmjvwe	58e457f846f9
sfbpubkntj	c9ceca4237ca
sfhxzltblc	db008e148bad
sfiotifiz6	2d8d988ad765
sfn1379rre	263f8e2b5dc9
sg99yo1y9o	5c5e669b3d5c
sgfmyx0x8v	957c08b24757
sgfrwkixds	d2524083aca9
sgh8dlm3ta	42e4683d27ee
sgi6q703dc	756f226a669e
sgllrjd8eh	81e8ebb17ff5
sgly44zum5	c458c8323f78
sgr2q1530r	1c13c3bcad9c
sgs8ov7wgb	e6cd3d742a4a
sguas277p0	53e5cac3890f
sgzbatotoi	69cb30c21279
sgzf7wpwyy	1ec96d26f694
sh32g47n7b	b199920ba221
shlf71pb8f	f1ddd2fe52fc
sho74b1jl9	d205af0a7cbc
shpim10emh	a07d7b5183bb
si23n3bceq	37a75e7d34c0
si6b051gxn	a891fc9b0217
si8kq4fmca	bf2770e7b19b
si96t60g9x	1b75e66779a8
siazh2p5lz	9d24d8379055
siki1gwkhv	273eeaf37ca3
sim2nloweu	9721d34cbb86
siznsjpp82	659e122f6991
sj14mqwyg7	310b2372d3eb
sjabf1vsgf	52b4336ec2ea
sjiehtcs2u	6bcaed0283e8
sjx7rmb05c	6e08f16149a9
sjyyprqbhj	d4efadb07a8d
sk4rjkb4ul	28a9c2f9a8f0
sk79vovhob	35fa1358b1c3
skiesg33t3	57dc7b97fc44
skiqyerh4b	92e767f4b753
skrzi8119r	271422fc5722
skvuhqv4yh	736d46aa6960
skw2f8qhr	96d09eb7af7c
sl8b8cwg63	5e7acfb95485
sl96g51xna	a8b011f8457a
slb38ge10a	4605de391b6c
sld7ea5rrz	3abf2a3fe634
sljoh6j9c0	d718dd3a639e
slme34ch3l	e98113f4e7ce
slr22rht5c	da71ff08dd7f
sluftjtpx7	d0b3978827d6
slwmgknmyt	006dac855a46
sm2m6k792l	aafb7b5b637c
sm64ey5ml8	615cce23e5e5
sm69hoj4k6	5bee513429f0
smadggevdw	1fbf8f11edc8
smb6c6ezwo	e61b538f1468
smf5wzt1bv	683af242a39b
smjc836rol	38e282c6eedf
smjkd49t67	af50156a8455
smovaga0ko	10aad0854579
smtlg6z58d	ac658133df8c
sn26xw3xrl	e9de6848f2c8
sn9mk4y2p1	5565b6368f18
snapdvq4zh	baf516c7ddd5
snd14p6ei7	6a68d1a7e529
snmx2e8yx	53065c89646c
snqunywygo	21380b85c34d
snt82zwgbh	02000dea2f40
sntaoiwn5a	12b17a0da4ba
snydyeq4cc	b22f277cb8ee
so0yib084u	d47e571d87fa
so33hc0epo	1338dedabfb6
soeuhjddcf	0dbc8454b635
sofgfp595g	5fc89001be73
sog1mcnl05	e9b54dd0e93c
sonz6x8wmb	c002ae588946
spg9xeae0v	f32e5d952c69
sq05ggdp30	bc798773ac97
sqaqd7bj3t	aa777e988306
sqrurq3ahz	58d676db3008
sqyxxiukzj	810ffc1f740d
sr55r5h3u2	493f6b577311
srd1j285nq	155177957185
srgaicjnsp	c1a7eb630667
srmj0q4bnx	baa10d04747c
ss7kwim1hl	0e0d44c78581
sscfb3kjcg	2d48a0bd6c4b
sscgezr95r	a46d889a53d0
ssel4itasa	bfd02920c7da
ssgj58470x	ad745e90c58d
ssihen0gjv	e12ae655f142
ssjb9hbk7	b3226cbf8281
ssmqfkzfqx	c48c1d872c04
ssq9kpt4j5	f14f2b083d84
sstsi1qmdo	bb3507ab908a
ssy326hw0t	acfc8d55f66a
st0asxyo2n	ee17c1bbcce5
st5fa2a6s8	b43ca0275740
st7u8trxfq	81922b51a5ae
staoeullta	b43eba03771d
stc086wabv	855e72668523
stcjjyu3th	ead9ee3d76a3
stcxad3y49	2e5f3074e94f
stdps5omrw	040d0a03465d
sttvowma7q	6cd8cf7d68d7
stxspzbaa	3c03c1cb4e0d
su5w4ll1ve	6ae88b324d35
suaclj64qt	cba5d231b8c7
sugyj0isfv	855ae25a6920
suhbv66tv9	801662e040ed
suk7utvjca	c722c238c1f3
suklswvtow	d6370b010f60
sv8enkh6mn	e560a3fc5a53
svjn3uvm8t	c742ac1f8bc4
svk38i25iu	1950db10713e
sw31xnaoox	5be1a959edfe
sw5862txlt	85ecbeb0cc56
sw7fxbidx7	a20e3e936399
swchpakl7t	b8cef123882e
swdlget85x	d232872b32ec
swp9174rqo	c169400139a7
swum0cswwr	4257283eda2a
swvvddqdua	b04012aba64b
sx0f29hca7	b09a4dec7c01
sx1k3rvqgn	454f1e0b7bd0
sx1zvyk3o2	c9cd4560b6ee
sx6gm8v4r5	f8f292180ca5
sxarg6acu5	e8a9825884a0
sxkvu8dqt	301f6188fc1b
sxpu9vqnm2	bd59e59ede0c
sya5dtq5i3	b2b440028dde
syat36g5h0	f84149bd935a
syidyuh1dl	8c9634a4b889
syij0kznzc	03040f129436
symqd7yf0i	2b2a784cad2e
synlkb9ooe	8adf88b01456
syvy6cv3bo	27772e94f8d6
syys5znaya	998fbe5899dc
sz88hpgczj	d3c8f3df4e32
szbz1jrf3k	1094ae8c75a6
szdk1bfao3	3e09b4e98ec7
szgg8lo956	a71351cfac88
szovdhq1gu	f50443adbc5a
szzr2gof9	03eed121921e
t0i24506b4	4b733ace00b3
t0imq15nf	67b47b570ffa
t0phyycghu	1502f515d5ec
t0uk9wclpv	803f8f07c9bd
t0v7kms8op	666c0d65f58a
t0wephzja0	eb25019f7d85
t0z2yqhg4g	35a541a5a730
t10bdbcb7b	078b476a4f52
t13fay1rej	4a47d7841464
t18l5dvb3i	a8758a3315e6
t1adxqhfr7	5eff87611fbf
t1ww7jaqor	2dc882428276
t1y30o0vev	fab1285b4f21
t282g8snfl	bf66b39cb8d4
t28pyibg9p	63cd658bb7f1
t2aqvjpnik	555c2b57e12b
t2it2sborz	c70fe1a5832e
t2wvjd4i9j	13fec4871f66
t32l0knua3	8ff810e9f4ed
t33ubn96j0	05348191a1e4
t3afhnih8d	245d98a94e49
t3bg9pwt8y	8a690d3ea463
t3bgl0ubkn	f94aedc2b654
t3d6keo4id	4467c5729d52
t3gehrayv9	9ea56bc90231
t3jqvobt3l	08e8fe2a2ca9
t3k5t6saib	d029643017e6
t3nhg296xu	aa78de3c4013
t3pn7k9lpl	4df8fe800ee2
t3pvgj9nm5	1eb827edf0c4
t3su6hk7wi	7a60b808d289
t3x6t73rqt	50cd1ba0ab4d
t3ypc377gy	492c7a4f798a
t4h7bik2p1	097f64c4b6e0
t4jaka2yf2	049d8741e578
t4mtcq6uv0	da7f3385dfb2
t4rn7uw8oq	46056431b000
t4tbxm0ou8	9679d7278064
t4y21t5bmc	e7930860201e
t52b73hfop	5bfe1c0168f1
t5ikb0iwqo	747ef3f25f8c
t5kafu8coo	b177fa77b451
t5poo04r46	7f1a624f4932
t677oufx5w	87a82d24619b
t67t63ysuh	7f14db7ccc7b
t6e082jy5p	775cb94b6446
t6m6553zos	47cfa61eb9c1
t6y77aq0r0	97512299e3cd
t73qred5r0	324f248c0c4c
t75aaovtqg	b01d55771904
t77amfwgwp	6ac92f513a10
t7e3nw1zdr	b537be5f3102
t7ed1l5n0v	59baaee9d5d2
t7sm182yli	e73f60e82da0
t7svx5uofm	feb59502aba3
t7swlv32t5	e280a106a58e
t7y7cr4yrt	b1d93998c4e5
t7zr1uqnar	53ea01d1ff3e
t8304k76zk	2d8a918b7822
t86z58cmou	1c965c33a890
t89y9htxl5	6dd764af4ea3
t8isqep7qg	23fb4f28f47b
t8r5850yzq	17a1d74b43b0
t8yhvmnn65	1549ac10914c
t98m6yuvsy	aa9371469ebb
t9afs12t0s	79b644f045c8
t9rgyozm9k	1ac9b00d1778
t9ylzdnn0g	60add5491d70
ta37o3jn2s	09eb8128683a
ta4549lbpd	a8a42775fd8f
ta4lnrs8ci	9a1f73f8f5ae
ta89sxqsi6	987717738d72
ta8mbupu90	876ae40d57cd
tabde34qz2	8afadf85049e
tahzlnro57	388b462b9fc6
taj54lpatt	108513ec97a4
tanom8yev1	90f817b2d16a
tap79ngfmj	5c01cc6a2624
taq9erb1cp	74284d8b7818
tar666bm1i	1cbc5e34e8e6
tb0l1cbxlh	f878067beb0c
tb29idpjx0	ff57046b132c
tbdybeup9c	cd4f824b5201
tbidz3e625	ccdc40b512d8
tbkkbctl75	ba5d944521c9
tblzgu78l4	86c3fb5ea28b
tbm6sly0vq	dbc3866b6d73
tbn91wdyas	25031ea94066
tbqleqc8gb	47c4777d2c73
tbremh1ntz	78e0c509d860
tbwr8hzbdf	5f1be2604157
tc4sc34hi3	57a4e303b09e
tceg1s85zj	4b24ee9dbc35
tckiwj66tr	049c0d42bafe
tcmcnc9yk1	dbe38b4d5e10
tcnsb6p5tc	88f0bfe6b0a0
tctbx7jv97	fe4d85569302
td8k66k1k2	b0d3c2251297
td8ugq36sq	10d849b2c5b8
tddiuht3qb	57a63c3d0040
tdscm28nmd	93740954c261
te0rje08aj	45e085f84046
te8krfze9b	356c62bbf64e
tec40mllej	458ecbb6ac7e
tec8e19zio	e2250dda2c10
temyl9m6fv	dfa22573b5ed
tepjrwqwco	0f0807b55b61
teqbncpz2g	2fd5cd6cf48e
tetji458cq	8331f46d4a67
tf2ykz5yg7	9ba163908f9c
tf4ozwumaz	8eb714157e3a
tfai5b30pz	33fb1e0693ba
tfkyyiw9yl	53ee77219872
tfmrptpjkj	3e4d3c7cd592
tfsbqfp0d9	201128c0406d
tfzhxx4xe	ac1c55d13ae0
tg1g65kkds	1e6f29f1a234
tg1su2q08i	c755a714afaa
tg8c29akv5	3d4bc7294d00
tgax46ez97	a61c0ca9363d
tgfkp0bsv8	81a7dd7d0caa
tggjly9syv	f6f519c384b0
tgl3s0sb2z	6cc8457468db
tgmuoeca9l	920999aa9450
tgte7avmze	2158d67fc939
th6z15myn1	7791ae2c97af
th7hbjjhzh	cbccbbbe89d2
th9za9jp9s	d454ac02f09b
thnrfy1i1g	8da825e430fb
thpbnvqqyp	db38e271c413
thpery3y6	819ab45238c2
thskfxm6jg	b9b2620c2c7a
thxasoa38w	00f02b814bac
thxdqxumis	5f02059b69a4
ti1hyghdi	c86ef143b10c
ti2h8p3mw	2c3a27be6b1d
ti6747gw96	9fc99819cd01
tikdw7206g	9a6a32a1ba3a
tis77adeah	03109d9ae7f1
tiw95okarp	2731122bbfe6
tj45q47u0y	43070d766b80
tjhtchkqm7	ed755153746d
tjiex3ckne	ed81cd0e0784
tjj2iqa2ks	2c7b5b6429e2
tjka8escxi	d8368edeee30
tjo7epl7mx	0a9bded3687a
tjpcgytbl7	ebc59e80263f
tjzzupfww3	ef63568125c4
tk0um9hfhz	78334f1c826c
tk0yl6xj18	0c1aec4e89a3
tk595whpzv	804182fd7fb3
tk8q76w1kx	427815d42777
tkb7v6xkoc	13feca87e3bd
tkgv41j18r	c24eb226a377
tknux6axva	f0299c39dcff
tl0sh4kvtz	ce04b5765a57
tl16mxwfuv	17438da675bd
tl34e044mx	a00432fe9b05
tlcsw9bli4	005b6965dc25
tlgt86ueow	dcb31100cac6
tlin9o3rd8	10e34b102c66
tlj7lm7ynp	03a6c5cf69fd
tlmmrbqwei	1a52a5d1e9b1
tlq1plyhzp	a9e1ae2bb599
tlqcxokqnt	7c1da7c10781
tlqiws823	08492c003624
tm2sr4p718	4883ae959581
tm41css1x	6ec91f6b78a9
tmacvwskrx	ec045912cede
tmb6x0lhsf	8d61dfa47243
tmdagde7g0	11beecb6c932
tmdjfzcp0h	5d2cb0ecb62f
tmftngh91f	9f01a12c87e7
tmu2ok3b27	f4199c8505f4
tmy658w108	3ee172709740
tn0hwd5lsl	1f2781bc0aba
tn7e8sn1ke	1d680389c04a
tndf91ab5b	ee5e25d6dea1
tnnx94keok	ab72cf330e04
tnq4fpkvac	c7fe4b91d04b
tnrrz2sqa8	30ac9b0178f7
tnuaxxhzve	bc40d8c190ce
to9p0bgscq	d4622a55017c
toakwii917	d472accd6dbb
tof3uppd3d	7b338913966d
tosht178ap	824992c71519
tp35litfny	60bca1d0050c
tp8ishw4l6	12d01c44553f
tpj4dw2tc4	95d5b889fbeb
tpliudsrw3	57e4907806b7
tpn3u6ph7j	a170638c8eb7
tppdbcfrzh	6d25e214962a
tpu20xrbbv	891d528ec0ba
tq6n4ij3fy	9d859e33fa39
tqa6yhn4vb	0bccc76c42a1
tqe65gq9vk	dc81c9cabe3b
tqgbjpa22z	9d84633fee7e
tqgexrjjn3	8c85f7248565
tqljhigvxn	97c579abaac1
tqtl2dgwg	a816706b490c
tr6511860i	460b3ae07a93
tr8w1fhkd0	c60159b184e4
trhxg1jau2	786141e2d70b
trpikb8lcx	333210703fd9
trum94j3o0	6d3446306040
trw2xspkhg	a0ca5b178f8f
trzwwv9u6y	25c9c7a1c52a
ts6vz248ym	a5043f4a33b6
tseubax6nw	3a871c5a78dc
tsga8fxcxb	14e3101db3a1
tsgggh2h6s	9c4620ca24e3
tsj53eh99w	fc0a1543b7aa
tskkxdg1q9	e2052b14968a
tsmtxzev31	c4f561427c99
tso2gkupb9	9ac18fe35c12
tst34rgzfb	aaac60b4289c
tstrp71h79	11f912b8e4c0
tsy4apijuk	ac6d6823dd4f
ttay97qky5	8ed0f381bec5
ttt4ewc060	9ddc7c968070
tttvuik0sx	a883d1ceabfb
ttup73icdp	bd1d84cd0f48
tu27upzvtv	09c3b03ddc2d
tu3i8yv2lm	f706c9a464cb
tub6xrdryx	3c026126df8a
tuf0rrytli	0fe76442e212
tult2atsf1	546d09f1900d
tup8tgxmih	dd2d8b6bf2fa
tuywvojahs	19a62dd39624
tuzy1ziud4	423e46c1f6c7
tv469a4ip	e72e139b78fb
tvgowtq5wd	b9ade91b0897
tvm1aqleb	96d86b86fa4d
tvx3tgos6	3c49c9809520
tvxovjfofv	09a4418efe9d
tvzjipterq	1d72e5077aab
tw0mq7p1pk	618c2b8b03f9
tw4wcg7mux	06bc16f8a956
tw74y9kx8a	8e381cb12628
tw75pkgk74	8d260d9a2bd8
twdg6gzvmb	6d18c3e9b970
twfay39lo3	1b8ada99c2c3
twlo3cj1ds	8ec16ab7e13c
twq89q4axf	f18b68eb1668
twt5u03hf4	ace4122cb419
twubpe49j0	ea312469842d
twuxe45nft	1bc4b541dea5
tx1vu4ucgk	952f6c4dd6b1
tx6k8rd6vd	383a1c2453d5
txb9gi9on9	abf9f888feaf
txcgh81hv1	f8d68e6e4d1b
txd1skz89x	6c05e2c53017
txdq9gy8fa	337877eeb2df
txe6gacztg	dc2dd9ba6e74
txexh88pfs	ce51a46cbf20
txk3k0rmd1	27d3cbbc39e9
txuffk1t9b	8b95a7eb8ac8
txv8orp7y4	ad4fbf774585
txwx0n7q36	cc26295ff74e
txywlb2i1x	c15ed616ef0f
txzys7dnmi	3a662e22f5b5
tyrh8feceo	e7fbb93e7b1c
tyu1lhc48q	d0dd6ecb6a1d
tyw4mlj3xg	cd32607b22fe
tyxfsojrg	a8091e79d1c7
tz105erk1s	df0abf29fb8f
tz4ywoub6a	399a34be0218
tz5ts0hzrj	d5d01bcb7b9b
tzbfn35ccd	520a24c8c3cd
tzeprq8sys	c14070e357f4
tzhkw5gu6n	0649c946972d
tziw4ve8ut	c3078533d8d9
tzixk63mri	42054a9c10d7
tzuriuoe05	ceb1878f867e
u01uktjdyv	05db4d923eec
u0dojlms4m	8271a06a8436
u0fa7i6c64	7f89375ad610
u0gnz4m5rs	f358dc739f73
u0hxqsny27	06dbc81403b0
u10pxsbu57	323aa85701b2
u1ae9yuwe3	93c5ca2fb801
u1nhpyxyn1	43827f273fb0
u1pdb7d1z3	e0ce640cf8a9
u254sxj8a1	8d3630f3935b
u27ejjt7ei	f2b3e7d62467
u2jhc4650w	c7754cc656b5
u2kqod0ots	77ca6ce95837
u2m71p56h6	4365f7276400
u2rxy5tb1o	f371879b33db
u2w9nmfszd	a659d10de5be
u30emnjw92	ca955ad98f1c
u31lyxbmmo	1b2fb6908ae2
u38lu0poru	33e52f69667a
u3ddbib2wo	ceda1d022b09
u3dhdxlc69	528ea4bce9b1
u3gtqtjbru	7854df0d47ef
u3kjyxc1pi	6634ddf32e85
u3ldtgnayl	805451d4d9b8
u3no1bkeix	e4022279bae5
u3ty80l1di	c3dde0f726b5
u3x0wrmdyw	199423f2a513
u3zyf7meh5	256d0dd99ccc
u4bw9vkrtj	2c7316e7459b
u4mw4c4ac3	d3276102c906
u4v95016ed	b9408991db64
u53fs22qrb	d4c664299302
u56dl92u18	52bf92a2a094
u5a5ok9vhx	4090b7ac17f3
u5cohswhe0	8095899ad9be
u5lip5bmjo	e344557571a2
u5lqjeflx3	b65ad8053e0d
u5pnx3ynxn	6ae7157a0fe4
u5tzt1ibgj	dc60656e8b14
u5u5z9lsbj	1b4231825f70
u5w7wqo5jf	57a39d0428a0
u624y49ino	e1abf8d5d36d
u6alv6ibt	5d3bcd2155b8
u6bglz1dvq	cb566f816f05
u6h1dlhlb3	19fe8432aed3
u6imwelw1k	3ee5dad0aee9
u6jpov9jb4	ba1525c76f35
u6kbub1dp	26901ee8a0db
u6xfet95cl	d4d45981ea92
u6zwdu80nr	260b6a948458
u76suh1o8w	e8e5fa1f8ad1
u7dgtohsbp	dbb14185ea6b
u7es0o111g	3fc8919196ef
u7kb40nb6i	e194928deb55
u7koqei9m1	b8152b805a2e
u7rvhac84q	2735d8509c50
u7ubwxgbxb	ed9d5b634bbf
u80hboiomq	497dc42a8ef1
u81r9a49rn	54792937ea64
u83sin46dh	04f9437b9620
u8532j7pt3	41ba98696b22
u87hg77f4d	62dcc181a4fd
u89foh4qbj	335a36e68ebf
u8hkxxey8f	8feb21911300
u8iaz62jk2	bc784fe68f6b
u986bg4xex	d45cc1e9eee8
u9ak8mkaoy	22fdc840d7e9
u9i5d8xlqp	58e98bdc84ca
u9l7yy5inx	7893aa3fde81
u9lhk7o0l7	db0497dad0d5
u9r3gn70yq	d08c93395eb1
ua3fgbngfu	7a24746a4e19
uagyff4ft8	3ea66078e013
uah845z1v2	ff7717e22fcf
uamo3zsmza	5995378e618e
uaqiabiwj3	baac7bc58ba9
uaturbey4g	8bbd7b446ff7
ub040zo0fq	da854841a918
ub7y9hu3lh	d49562b2d591
ubfxmd1b7i	e191673b19d0
ubrwsmlmvu	ce5a680eebd2
ubt1g6o7u4	072347d4533f
ubudssyuvh	e37d10cc1ad6
uc0p9l2jk0	004be34860e1
uc7k6jbil6	b79515592200
ucaq4ovngw	c6469e1714cd
ucaxpmqgl6	6623ecc0cf14
uchknjo32y	e35b3e069bbb
ucm7jitbzc	d8f2568b6c5e
ucmnlhg0in	53c8cc6b9473
ucuuknqtm9	2df507c6d288
ucy3qh231o	a69deda216b1
ud4wup22kv	d9e7831ed27a
ud9fm8ce06	73b4bcc0e0ce
udc884icgk	2e09108ecb6f
uddsa8049w	3a6bae402de3
udgx67g9g6	d01cfce86fba
udhonym6xq	422c2266bda2
udkvzl18hn	6e78c9b110ff
udmj145n6n	54bd40c70f6f
udt1185776	c5670ddbd386
ue40bt1npy	9839aaefbc77
ue7uhrqpli	588f6dad640c
ue8e98um79	20b69b6092bf
ued1xtdk38	28e84cb0244e
ueeip1b4tq	c786634b6539
uemdc8ffj6	d763568f03f5
ueoxe9jr8i	668606d84b6f
ueuf4x7kfp	5e656c11760c
uf26l6adfi	777fa4c46d1f
uf3gxvp1ro	5d2cf62a5217
ufnoju4qlf	81a50eabc9fd
ufy8kx0nxn	fe473bddce75
ug6yjvxoyh	73fc582fc330
ug8bup68hs	ac483d6f6d11
ugas7zgc3b	54357ba7fed3
uge7vtrpyl	af3d404d9475
ugflgy3eyt	1d01009a435a
ugtubvo9jq	6219550de53f
uh1qqw40p5	763b78d6aee5
uh3j61iaa0	c4c9d1029627
uh9flj3q1v	290babd35b13
uhf950uj9h	eec61eae94ae
uhj5f64xde	39f91ed9cbcf
uhvkxfpxgl	ef7fde4007d6
uibi9szpr8	8e0e84f45321
uihqukc77t	96e2271855e2
uiiiy86cce	8e799cce63be
uiqnevy52r	b69588925037
uitoatwsbs	d820ef10ed7a
uiuw88rxm7	441e34c3f7d2
uixmswl9o9	5cacbd3d66cd
uj5cvvp5uk	5c6ee27e1a5f
uj780zsgtf	df5c4b7bcf7a
ujbyqtfek4	3807aae4750d
ujfec4ujrh	1cec9f821f9e
ujrmts0zoe	0a930819de5b
ujylcficve	df58b1f0b5a9
ujzq26km4e	8f357f4387d8
uk1qw6i8oz	0a1a24ce96bb
uk5d5xjft1	0318a7615fdf
uk5w15vy9j	06c13ce970fb
ukbqruxnxw	d9f8a511a467
ukh0b75sol	a462a377bc21
uko9g3f6ru	949e96725e52
ukuf1rrc3k	c0334170a8c5
ukw8scvi0s	47697641b2ed
ukygwy28mo	3e0fa77ad4d0
ulczxtu6ch	f285246f569d
ulemncqx6a	221f64a5d6c6
ulgehrnnn0	6f4642bffbfb
um2t6w1gfj	976881eb4a9e
um3zvxz9j7	9f1e4d16d9b9
ummo20q67j	191e29bbaa4f
ums9kl85yg	8badee167c0e
un2xdw74f3	f41b44a04a34
un5od0ytq2	fd32e4d99f3f
un862s8tbl	23beecbb60f0
une4z6n3eu	0ae76fab580d
unej4uu4ql	ac05e531b270
unnzqr7w84	e742dd8f7dc7
unr9f72vi8	9e20942a7b7c
uo8h77h7dg	3a46ae4bf227
uoj3cxakp8	025b01dc4048
uonet4geq4	a2863db85865
uonvxcmodt	b67d32ec76ec
uosqx07k2c	be7449c4121d
uovx04p9fo	d979f882d1a6
uoyyl05au0	c2347d0b1899
up0fa2bct0	c71cc677ed33
up3n9kc2ld	9c1ac96734a7
up5o67ut77	e7568315dfa6
uphuu8acqn	895434f4eac2
upld3z81v2	0179996a7a94
upmtt9hfmf	99d970526de8
upn9awk2c8	3e4572c04437
uppqrgnq20	1053cad37601
upte37ifx6	77f74e36597a
upvi0rm7o5	73e6a189cacb
upvxddz8ct	229d3cff819b
uq294nht2n	0e8e2211318c
uq36suiku6	65a328a576ce
uq4gk908vz	a0aadee48be2
uq633vb72g	5eac752c29da
uqgsu9fnen	fc8960a2bf09
uqh0jpe1m8	597b0985e793
uqj4v9o57x	11f9c83363e6
uqz85210tt	f7111e899ecd
ur36ns9gt4	623e4c3eda8e
ur6204v6va	25d0f4d1f4d6
ur6pjm3l5t	d79e2b107a0b
uroqontu2g	e40bf42c9a54
urqe9naa3n	fc34b2715e62
ursc4jx75e	740b9b533831
us8mrd0ce3	49bc6a57e40c
usaotvrw2m	4e4f655fbd87
uscpzw94hm	d8bcd8c24176
ut6o4hq619	6bd9ab8a0032
utd7gdkvmi	fb56e92074c5
utddi0o7ix	fadacbd80966
utfklh3hn	9189f5e01f88
utg5m6nz0l	a62a813df422
utgr8vi1mz	826a96fb36e7
uti3il92b7	666399c56402
utvs1gof6t	bb6ab97867df
uu2phs6tgw	cd58450831a6
uu73fiilg7	6d3f25094bd6
uubvx5zr6v	a58fb156efce
uug105phus	699475d34240
uuh7qyfnxt	449f411a2bd4
uuigb4g754	7f4003e43e14
uun8smc31e	b36c6c098f95
uunmhsarrf	dc3091616f88
uupa5ykf4	4fe7c1a498a1
uupewifq99	7f36e2a077ee
uv6khd04up	3434c0715831
uv8c34fkuy	60594ca63cc1
uvho5pkufe	d644027a2ae1
uvkdls1twq	a08f472baf54
uvmkscvqg3	f2398b6d5ccd
uvq7kh1vt7	ff905cce5a1f
uvyuon7iaf	1bcbde8b18fd
uvzemzorny	33bb349b9a79
uw8iip0zu0	cfd36440302d
uwcq7qkamy	93174764bc5f
uwgd7cpe1i	26e18449e4d6
uwm6wbchrw	025d35c1f8ca
uwnfrj3pew	f8af0f4699d0
ux09h7v5hu	fc655ff7b392
ux26fggs2h	1cf44aab3d51
ux826kezhm	bfba48d78a66
uxcuuxfvkb	fbd33c1a1236
uxe0i3n5aw	6dc33dc51482
uxs0pc6b7q	4eba397de2c5
uxvtbqvbp	7345a0da0288
uy07ni9h62	8ad51cbec6ae
uy0i9cuzb3	b1a540472fcc
uy2oyfncsb	8a0f54e0bf20
uy46q79hx3	9df6acdcde29
uy5dc72yda	3d29c94c81c7
uyelp46b5l	463abbb21f59
uyjc70o2w	b864c85d893a
uyjy3vlgx2	5d9d355ee73d
uykw666fn	5e51fcd5534f
uyqe3gs6je	4a86f85d0207
uyy877kogz	9dd3fa7ab9ef
uyyo3zl0fr	2e251e43f108
uyys8jh9u4	84ab4ad53bb7
uzctwil7ib	662d45be8d33
uzi3ub2soa	96cb1b06138b
uzrse6g3f6	2aec075c84d1
uzsmxgfu6j	85532258bbcb
uzvgjo6515	47f7bcf66ce7
v08tead4nn	88f5f082d3a7
v0aymxqjue	c37d71b96836
v0fzqcakvt	dec3472471ad
v0gm3poryv	a921db3945dd
v0hc9a8wpg	2c7416e2b850
v0hzihqfgt	44c1e80a3b7b
v0lnbgz0qw	8ade42420ede
v0qkqjpxd7	3ca7ab34d1bc
v0v73so0rb	4ea3264c132b
v0w5em02lx	d31d99b1bd93
v0zyxgi10q	41ce82bebcc9
v14qhso10a	a4a47a918bea
v1894ttu7s	df07e8a0c68e
v1aw715nf9	c1c643913c13
v1dd8e3nay	26ef3bb19db0
v1f2es1zy4	fe8311c96f0c
v1l2ex7sqg	be631a901381
v1mddpyx55	48a4690fe183
v1prfn8mns	581d54861c2c
v22kvjs9vm	3aa73586e65f
v2a742ioda	937317b5ec23
v2nt2drwhs	8855b303780b
v33ybo4d3b	655ba98e6812
v35xsju0ar	0490219d989e
v3klxcgg1	18a4f98330cc
v3lboeq9xz	cc837aec2178
v3pmpz6m1y	6f01441a8d31
v3t1izw0ms	9bb1d0440e07
v4f6k7gva4	aa842610c23d
v4mhynf34w	0e1285e986e9
v4n2pgo326	8823a57583c6
v5aw688wyq	d31e00c1c606
v5qgg257nb	27bb49dd1fd5
v5xqjyu213	0b0c17fa967c
v5zbquwgtk	ae5cc76f6d40
v5zfafxax0	399c2fdfda94
v5zfepvkj7	33a1d74a71ad
v61qg1w3j1	5e55b0eb8a50
v6qx3mqepq	e71364ad1625
v7inxghqx3	6f3ec3600bf9
v7rqsufzq1	5a5d66bf0b05
v7un5aadtv	a7241b866825
v7undgww	f9aacd4eaacc
v7vojj0uch	a9cb2f7de419
v7x0vat84o	9429d29c28c0
v82bu1zpkj	6c72e33b8dfc
v83prmgx7e	1c47045735e1
v86z63h800	8fe93017b887
v8b72q9svt	a041496afb8e
v8c69zll0a	a5a7edd5b5ae
v8d36tyfc0	715beb11e792
v8hf65ngw3	19181a0acded
v8j00h5t4n	2dc71bbea1f2
v90u9toad7	844e69d24824
v93a9x1h8p	5924a36e6617
v94j55b09q	28f862cdf458
v97yq09n99	e3bfeeeea1eb
v99to920xw	278931c53ff0
v9agbsfd25	1110569ed694
v9kx5qfh8	e6459f937191
v9o5p65brg	95409fd1ea34
v9pckgjn5v	3f1d32a30df1
v9pgmsd5ab	8666532279e8
v9q2x11jv8	0f7337316ef2
v9z3s3x9fy	7a823fd02b1d
va05g7wg	c7dc85e812b5
va1egisoa9	10b9ba6fd098
va5d22f6il	8e8ab97d978a
va5o8q2dtu	d8e75d64cc5c
valh79uexo	8b0cc9af4493
vassai5nje	654e942b2633
vavx2dor8n	6804a4a8ab54
vaz7kqw3sc	e5cf3b6cb8d3
vb06gljy8h	34d6295800bb
vb5mcb18nx	9cd4f6734755
vbe71kywjc	106233d36c25
vbfpzoh8we	0456a73d9405
vbpje006cy	41bc57bc94c0
vbq7x3b3ma	cf3c302f0bde
vbx5ndp799	d642fa21d083
vccjxljt6l	d0c58b903c96
vci089t2fh	900ad796825d
vcjc8mbetw	d4103a46321c
vcqq8hz0la	8202a639d63e
vcuvlfqlgt	97ef15996342
vd0inyubk2	d26ab9bacf96
vd0ysmcet	7580f528df5c
vd64bt9blf	8f37a47a14ba
vd8y7f5l0w	fd57370a6a73
vdjgh72l8f	af67002e4f26
vdryil0miu	08c555d4ede9
vduaurl939	1f65af1f69f4
ve226p7hws	b3d9a477d970
ve7rklz1oj	513d1c41ee78
vee1zqgejs	ceb1b47d24af
ven4vi81zb	a5d7b400a1aa
veromzuxdk	aef6064d90e8
vf3n1exh5z	8f3acd8adb4a
vfxe89p699	10e177a5bdc0
vg12cfcecd	d10968c4d596
vg1sgjus1d	997d51b469b5
vgcrqszt86	3c2ba22cfa73
vgjyrcdd51	8b1e4fbe51a5
vgnex6f0v6	24d25e790cba
vgtslfgzsa	fece0cab4241
vgz5og3jjp	e2653cf47c5e
vgzou4shg6	b06468d3e250
vh7ouhafz6	ce808b74faec
vh87d5nkts	8dedbc4c2885
vhb507uafe	8be38da44b77
vhevb8569t	0d948175fbec
vhkialpav5	b47bd1f898a4
vhmcd09j1x	8b25485055ea
vhugxn28ei	49f9cf458d7d
vi13179s33	b1fc19061ecb
vi1m25l3e4	ee7346adbb97
vi31vf5gc7	2c0a02905a11
vi5wxxgdux	d2d1286c56da
vi8ypoqrqu	e7658399ee06
viavig32u2	e914d2dfb627
viemkfp9e3	f76a17e7d38e
vif7bkcydt	8b0a364956bd
vihxjanir5	27ef132b84ab
vilksvaax4	0aa212234d90
vizdtbeuwl	f4a6f8bcf5f9
vj0gzkiwyv	c72b86400666
vj30aafzn7	fff28aabdd45
vj3apiq17r	a270d370a2f2
vjg9yhkt6r	96a70d1141b4
vjjmswvy07	c35687a252f4
vjlgvgncsy	930c6c6f1039
vjsos6yevm	c2c964b5a957
vk2lxo1ads	21bb4c08b97c
vkh6483wfc	1c2f45c3a1cb
vkkrafjtog	d55d1e4da6f6
vkrac8nfbn	55a6a1d117f0
vkvh3mg2oa	03f52a9db7d7
vkwye8lsrp	e10c7bf84a66
vkxytfywau	2c2edbaad3bb
vkyc5hmflk	7bbc03a02707
vl2rdjfw3x	701ff04f306e
vl5aa8uz60	e6659636d853
vl8trv6leb	0c9f6788f9d9
vlb9cng97e	7a28e6d10aea
vlfhbnttip	17200f8b3072
vlihnd7eov	1744ee77f8d4
vll7xzuieu	85473ba841a8
vlpkstbosm	adf575e42475
vlrfmjfz1e	0a78799e0c72
vlyxqq4mi6	4e6b84954575
vm07d9bx1g	07a59c4dd127
vm331gyng8	eaf0ee2b3248
vm3q0g9fhm	708c0ffa72cc
vm5iq0hp35	5ad87d0bdba3
vm7ezc8ti9	ecbc6f79e427
vm7rzcfzt6	ca2f1b9ebec0
vmd8zw9k5o	d5ee55e53783
vmdublnxjh	fc3e5f7fb6cd
vmgy3pwq7o	7fd8c47c6b1d
vmma5zwc2f	2ff734072e64
vmtmt9s8c	c2d095749c00
vnbr9i9wlm	837c8050f8dc
vngovm2fs5	8fb77273c305
vnlguh62h0	c59f7c0219ff
vnoxhxf8mo	668b0a02e459
vo2isigjnf	a57f4c7dd639
vo80b9wn2f	4668cf02dfd8
vob2pauusa	f2a782c839c4
vobnt6j6qt	a14fe6ed81d6
vogg877ifc	5cc247736c06
voi66ci2q0	a47d6eb6eb2d
volhieksv6	5401ba739200
von3nqw06y	53b87f3106c1
vonzfb0wcv	ffdcf5ae870e
votuapcaq3	406b0857feb0
vov18tj4dc	ddc3a12dbd10
vp0udeu394	fbad46ca1412
vp1d5q9g0d	468f04930c57
vp3pnksgld	9a842592c733
vp4dsaijaw	30b1d3241b92
vp6nq4m3qo	2d7782d1a072
vpbdic8j5s	e3e56f9412b8
vpcqk02l6e	858698abc303
vpi8a0svo1	1324f3446991
vpjbrqtgmw	990775a03db4
vpkbm4sgg8	4c863bcf51a8
vpxm1cy104	6caf6466c1f0
vqa176z428	7106c6f9a347
vqad3ntafb	23d2302f2c2c
vqi68pgxb7	2be85e40eff6
vqq3yrdi6c	558f243b4406
vqy2hfkyov	202055a4ccd2
vr2zk8h2nj	4336bbb71579
vrb8g58trj	31747dcf2372
vrjulmxltt	3bb1688388f5
vrn6esasvn	c2c1201d449a
vrowt47vrs	1fcce664919a
vrvm37m5gu	a7bd7e0d1ce8
vs0c0sccm9	777430f8f15d
vs9j8f7ss0	8740590a0fe0
vsaw3ymxus	1f31173a849d
vslu2273jz	b6c34a0ea244
vstpedwv9d	217f5a5b1599
vsxmbrvu7q	cf0aa184848c
vsyf9p2n88	09fe2b7131b8
vtj4txmf1y	b50ebd859bac
vtjhy34ssq	0d5425aec72f
vtmlza0zjz	f3309a761037
vtvirg4jop	eebddfce4ac3
vu4ike3xc	6bb274645281
vufoj5ofmu	da584a67111c
vumca7vry6	7334d2155536
vuqpseyrfj	7e38a133604c
vurqgf7acj	0dd5a710b47e
vuuqdjv5in	7fb62ea353eb
vuzrqbt5zx	7a5add2e7f5f
vv23zkqd9s	ac6523f28d7a
vv3g837hil	7768bce84ef2
vv4bdfaz49	a9f7f85afaca
vvi8yj0ien	5ed15cda45da
vvq2i2jep2	073e07f565ba
vvrfhldpr6	754f6897c347
vvvjok95bs	8bff60977078
vw0q4p4oy2	ded084cc6b86
vw879fbfsc	822ee5a54e4d
vwerq6uwby	46cbdb22e614
vwkrri4ee4	1653293654f7
vwmsyuuuud	a54d5f28bb5e
vwmv33ocmq	5c6953340827
vwr41b3lt4	6291cf03c009
vws9qh2g8y	e8817d2a31c2
vwvppghdet	96fe9739d7cf
vwwli6lhgi	dd0f974c207a
vwxjyc2qgl	9b9582f00b8a
vwzjt5nzc0	93e92825e2b0
vx0t7t8ptl	889c10570364
vx34jz2vh7	2b98316f8e4b
vxa9j4ucak	17e04ccabbf5
vxcss382fo	48f64aecd7f5
vxenex1651	3f3c4a1c6ec1
vxqwrk3bez	44f58feb12fd
vxt54z1u8n	c558932d3567
vxtsq6dwyi	729777af5106
vxwmdhoe3n	d97aa2f2b1b6
vy1cc1v58z	bf08cf360f47
vy1xak6w0z	be747aab1f4f
vyeffmro23	5a2296f15084
vygqy3il4g	bf10f86044c7
vyjsocrgsq	586da0a2ebe4
vylqwc4du5	6b26fdadaaed
vyri3y6ptb	ed89de930b32
vythpso2xa	35aff8c12b8e
vyu23uc7ge	29f099e64950
vyy7euygxa	22588075126a
vz1vwvsql4	9a59d9f0e1b5
vz34o8bjkv	8e30431aedc2
vzg13b4mh8	b67d7b80db80
vzkd7agjp0	42ec21fd769d
vznv91kqli	9794bb0fe1dd
vzrsy83i4p	9b97f145eab7
vzwxirqb9f	f99266853ce0
vzyqc4lg4l	0487439ce117
w03eg280rt	d30c3434227a
w05uo6iyim	33ebe78e862d
w07gxr0vuo	06ecde5a3a80
w09jqdwpmj	62742f61e560
w0a7xfhi3s	257d3f5ef694
w0ab3610ln	cd0f4b81e6e8
w0fpgnvgc8	f4a1ea4b7725
w0g3aayev7	81f4064f7adc
w0l8muwtq8	5b3aea4f31d2
w0s16m4ka7	b1f91476b7fb
w0tkf643cr	5d55fbb60652
w16yhzciel	e0ec9cecf0cd
w1856tr4vn	758a52eee0f1
w1a6uyy4ou	0e1f4d0b86ae
w1gn8bgfxl	7355bee18e92
w1idk0ldjs	7e1fe0e23879
w1qf9df3zh	7cd8ea940d0e
w2hkr9e4pf	8f585bbe0f2f
w2nfie3lh7	29c0224955bb
w2ojnc1wr3	6cda737a494b
w2rpypfg23	55341a80569f
w2y0mhobv6	398ac65be25a
w30b9aeli9	baabac696c4e
w37t8ev5ka	820b2d7786ed
w3de9szww0	c1d87284457c
w3o6rgbsc8	7ef8d7529c34
w3oxxfdzon	5c268b2d8979
w3szs7sb3j	f2bbd7602832
w4228e2if3	6dfd9fc4a4e6
w422ytiwou	3becbb0ddadc
w42ueq3zqj	46ebfa440647
w45bjz0cio	136fbeaf5fb4
w4bcxuqmjk	a91c402c2dcf
w4bm6ychni	9d5e2946eaaf
w4ezafl7xk	5409144d140a
w4f18o767n	5a98d151bc5c
w4f1rk5cip	2ca1ed50d285
w4fh5s83or	035e7db246cf
w4pv9ru14z	c9cae7c79ee8
w4st89n11m	5b1e0dd6c171
w4x0gam0iq	43457a9e9473
w55yxumhe8	c576d0707df6
w577lbfqek	941477ea3877
w58ogy2spn	0710486e753c
w5ds515u43	b7cd0dcfe1fc
w5f2dtovje	d32647d29f18
w5gt45mfqw	c6a49e5ce676
w5hz0imlp	c49c2ce837a9
w5kw4wpg7u	a17746614b52
w5lhp2acb2	e51bbdaed681
w634czmnux	3b3a42ad2400
w64lnjfdgc	43b3aa06ff67
w679p2rz0z	01226c668ad1
w6h6vpe5ug	03b09542504f
w6kxlqronr	694b19753202
w6ph0wbxpx	70a690eca246
w6s4q1b6m7	e368bc7be9b1
w6t51r888c	b321934d8904
w6zmu3b3x1	e810a66513e2
w76srnfq4x	cc78138cb8b5
w7836c5661	d36fc5a110a8
w7a58sp1fq	de45e6827e76
w7rrfugqh2	75aeb5f7146f
w7zihhgraf	04326238df8d
w80qfuxx7k	bc41b5d6ce0c
w876m3x419	6e9a938dc504
w8cx3r4a2m	54202b5d657e
w8jrn1x616	2122299efae8
w8uhy5kuii	384f723d553d
w8yi1rvosg	352e690b127d
w8z7yjqx7w	86e251f3be77
w9bz0snxb1	27e49db27d0b
w9f5q0y2ye	a335bdc7cd29
w9gobip8mo	c7086b2dc360
w9jdjp8c4v	64653b6d1fab
w9l3rm1zkf	f4d4513c8d29
w9mjp8m0ha	f4759b7fa7dd
w9pix46m3s	2867132a518e
w9pp8uav3p	7c8d2baf3db5
w9pzbix769	ee6b9d02a172
w9tgs1cvvb	717198eb7ed1
w9wpe3mcth	b483c4db242b
w9x83l1mkn	5da1c6df0c97
w9y2m00fyk	0891bfbba02d
wa8qa6jlp3	b6f5309d177c
wahmbteyfb	f1197b81c5f6
waun1b2peo	0e863b71a480
way6fpsary	e3ddebb7db27
wazad1gtvz	a65ec7f5498e
wazyhlyheo	41dbf091501f
wb31pwj2mc	bd280f732585
wb8sjulqqf	2a2efd47c44e
wb8xtaqycn	51ea13ebcf00
wban9yv4zn	1bd41eb57dc9
wbb58s1hmq	e33c0ed74040
wbh0jw9uc8	30d8e01d004c
wbmir4l8gs	b5781ef9bbd0
wbn4b3e5ga	83debdad577e
wbp7lyohn3	810c65f0b732
wbr8y9i14g	0eb5ca365b26
wbtxli9laj	7d87827433b8
wbvfmfo4ud	fcb8c8713322
wc0zg0mmyp	6bd7524889d2
wc20towri5	2743cd8f2b53
wc28k9a9y5	835abef7d559
wcby644hdv	cb7bdfbf7c39
wcjimzdnxe	36905bdebc88
wckpcr37eb	c3a8ff87a888
wcpbr69jr7	0288fb8285f5
wct0njd797	0a6284489c60
wd4h88q6cl	38ff72086084
wd6126gna1	90ee00c99ac2
wd6pazbyur	c63677f1f313
wd7b9mb54h	e0d099baf6db
wdkzv0ukf8	a995ea13f733
wdln2n8bbb	6308f8d639cd
wdmbdy25f1	d87363a9b6f9
wdoii7i7b2	174275df4598
wdqk3ncbst	74e8a2d16cc9
wds7ynxlcj	5fe2daf77593
wdyzw9g1ho	51730012ca3c
wdz5k5qc77	72480a2d491b
we2lwclgah	146cfd4d3831
we7b8vt485	caa9567ca44a
we7qka6is0	1c70777e8cea
we7st784xw	dcf77c4f12c9
we8ttth7ey	909fafb1679c
weahsay8a9	14aeeaeeee11
wec5j3lmmf	28e8394d3b44
wehp0d4e6w	52ebddad02bc
wejojk7a5z	ae8f2a03717f
wekv5n1u0o	3389efcadde8
wer2c8ugt8	69e70a1a5830
wesyt8cja8	5cb626c48942
wf6m53m8rv	d48d0833823d
wf6nwbmfq4	b9390617be3f
wfccsbg0t1	7d8176863aa6
wfijk9ohkh	56c2ea1aeaf8
wfkf1e2zcy	f4176c7996a3
wfklhecili	285a78c43339
wfy65ehxns	c060e93ec477
wfzs7t3k6h	59483235944f
wg2pqvg8ma	5dc2653130da
wg8elknf7s	666cca11cdf1
wga1ko4e8c	0a24657435c8
wgcgrg9ze6	d2703425ada0
wgiwn4ckjd	5765df3d7f5e
wgjhuomp6a	eee75cf853d9
wgnuf91drj	5b23720f9553
wgpnz5ha3l	462a70eb6564
wgyusct6vf	a98344b248e6
wh0v8pe3wb	a76525f3289e
wh40nxxvft	f5656f20252f
wha706offg	338651705ef1
whfrxvdshb	a8e7beb3c7f1
whoaqwhnsq	d2ed7ea7368e
whohv4nrxo	7a43d4bf0b41
whudoesvsu	9048f5c6a802
whxnmvyaw8	41e746c73525
wic29n45gv	1ca6fba38c70
wifl1ffvp5	546e9179ef3b
wip92ny7q1	ad2c055a99c6
wipdpjmquh	2dbcd5b356bd
wivbxfwwvo	4ab493fd6632
wjf4uu5h0	a2f12dc17f1c
wjfsaezhv9	c7c3772a0f43
wjftg8sdzl	b496db06edf1
wjjjxuroz9	4de7c9cc9046
wjqkzyn6kh	40ee5c8a9866
wk3mifjezh	ecff4552a418
wk6l96f1l2	c68f59257aa6
wk7hfhz2pt	32196bcdb429
wk9t6n083j	df302a4257a2
wkafxuqj5g	b222e81a5a74
wkgw27p829	dbd44b3e8295
wkpu2qbya6	9e3807601404
wkqslw9j55	4a4098c7bbdd
wkuwg5dyym	fa6b7f5b03d5
wkwnl9mz0b	45d6c396779e
wle0qbi7zj	3a8599a7f796
wlize4k0pw	dfcf50f249b8
wlldnvhyac	9a416c852c87
wlldpcsq03	b1bf04ec82fc
wlplvio03i	c221c584cd19
wlqmhscexm	cff6f573a2ee
wlshca8gxx	e3e6890f5d63
wlsl21c5n8	bd6b1c0e4faf
wlteol29he	9149cc100c7f
wlti3s01uq	a541df44372a
wm1zx34a5m	84ec9b3d26aa
wm3h2bn3sk	2d695af8f7cc
wm3i1vf3iv	f89dbfbaf4a1
wmexea4975	e55eaf28a9ff
wmomwahldb	012e0224c792
wmxmaeakkg	8b1754e261ff
wmysb6x9mm	021646188051
wn0thdkhmp	b4e3da981e33
wn8v3efu6r	217305f7b48c
wn9k6lpne2	4ed5237332a1
wnsbe7zdeg	3c26a02bb8d5
wnwgur50xk	650ca601ae42
wom01puhbh	b7df94821df8
wop7qf89kr	2c2ab069f849
wovdfms8tx	0634bd302901
wowby0nja1	5118af557726
woyc96uz4v	ed26fbaf9a7d
wp1agakhp1	b424a9d5ada8
wp2krtiyki	24d7587aa7b0
wp31621jba	d22a3decd377
wp4fek7rdm	62ebf9e569f1
wpmwkcl659	7271c470b0e5
wpotvelawm	22f141eb9498
wpsaqsqfdc	87f1079af235
wpszntavoz	f48a660faaa3
wpwqwk02dp	4af6669478d4
wq4pim3qbb	5b67034c89a2
wq9jf4hig6	c5fbd43d6ff3
wqe2ewm72c	8ca8ac7d1ee3
wqhxu496kq	952e03234ef4
wqkbsnmla3	588c34940a5a
wqol8p7gpm	41f6a20b5c12
wqtkl9xln5	2c3d81a552f0
wr5yvsc1yg	8fed977be09b
wrixj44nnl	dec1c395cf7a
wrncsptxqz	40ed41f6154b
wro4io9zv7	5069f282b403
wrpqe74h6r	30f21112338e
wrujluum9w	121bf7b7f6be
ws5ezngyqk	ea3fe0564479
wshjmprtb	b78dc2cdf0ef
wshnk8j8nq	4eb99a4ec1eb
wsiwp1o7tv	44517ab509c8
wsxue5jxm4	98ee55d340d3
wt29eyomfu	64bca765ea12
wt8v169gn2	a619d384aac3
wtbn17wlep	7dde7e94ece7
wtey9hjkuj	e8ce16a1ecb3
wthcmmrfct	4e81382af923
wtwr7w4t0o	b2f47051ae37
wu0ljpvuf	b37987a9667c
wu2akwm59j	b33cf256891f
wuby583hz1	145c12efd065
wuc2hiwp0t	0549c0b58c5c
wuq5kz0ohk	501f4e9ac472
wuultd0wox	05abec1f0b38
wuz7txdx6q	67292afd5a58
wuzixtyb61	79ec33b43e21
wv4yge2jmu	2d1653c8579a
wve2tcs8rn	941908de81ae
wvflznrw04	8e9ec8a09ea5
wvhmj2o39c	b2c233186437
wvj0umus56	b4167af5a028
wvjxz3vuwh	9274f10fddf4
wvkpeky6fv	602b9bf97f9a
wvqv8wtrdn	4ba646f03a12
wvrp1s3v7z	a95696137713
wvsz7wh5mi	712367fee6f5
wvw3gk64pr	7bdf8df83fd4
wweuahfmbt	4637b0f77593
wwkd7x2tcp	e986e4696403
wx5vwro9yc	099104473473
wx9u3zaw2n	d8ac256111bb
wxcrx7i6h0	1cdc91d73e68
wxcz6ev464	9aea2f48b9d3
wxfszbgs0g	d031051a6aed
wxj6u1w1s4	c9ef3d488f8e
wxjvs6mnrr	75ff035980a3
wxrw6ilc62	b72fd5119a93
wya16pi70l	81710df55d51
wyd7genzs1	aac16498e5ee
wyfr85b4f9	2185997f0184
wynb306ef3	3b2f4cb3a109
wz6eijb2gs	54d8626d48a1
wzf6c86s62	a74e2c60c8f9
wzjwqtr1d5	c3bcadea951c
wzn575g3qn	8299c3b0f730
wzpvv9wqf6	38d4d37abb58
wzrro7aass	08508c095d68
x0462klob1	6e3a3af7bee9
x06ui1skk2	7e47a03c47e8
x09en0f3tf	9772d636c5ab
x09u10iumi	1b365a6adbd7
x0afkc06nq	d25f367ab065
x0bht1keoe	0f21801fd9c9
x0cau4dspz	e273096247a3
x0el1qnu7r	04fafae7cf18
x0qp26hq3q	7fc6a156d085
x0vfb7sn7t	260f76038ce1
x0yerrucqz	1fc4b3a4205d
x10zz1f1lf	f3898306b2fa
x1ct9okj4l	c93d0b4360c2
x1gan58m1z	3b1c9ce61954
x1jslsbdu9	ee5f92184c6b
x1lzeunrlz	dbf3604c53e3
x1m5gpm3p2	98a329b0cc54
x1tgq4irpj	0e05b5d2701c
x1u0mqlje3	a1e49e71210b
x20mwoup70	3f899e1df1c2
x24b2nbkw7	0f33d8917899
x25j5tbjcz	fd9d124a7f3d
x28o4pm1c4	f525328368a1
x2hqeybyur	31432d2bd877
x2loq2teqm	c30a7046ff9b
x3ht36lywu	bcc356778d7e
x3i14515if	8134e0360531
x3ryjkg6zr	ec4e5fbe0a96
x43hhfhe1a	95e46550220f
x46jxxfyg4	e4f4fe7f7216
x4bgua3xxn	83d0d246cd94
x4bldogljt	e4b474dbdb94
x4fzyq4k19	689a42a98200
x4np26xjf5	28410a7001a0
x4pjrvy2wk	4da70516ffdd
x4s3s5ke0e	dbeb3b662a29
x4vq6qqb8m	9ab61d04dd16
x4xtj7w115	d862ffc55c18
x4xvf9hinh	c57c6fe61ef0
x59tljbvi2	e8a31375b4f5
x5adxwsn5d	b15cb486629c
x5guk5c69a	01ec0ea64c55
x5hgkqbxlf	aba03585a0bf
x5ho6olvvd	c1f4728b8142
x5hxls53pw	34b242e46555
x5ja28xz9y	c239b6a37979
x5jcz2y06c	150cfb01628f
x5tqpu24hb	68c191e8f7f6
x5xdj0yiid	ceae428e4ee6
x63shpvqy6	1f4b1ebac95f
x65tzpl2e9	e6da0be15659
x66x3lnp8w	022b00a8c2b4
x6c9m0aoq8	718b9ec58b72
x6nug6ml81	24eedc07689d
x6rpk0xkik	5ad7a9d2005a
x6titcdcms	12ca7f99fdc3
x73az671r6	43eeab672c40
x764ah4ems	893cf45d7f23
x7fb6t4o9b	a1ad89c3599a
x7k24v4nk9	7e8b12e44b2f
x7pku98wmg	be4d7b1949fc
x7w3gqywd4	014e65e0b4ea
x83hgs91k6	2ce6673d6df4
x85qox5mtk	c65b0292b297
x8dajva1kh	dd3a48c91f80
x8dfctee4t	b88b4c620165
x8wvdpmxsn	2ec6ce43d60d
x8yx440lmm	a796deab3672
x97q9gpjav	8d4fe5db062a
x98p4pug0i	27037050808c
x9dkd6hu76	e66ee9b8e0a5
x9idi1doq5	e436c113ae34
x9if39ktub	3a8e7e670b70
xa30m65a4	a78c6ccc382e
xa5v4nt9ko	e6c49bb14184
xa8qoq3dx	714b1582606b
xaa79zydll	f54eaa167e57
xaaqidmz3r	1be0f7409278
xaj412q1vd	b356fc3bb298
xas063r0pn	c76719f41821
xay07548d5	cdc491e97231
xb3t5d7bld	44b56ca0cd7d
xbcqt37ygr	2559414ddb76
xbdczlmls8	744e7dc38cf6
xbgovrkdl	930f9cd31123
xbj01o6ua2	04b09bb2aae2
xbm0z47v4z	bda842109cee
xbn5doxovk	1ccb7c215edf
xbq1b7xf6b	3791206e5627
xbxj3k2u7	d58b32becf48
xc1j3n2pol	da0703fcbb79
xc39lkmbd6	f429c6c8b547
xc5jg9dtbf	97bc91c6277e
xcceu9h3r	f3797a5ce910
xcdso4baj	d7f5abb78d13
xcro0yf43a	9dd85fe7ee00
xd1cgqf0jr	0e2dfae86677
xd7ugjn1cm	516d7cf1f9ac
xdetdk78qj	eb36904c0d2b
xdl11fm41y	6e1e3b2887bf
xdnmru06c0	e03390663f59
xdny7t3eoa	53bcf611afd4
xdo7er5yrs	53c7be526a71
xdr8zpy453	ed9997679e7e
xdrdamsbp4	fc0ff8234cb9
xdrji7cvjv	d45ef99f4567
xe0fv523um	14352f1845da
xe5bpvk3vi	84d3dc77c399
xe6enzsjzo	0f3ca03955e2
xedwksm0t9	5758a2d230b2
xeqsqioqn7	b1d0d688f87b
xes048bdvy	621f5db5bb54
xeua9nuzn1	752f4f0e5a88
xeun0t5gss	7e475f649b82
xf2kykwn04	11c8207568a8
xf4kbu8i1r	33bf77878402
xfclw9eiqw	1b1d87171d13
xfhzl38g10	d9db8bb927a2
xfj3qqf6yf	69be287af91b
xfn6db80z	c2b97aefdff6
xfnyno99eu	e4ef7e9c0c33
xfour5kdp	64bf8c2eee53
xfu57dsoan	a418b485f39e
xfxi7v5e06	a6c805e57d6a
xfz86ihnd1	404001c06e8d
xg0spa5u91	ef73ca693f97
xg11bdi6m5	9e1074ce15cb
xg2ri5gaw4	f5e5b5658aee
xgd6js6s8r	899c567e60aa
xghbnacvng	a27cc2f8f9a1
xgoerfycg9	173e54b88f73
xgu9ozvufh	f784005575d9
xgyjjnhjmr	af20ce61c5b1
xh1acu4zq1	a1b77a914d36
xh3bcldq0	9cdf5dd7969a
xhe3mcysfp	cd2f137ebb99
xhhdhfc979	c6cb8bc16d11
xhkkbspjn8	874225d415d6
xho7b5espt	6ed389471dca
xhv3sma3gq	22ae4b0df67b
xhxhbwwz6m	fd575e74f6b0
xi0vecqh6j	3039365fe590
xic2vmwe1u	22f3efdfe8b0
xihqvy426w	10e6155112d5
xingkghx1g	52901bb3d067
xionmdu8d7	24ee16f677a5
xitw3lcg5a	8a68dd73a06d
xiwnkjumfh	d686fe1294ec
xj1h7nt6ai	8475b59798eb
xj1srg8tro	334d61464cec
xj5u8ct02x	f084f4423dd9
xj6yoigyfh	8f969c188192
xjdeni9jrx	f5e96bddb088
xjsmw2enb9	2381820c34a0
xjx8x8f4do	ff87c75e56e5
xk653nmidv	25f4af4f824c
xk6mlj2xdk	c8c51a4c0b7a
xkkjy7qfyj	9cf36f6c2d4b
xko1qe5mtz	051369e6b3a9
xkrhhxiyti	dd5e1076a7be
xksk2ggxmf	55f7d43c5eba
xktr10lafo	210cf1e4fb65
xkuptpr9d6	170b1aff9fd9
xl1y3xkxpu	cb850ee44035
xl7dojvmr9	528b3b77acc7
xl8w87ar36	d7617c8ab883
xlclf37zir	978cc6fd17c8
xlfn63r3f7	18908312894a
xlmce728c5	356f06a4b44a
xm86k62d6d	10f153f67439
xm8vw8ercg	68a33845be77
xmex0awuk4	44e03539ac5a
xmodtxq3e8	16399033d3cc
xmq6mfs3um	2fd67f13152e
xmrypj2t3v	2b861540cc85
xn8ubing3g	d64f01549bbb
xnevi17zt	ebf3dd748acd
xnkc5y6wsx	20e4237819bb
xnmqa7ymxu	be7eb1063749
xnyxvepnt5	d44310551510
xo1czqor9q	84888f11b454
xo3jppj3b6	75c9f2857ecf
xo551l0um7	036fdbfeb9f6
xo8h8opm82	6c260c2f48f6
xoaj7wkut8	04919cb6212f
xodspbowmb	adf444c21f8a
xomb0is7b7	b0a3a35a5873
xoowciwiks	fc2854b81f23
xorbbpcryv	eeb91b50ecc0
xos7707yam	dfe5945658c2
xou4fwxsq4	cd25f6dd5693
xov210r31d	20e69b6469fe
xox4k1gqpk	cf5e9c9c047c
xoy6975p9f	a9d6072b53da
xoyl32k2eb	c42142403046
xp0960teqa	7d67be799592
xp3o4s18x6	ee9fa1eb0453
xpbptscffm	57f1e6db13a7
xpvpuscskz	4e478713e534
xpz4r18of9	5129236d80b4
xqake4kl6v	e04e66e1f569
xqbasns394	0f24b13c4398
xqf1e5ebhu	3a15a432e08c
xqgffv76ks	0def7b982dab
xqolrgabb5	a61f0989ed6f
xqukxe9puk	1091f254617e
xr0a7abv3k	c0b2a1a83ec2
xr7fupdoqv	8dafb6d3e2d8
xrhri2utk1	bb5dcdd55fea
xrj4lr47bj	f2d261dc9b78
xrsvuw8j8v	090c2917cc8d
xrzngp1ekb	c57cb65b1b3c
xs4l5ib06j	4fc690c8c327
xs85w7hh2	6ab51b328344
xsfsxkr5ox	59db5650f127
xsgehc4x8g	77a433b1a32a
xsgmhukc8v	26bd6bc794b7
xsjct5a02b	863326dec8c7
xsynqu3a7o	13515a298292
xsysxr2mtb	714992f0f4f9
xt1gsuceho	d3c3b8fc781b
xt63p778uq	70611aa953f6
xt8c9axaa9	d2f3f5754d62
xtlpu3wp7k	b9ba96e4e257
xtoohnnosa	c8e26067ee8d
xtovnhn0l5	cf900c5efbcf
xtwmyyzun4	8912da8f57c6
xuaiwdp7u7	d7139b024ada
xuc7s3mnb1	755936b18a74
xude4ehpv4	f9253b6259e9
xuvumm02u5	d27ed8aa77f7
xv076wvyjt	7f65e35bbc62
xv1g74lioh	82ff04dbbe51
xv5xm03nbd	8c5ac31e14b4
xv9rwwgzsv	cfd4dadf7895
xvb2bzlso5	bea1d0badbd3
xvd9ghviym	083a17a49c46
xvdyfbyr4k	c7865104493e
xve3fbvmo6	8ac19990f4f0
xve8pght78	fdd1b98e4dbc
xvfd8pe0ee	4be30fb16056
xvsv6iq3w	e503c91431fe
xw2etx7c5t	bf9fc77e309b
xw5a0qqg6e	cae8d0cfe6c7
xw5vx1rn4u	0c2852047876
xwpjdqfll4	935617462f5f
xws8zpo35w	a8b67353df63
xwtcumbmor	39ba4dfc71c1
xwtif8ikk9	f389a4188fea
xwuoz4juz6	3ffd76a976d3
xx3fg2hk2g	e7c4b37ca4a8
xx41zvksah	66c22bfdbce5
xxb6eexq7c	2e491c0abbb6
xxefff3pkq	ed4e7d45aa71
xxfc9ohl8s	3df7a2038b01
xxhbezk0dv	f8acc658d743
xxl6oyc5q1	44036794eed6
xxn9n9x1rw	1e858b88e745
xxowubk6bf	268c0def9f23
xxplzqefmo	419b67636369
xxqjindyzr	15ba174180c6
xxym1hg667	d425584c8737
xy3cmb1f2f	73a7db732cad
xy6cr5xu0j	2b1520f56e76
xy7gql0kyb	1f2e5b39368a
xyc9r7wxjt	68f2905f574c
xycf43z7d4	3377741bd67b
xyihnal2xi	a2614ba73409
xyvskbk8b1	9fb52870d432
xz3fipjk5z	db332dd2c52c
xz4dwxrouv	8a830d9a91ce
xz7sbdsep	00066b94b324
xz9etbkz28	85430025ecbe
xzb8vs0zho	c938fc0a7673
xzbheo8axp	6f157e4d03e9
xzgi0rmdhv	83deb9073bde
xziejpd227	1b1a5df0019d
xzjamd3nhf	1e87f897fc76
xznraemlla	de9012dfc021
y00a61tp01	5c0aac31c2ba
y04v88c5pa	9cdae8cec2c3
y0evdqia2e	d842e84759ca
y0fsd3zndz	e743c19cf78e
y0lvvbd7pe	58032c20ff9a
y0mbvd6j5t	7de98ed0df5a
y0n1szilaj	a02158170633
y0ne0h4a2m	4f380b4d94ea
y0s5972ue1	e9b551cd3a33
y0tvshf6fv	6a22dc873237
y0ywbsj5cu	886d9c13f7aa
y10j0vamvc	53de677136ea
y13b3b3b03	4089ed400976
y184llg1yj	4fc74ed71df8
y1d8j6q2yp	982a0b98adae
y1i59gdec4	4381437e57ab
y1stncoywh	d562fd604387
y1t6i1cgpt	572c91f7b84c
y1zj214vki	ba35709bfa37
y28r7omwxw	50a74da5f1cf
y2ad53ypfz	68137f788604
y2e6s5phtz	83b929f7ebca
y2pencj2jx	1affbb323700
y2q1uuop5x	68ed5630cb77
y2reiqm2rs	943b804b842e
y2ypaw2hdh	d972550e4ec9
y3dqm3cd3l	d5787405fa72
y3h5ey5vl8	dbcadf0eb921
y3i7k4ngbe	59a17be677c4
y3j8780kds	71540ecff00b
y3jm42dexu	2c5733d13fb4
y3kyvme3pm	daf41c728b70
y3mqfepll0	4b228b633be8
y3v65fhh8e	ac985508f6dc
y40k78gi03	a9331a90aade
y43b3d0c03	92588bf0b8fc
y46kywhjod	cb98e7d04020
y4opvc4eqh	2ce538d2676a
y4ryy48qxc	ff5c41a79fc1
y4tsahgpxd	41cffb7df9ed
y4y8bghqty	c5fbe16843ad
y50p90mx20	d46750454a08
y536umnz3s	1d2e3b116f24
y54nlo905m	10197464deda
y55nsx3xzm	5e6c1874375a
y55xt21790	8c9835e3d3f8
y5bgum601f	d680dee4e44b
y5cd9xkzcq	6908d09bcc12
y5d1v8hmnw	b9b0e53b2664
y5g28g7wmx	d5840692540f
y5gezs2r8u	e886eebfd079
y5hmb6gj7l	c4bf3e00a65e
y5nx31srh6	257ca08d6958
y5onurxucb	dceb040280eb
y5tzwinkfq	7f492269bd69
y5vqlc4gxu	16ca6b990c08
y5xhyoi7ot	7488d68b260a
y64fhznogh	d771aad6a8b1
y66x2sy4n3	0ae91b0882cd
y687rykr3p	f96d8aa82514
y6b3t5v9f5	587f9e586aa7
y6dbusxd1n	6b10f239842e
y6e4ap47gl	e6f90eb853e8
y6fy0mojfx	bdacadfbbb13
y6osn3j52w	f44f8d34dc46
y6wtapjo8e	f8b2f21e2a96
y6y00e71hn	0329085ec07d
y6y3aqwxjp	a0f5d434ed03
y76kukltlj	3f77685e0b82
y7904pdnbd	881c16129338
y7930vydm3	cc5ce1c5ee43
y7ewuvlzw5	1b0d63f05dab
y7kd2eyimg	a86149ddb6e7
y8kzyafyho	1c8360c4c9a4
y8lhixj9ty	3e128c870970
y8uvb4nlbc	78987489840d
y9clt3dhcn	af38902b520e
ya0933ioew	8609fec321d2
ya79sq9g63	f76892ca1756
yan86jtcuy	81181938a7c4
yawd6obwia	5ab566f98937
yaxttvwzid	6cf957161e52
yb12b7qw0q	d05a5f699310
yb2oo7wp3e	a01982bd0d47
ybb31zlmk1	62583ba2c887
ybd865h7gp	54057fb87706
ybf79nvjob	f760267c1609
ybhb5n62q8	11bbcf93aae6
ybjjd5y7cy	cc37b72722ce
ybjlgilern	b6ad1e46eb5e
ybni45n6wh	8b08a7aa1656
ybnr8gvjv8	a0ca1a13e8da
yboz21qcwl	257e720af619
ybploef1wd	f120e24d888a
ybu5bhrmuz	29ff1409e27d
ybunbalouc	9e9c1e537336
yc1rvpmji6	fefceefe55b5
yc42lptrck	00d55ef67634
yc5vcbodx6	863882450a9a
yc861b85rr	0da07bc41e46
yc8um23xk2	12f3a11b87af
ycapstdlam	a6a08a0f7290
ycgfpexwmn	362b34ac1d46
ychsh9n9bu	fa8d030bba3a
ycjzfu5te9	af683e1df719
ycndgszyv0	c5d5e7ea3757
ycntwiaqfz	c9c9ff715361
ycopn0joob	0cc54bc375fa
ycp4sh040b	b97a0d08f38a
ycubs7zoxo	6d79546c0301
yczfhtidwn	797359682f34
yd2qasdy9x	5431ffd08c01
ydfstxkrsi	5e52cdd9871b
ydgyaezi0t	75154cd65e03
ydlbj3pa6d	340b7c420956
ydorqpvx77	53cc40be0636
ydr7l6f75a	198c17da7b5e
ydyxjs324	fc81ed5f1dfa
ye328htrdl	bfa08f63bfe1
yea2oj3dwd	ac142f0ada0c
yec0xnuudx	0dcf68779e3e
yeehivmsow	01d366c672e8
yegwft02rp	cbf139dbf781
yeq765l0i7	80c80124d3c0
yewjjm7asr	4ab077e769d8
yewq0ot4rc	45dcb9283644
yey1nt6mt4	5616f101ade0
yfntbvdji3	165528c737d8
yfwihelqg0	3c7dc4b45da6
yfwyujuwr8	17200f8b3072
yfyak9jcxu	a51a5769a567
yg8swn4xo8	a29bdf379ef2
ygek0ud88n	fd5c79e61898
ygi457xymf	e25d011f6eff
ygv3oos9bb	d7458893e5c4
yh92195l8k	d5fca78685de
yhcq8fl8eo	912a84c95902
yhd3p9ebxa	6366c5f511c3
yhh8mckltp	0d4648cb4652
yhmf87zuvg	f8610d5ae9b0
yhv2t8t6lq	2d437ebc1f08
yhv9jzsdqi	11d0669d6a62
yi6b0601pb	89efb0bde9ca
yicdonk41p	20fbf611219a
yifvdn7g48	c1fd2e5df47c
yigink6vrn	bfc80f25e634
yio1d3uky4	5353ae11a272
yisga2ualv	3c3292e7ed41
yj72xycs21	d878d0643741
yj7xlyejj0	56fc246e386b
yjc5moia8v	8964047e74b5
yjf4t2jmj1	c2cd2035fe47
yjggtmolgx	1c4e783ceb7a
yjs63qxp25	ca55678d3ccc
yjtgvpmw46	a4ec60a87b84
yjzy4x9gh1	df17e9fac714
yk24r8j5we	f5de988f4b02
yk5d5gy9zq	d3eec918309f
yk5uunvpzb	687cb7890481
yk6r5s8mjs	9700d575d08f
yka9ihwi8f	c24b0fae72a8
ykcsuzv4pt	ab3075e8f530
ykgivmj76p	4d8baad78d75
ykl8eb7emm	3db7efb359ef
ykn8cy65qd	4d05135e4a93
yks5bwy8t5	143a740e7743
yl0sekzqj6	e426c4e46bd1
yl16fjy6oe	b1d6f86fb783
yl3g386laq	22c8c1229a89
yl71ghn23b	44792a5b2f20
yl71us8mkq	dc40ee455d26
ylc6cosmru	485ad82cd851
ylcnmn3nc5	c4e6c7156ee0
ylfwobhhz9	ef198f591cdc
ylg8g1uv8z	e2f6228f44a2
ylo40t36l3	3485342230e5
ylqtdlrbv2	f1e95c70b380
yltcxevrpp	5bf3f45ef93b
ym4l0qv9w3	c7dd0b451177
ym7l3dxt7f	e283afbc7f51
ym9h7q69vc	c1c90abf0399
ymfz5hgf7j	ad070fd2e4dd
ymyltv29ll	a031a51a2ae0
yn1zaw4wl7	8f17887069c8
yn6457pk2	c1c1a577e111
ynlevsu4yd	c20233f03cec
ynn1wfjezy	1767334f7865
ynpylza01e	5392e02d1c71
ynqtkk2h9l	580b356de471
ynuaqhbh9	397f7b8f3c96
yo1uaxgu97	4be14a333d5b
yo918n6w48	59ca2f31a938
yoeour28ha	f5ecbd6a76f3
yofcz5gw50	a01facbcf574
yoi523e0i8	546d29a20212
yom9703ba5	9aa6f8908a98
yopmpxqr1z	d48493cc6bd0
yorybmc6sv	a103781372fe
yp03xmnzh7	a884257d33e1
ypau7efbau	80ff84923202
yph1lwcvow	dba97b8eef32
ypk92liaq6	8b14d668f0ed
ypm7i7jeet	4b27ae5c87a6
ypmlgg0v4p	3842ff6e06ea
ypvqwcbnvy	137fac531204
yq73r4psqp	ef2c2f9a2a9d
yqcp7ss3i6	486c1aef26ce
yqip6e8ut6	f96530971dd3
yqjd24uzf1	0f3aa48a1e6e
yqk1azqdqu	81c8d7ba0bb9
yqk71t17az	a2bacbb15a14
yqpj1ztksp	c7ca0174e3a0
yqwctgs59h	f2035b83698d
yr2w78sdq9	f986a47802ad
yrfsdcpgs7	986111b9504a
yrg9e700cw	f002834b0f58
yrnxiei7at	9c7a20666494
yros2hrdf9	3c89a7ecf04e
yrpkh74am4	30dea523ef05
yrt4jf5wyh	4e13736f35c0
yrtmz3qvi2	41221a15c66e
yrurb7wgsj	a3872b410365
ys531e7hi	dd6f33319513
yslww24lub	111f4b6ca1ab
ysm3050dbe	461b0364143c
ysqm7b06ks	88f88ab3e097
yszr1xkeiv	d1c20260ab24
yt65vv3vbv	5b8d83b7f35f
ytf4o8mfm9	e1a4b1d6e1b1
ytrnkelxzg	c3fc77d35da3
ytzxo5cx0c	5716c3be95e0
yu9p9q678k	c6d584f1e47a
yuc499i83j	0eac8a343576
yugpxeznts	05d0ea4ea4be
yujnjbaz3j	74add5dd5165
yume9eu0i9	45b1d2098b9c
yuraeqw02p	d8d38a2db19c
yv05e3ik7	b61dbfeaed3e
yv1djwenp	14919bd2ea8a
yv4j2yt8s3	64d3740abdd7
yv5rpocvx6	65a9d4be2656
yvfy3n659r	88ff78c8c43e
yvhcaovnib	d58ab8d47c7d
yvo2e756jx	b81b0f0d63f9
yvovcg2cde	a237ec054898
yvqyptb30t	28bb6796d1bf
yvrcr8e939	f0b06ddfaf81
yvvx1rhhg7	1bc56b72f659
yvyxr8fk58	bb78f863f37d
yw0dvb9umj	660f397a603b
yw5pqyvl1g	ef1582fcbada
yw8i939ywc	02f6ad3ad2ee
yw9u6eglm0	797f507a3885
ywd69fevg2	f479d3e4e404
ywf28onywq	6dfcd090bbce
ywfhh9uxfp	7aef348d3b05
ywn02s4m7v	12940720b53c
ywomt9prvy	bd8e6dd9d5ca
ywoupcvz70	20356fd0be2c
ywq43dy20	d8273b5940e2
ywxz4ey99s	d94aa325eecb
yxi649kejq	ae92e4bffa16
yy7p0hj8jj	a288410e7830
yy8kr9y1wk	158c70fb224a
yylb1b3v1p	36dffc4c4a6d
yynfjdnf7e	19d868fbe23b
yyopj0lsv7	b14db9147a7e
yyrax9bfba	77d1fbe92997
yza3hcj17e	ba3043d95898
yzi3j8cayh	257e74b86734
yzmv3hseqr	8daa4fb505bb
yzq5q33zfr	7d2a4064cd37
yzr4iofe8t	6911942e56b4
yzswuh6531	3aadce7c16eb
yzun93v8dh	b5442822af19
z05e5z658p	a1cc9eba6a27
z08fc8dhug	261805094289
z08rgczw2b	d3e91b5b3e03
z0boddxv9w	f39fdcc23061
z0cwzr71je	3a37524612d3
z0gls5vctn	38b184a55cb7
z0oaiodolg	5cf48755ef22
z0tyq3wokb	161a978a7e8e
z0udto6ytf	c49e2454662b
z0wsb65pgg	1545ed1336dc
z137ryswng	7b57852eb7d5
z14p9rimfr	86d8c681f9cb
z1c2b95gpp	bd3c5d01522a
z1c7t1z3ux	19b76520a120
z1j45z028a	9f334850e041
z1nn0jw5an	5d156c60199f
z1ov2yt2yz	6d7ea896f9cf
z1qowwd78b	8c04bd4e8097
z1wsgxn2ta	57891382d611
z1ykv51gn8	f338c6611e2c
z225v5rp9v	874942115e69
z26i26pqz1	80a820e341cf
z2759yise0	c1724b17d581
z2dvnrcds3	974bbf48726b
z2g3ednk78	64ca39a61356
z2lr4w2fln	fe2e1108509b
z2lulcwwj1	a2eead449c8b
z2vtoch6an	a7cde0a713ce
z2vzl61oul	465d02587481
z31o318h9q	14dc0b92f253
z36g4uvxc1	71e7da9d8f7d
z3bhscm996	a40a3de1df30
z3exlgd934	30f21112338e
z3fd96aq44	642b307b0dd4
z3lrkfwilr	09214da04a48
z3q6fjc9rr	81c12f144238
z3uetcwx7l	92bef5f7d20b
z3y1uqq7yk	f978b17e4295
z41x2f32he	8dfe69a167c6
z4ikzmr6tx	c28eeb390440
z4jytw8wof	2ba11a98add5
z4w8wga4ed	9c1913a449df
z4wth1u9qb	24a84a1729ab
z4x0470h1h	b043e83dfc78
z4zc91os30	79cf988eb5df
z53mc78but	aef8fe158033
z5kjtc23yt	34f50a8ee1af
z5vgic7a6o	377c844b31d9
z5wrww2sxl	07edc8acbaf3
z5x546xjyp	5455262ce8c5
z6cie0hmai	b52aaa6d2779
z6dqdvtm39	e9cd5808a4e1
z6e78ya39m	678cc4362a3c
z6om3cciu6	dd3495b860fa
z6oqv818bw	55df434c8e1d
z6q7nn74rm	9e32aeec8b7d
z6sgwn2ehf	3a1d09a5fa5f
z6w5jbw1ej	4fccd5392828
z71o6jvci4	21b3a6b297f9
z7648g088j	6ab3d29d207c
z7enodtzpo	f38125e37b34
z7ut0ie3g6	8eec7bda31ef
z85h7gx8ba	46c445eb17db
z88n3q152o	e360ecc50fd0
z8cj0gnk2a	bf7043f49ecb
z8lb1z55qa	da2ac6b6c994
z8ori70wmu	92d396b0e8ea
z8p3nwqkny	932b98681ad9
z8pxjxdx6l	5082dbf3dfff
z8stg6n6w2	e30c38f0ad7d
z8vd2thz0g	44e80dcd9c43
z8xck0kjme	821aa821829a
z90u74cb6j	afa48d5cdb92
z917sh3xt7	fd551e0aee8d
z9btrjz8ia	c5f088a17f74
z9cu1wi2sv	0b0537b0f1b2
z9hnfnyzmn	6e6e66d40f19
z9htm9ellp	e9d9330e9f59
z9i60dvbrq	3e2cb2d378f9
z9kk1h5g0b	1448593b37f4
z9m2ekc7vq	8b2d05f2a0ed
z9prgqlqxi	23c03d528901
z9urx7wvjj	3980f31e3561
z9wnv6henb	8a4b6f8737b1
zai6jm0a1e	4e7833cf0b49
zalx2727ij	84f68d7e4896
zanow5vgvb	9ffbcbf2c0b7
zaqjjllvje	8ae67dc278f5
zaqne1d8ht	d69a69555aae
zasxlh5j0a	7642f9482298
zb4l3xkgcq	9b79e41625ad
zbcmyjycnp	48f580afba90
zbemjwmbfu	4e55c247424c
zbjckrunch	acdece407d39
zbkql23ys2	04a129c97af6
zbntcp10yg	e470b284738a
zbtgpevpc6	e601550de95f
zbvc78bs0n	6e38a8e23ae3
zbxpf9a57a	236c09ce1a19
zc4nkta4f4	7ee06c321778
zcepm43s99	020b2226df71
zchn06vjwt	26f63f8602bc
zcjiaizipw	d88493b1af91
zcwckdjqa7	330b918cd48d
zd1vqp2kb9	79a4df7c298c
zd2vh1f1eg	e9f1219cb141
zde51civta	1a51afb7f078
zdfvw4fpzo	13060654e1a1
zdxtk6j36p	a37ea167db2c
ze3ffpdecg	414aae257a6d
ze5632ciuy	d724c9971a65
ze7j46ni1t	2cc9acecc101
zed59todpp	5afc40519cc6
zef5owcvn	ed23cee7d347
zeg9fnqznt	df00e2efb941
zek4y1jhrc	29bf73e1a312
zeoppc2lgz	fa82d211247c
zf098k44lg	d66637b3770b
zf3jhlknow	1bfe7e8e5b25
zfb53834b5	c7411d169ea5
zfc5ci61zn	c4108b8b4cf4
zfn56r8k9f	460a13a2d22e
zfnwdg83zi	85c65f896353
zfpxb76i20	667d855fa41f
zfr03b89o	3f1f60dba2b1
zftw6t3i4l	008b2f1010e3
zg01855rdr	eaf2989b0a10
zg0w1gngva	df3037c8bc85
zgk9ca6hhc	5dc92cba8b1e
zgzqkc8dkt	ed8567f8c267
zh5m402fci	d87b771ec183
zhfms0w3zc	048b72ee91d3
zhgvm99f8a	909f3739826f
zhmzb28oh3	6664bedef54d
zhoid60a8z	d2cb214113b1
zi0xelntvs	5b9a82fd3040
zi5pb7n612	b4acdee3e468
ziaawfp2qp	5a3e996e9940
zinxjmqhj2	33fd57773e68
zirh52h5wt	e96ab2dcaa07
ziwulnicyf	3067a0795d8d
zj2zlpiryp	b0360a0acf5a
zj51hol9wt	4dea8859a67e
zjajiiqbkg	7d232342fbeb
zjb580ivau	2353173ece7b
zjeo445co5	46c011fd4ed3
zjfsrlknex	d4f1ffb5e91f
zjpzn3jk32	928a17299d21
zjrtkbvm9t	356c1ae8524c
zjtcczqwx6	f200c228a1dc
zjxp72qece	81a7dd7d0caa
zjzmc5qikd	f23bc2824c83
zk16827w74	10bb8d0b71cf
zk32upa72k	02f356daacac
zk5r0o5s1m	c74ff7a0754a
zk6abjybjd	e07bb049b943
zkpk8gzi0g	47c41e53065e
zksy6hzxqq	87b15bffd226
zkwnduk28n	2791d076e6b2
zl7s0y2i09	6604c107aced
zlqzmizn2u	ad6357309d11
zm13ntk69p	ef6eb17acbad
zm1t7c3y49	014e9d3f489d
zm2ekq6bmx	50ad1e6d78f2
zm8ezgvqrt	a601c6f35de7
zm9g6ot8zs	0fc004936fe9
zma2gdcf34	6a798cb6384b
zmcq48d01	2c72c1220c9b
zmg92x7ojk	d472f6ad6a26
zmgpbu58pd	5c4210b1dc40
zmgsy9rwfy	c4942e490fb7
zmkbk9q77j	260c230b322b
zmpmd6bv2	681ea8e7b145
zmqqtg7yla	de4c41ef969d
zms0xw5n1a	7eec73556821
zmxkiwbva2	caff7c01d6cf
zn1eita06v	21868fe428f1
zn1ej0luu4	fc6f4238f9d6
zn2s905sxt	df7873f3ee87
znab6vyfhn	8a715307c57f
znecgma5wk	fe4037e3674c
zngg0k9cjj	799604ff0fe5
znh5ddn9jb	898bf5b993ca
znhdqam0mv	995854540efb
znizgl1n5y	f87e69ac5c9f
znlk3joqda	61300e581af7
zo0zqup5v9	c3df6bcce65d
zo1rwyo35w	935805ec833e
zodp1uv9ra	32a0b69d14ac
zofnhpkrw	6e952965f0f3
zoj3pel4lo	7958d91b001d
zolbor7fsl	48f6fa0fe7b1
zondixv3nw	2ce39499fd11
zonnutad8p	988151e029b6
zorrp6zskl	0efc5439abc6
zos3riggmz	6865a82bb460
zot55g0ab5	33bf7a60fcae
zozk0vzqj3	18c2281ff63b
zp9vbgjt1m	a0caec98b39c
zpcjns2fbw	6752be8894d1
zpgdpct8z0	0ca9d95a0e80
zphi4589h6	ce705eadd320
zpn7n6efur	a2cbbd51980c
zpnlm729xt	95e909037667
zpqtbvo1ad	e63ee11c5364
zptdou989h	21e1cf2a0c16
zpwsjoxeru	0c696c50aca6
zpxihuxcvx	2e677bd98672
zpyf6ydtbl	a8fc9501036c
zq53akapv3	8c3d856dc20d
zqdbgdvvhp	69490c2f5147
zqdk8fahob	ff2cf8a06f1e
zqi4h3amg	09e352162479
zqjgpmxp17	d586f46f167c
zqsj3maqai	e6c49e8864a7
zqurkzbqq3	c6e7fb4eea1c
zraadt59t0	8279d1e58750
zrhnggf3r2	3d8ee0b6ffc7
zri22ir45w	217ef2949f04
zrlguyjrbz	7d714d09a673
zrn4we79p7	4c320d9be7ee
zron64vsst	9ecb0ee1d26c
zrp17u4p0v	453f4d7aadce
zseb3f0sit	9eeb3a410494
zsiuicaamy	b69ca8cdb456
zsov2vtdsi	0b7c80dbbb14
zsx89xfdcy	38e673069ea0
zt0byzomne	0511f2ad5457
zt1kmakhbu	160c938a291c
ztpcik2slh	79511db4c297
ztuqmo38h4	f8c35604423a
zu0sidhgdm	651dbbaee6c0
zu33thbtef	a646f31efabd
zunioocde	6206d9b85de5
zupzs4fhkl	3e6df660bf5a
zuxo780ssy	ccf8c97bf80e
zvbd8fksg2	20e54bbadacc
zvfj059qdz	4732262253b9
zvyrz2g33r	2095b6431e81
zw5wv4nni0	5cd23cf2ecb7
zw6sd1lk5g	057db70495f7
zw9cv2un2d	9e14e3bfce2a
zwbfssrjt6	d04f23543cd9
zwcn8x7gu0	b8891095ad09
zwjuavuvk6	67fdc0aa730b
zwtc2eme55	8d7cbdfbaf9b
zxdz8ik8nh	f48860a6a446
zxeo3b3wbv	1eb28263ce69
zxeuep1b49	640299e64687
zxmeczu0xg	fa71087457a6
zxom36brzl	c69ad10adc70
zxr8b4qln6	37f0bf8bd147
zy03b8gl91	f90aea5167b4
zy7mz8xas6	1559d386237f
zydgs4y0a8	53c11be504af
zyeyojovc1	f0563d25485d
zyiqurinjc	cb087588567b
zyk2a2nt06	d9b78e5b4f21
zyov4qihic	428afa55e7b7
zyp3f7fpn7	f5de1e956975
zyqrhuctg9	b8e2cc82bd05
zz13ybecz9	26c58b497735
zz78jz9grh	1a6792188a53
zzbe7cr7q3	07b3e267cbec
zzfyab40hh	0111810e68bb
zzj3aqvgz8	9f1893b26979
zzmuk9jcm0	18f6393ec6c6
zznoo3limh	3b45358fd4ce
zzu58kphnd	f5b4d3fe7458
zzvgzum0yt	0d88f6802380
